DATE_TIME,BPOS,DBTM,FLWI,HDTH,HKLD,ROP,RPM,SPPA,WOB
1203152301,-1.007869,-0.872063,-0.199987,0.725407,-0.619819,0.086067,-0.471395,-0.535100,-0.208649
1203152310,-1.007869,-0.872063,-0.199987,0.725407,-0.620978,0.086067,-0.471395,-0.537811,-0.208649
1203152337,-1.007869,-0.872063,-0.199987,0.725407,-0.619239,0.086067,-0.471395,-0.538797,-0.208649
1203152355,-1.007869,-0.872063,-0.199987,0.725407,-0.618080,0.086067,-0.471395,-0.539167,-0.208649
1203152364,-1.007869,-0.872063,-0.199987,0.725407,-0.621557,0.086067,-0.471395,-0.538674,-0.208649
1203152391,-1.007869,-0.872063,-0.199987,0.725407,-0.617500,0.086067,-0.471395,-0.542124,-0.208649
1203152400,-1.007869,-0.872063,-0.199987,0.725407,-0.617500,0.086067,-0.471395,-0.538057,-0.208649
1203152409,-1.007869,-0.872063,-0.199987,0.725407,-0.620978,0.086067,-0.471395,-0.540769,-0.208649
1203152418,-1.007869,-0.872063,-0.199987,0.725407,-0.618949,0.086067,-0.471395,-0.542124,-0.208649
1203152445,-1.007869,-0.872063,-0.199987,0.725407,-0.623296,0.086067,-0.471395,-0.544466,-0.208649
1203152454,-1.007869,-0.872063,-0.199987,0.725407,-0.618949,0.086067,-0.471395,-0.540029,-0.208649
1203152463,-1.007869,-0.872063,-0.199987,0.725407,-0.619819,0.086067,-0.471395,-0.541262,-0.208649
1203152472,-1.007869,-0.872063,-0.199987,0.725407,-0.619819,0.086067,-0.471395,-0.542247,-0.208649
1203152499,-1.007869,-0.872063,-0.199987,0.725407,-0.618080,0.086067,-0.471395,-0.540029,-0.208649
1203152508,-1.007869,-0.872063,-0.199987,0.725407,-0.616631,0.086067,-0.471395,-0.542001,-0.208649
1203152517,-1.007869,-0.872063,-0.199987,0.725407,-0.614602,0.086067,-0.471395,-0.544096,-0.208649
1203152562,-1.007869,-0.872063,-0.199987,0.725407,-0.618369,0.086067,-0.471395,-0.549765,-0.208649
1203152571,-1.007869,-0.872063,-0.199987,0.725407,-0.621557,0.086067,-0.471395,-0.557036,-0.208649
1203152616,-1.007869,-0.872063,-0.199987,0.725407,-0.621557,0.086067,-0.471395,-0.570961,-0.208649
1203152625,-1.007869,-0.872063,-0.199987,0.725407,-0.620978,0.086067,-0.471395,-0.569852,-0.208649
1203152634,-1.007869,-0.872063,-0.199987,0.725407,-0.624456,0.086067,-0.471395,-0.571577,-0.208649
1203152670,-1.007869,-0.872063,-0.199987,0.725407,-0.623296,0.086067,-0.471395,-0.576876,-0.208649
1203152679,-1.007869,-0.872063,-0.199987,0.725407,-0.626194,0.086067,-0.471395,-0.574165,-0.208649
1203152688,-1.007869,-0.872063,-0.199987,0.725407,-0.624745,0.086067,-0.471395,-0.577493,-0.208649
1203152724,-1.007869,-0.872063,-0.199987,0.725407,-0.627064,0.086067,-0.471395,-0.580450,-0.208649
1203152733,-1.007869,-0.872063,-0.199987,0.725407,-0.623296,0.086067,-0.471395,-0.578232,-0.208649
1203152742,-1.007869,-0.872063,-0.199987,0.725407,-0.625325,0.086067,-0.471395,-0.578848,-0.208649
1203152778,-1.007869,-0.872063,-0.199987,0.725407,-0.620688,0.086067,-0.471395,-0.579341,-0.208649
1203152796,-1.007869,-0.872063,-0.199987,0.725407,-0.618369,0.086067,-0.471395,-0.578355,-0.208649
1203152823,-1.007869,-0.872063,-0.199987,0.725407,-0.620688,0.086067,-0.471395,-0.576014,-0.208649
1203152832,-1.007869,-0.872063,-0.199987,0.725407,-0.627933,0.086067,-0.471395,-0.577369,-0.208649
1203152841,-1.007869,-0.872063,-0.199987,0.725407,-0.622717,0.086067,-0.471395,-0.576753,-0.208649
1203152850,-1.007869,-0.872063,-0.199987,0.725407,-0.623296,0.086067,-0.471395,-0.578478,-0.208649
1203152877,-1.007869,-0.872063,-0.199987,0.725407,-0.620688,0.086067,-0.471395,-0.582052,-0.208649
1203152886,-1.007869,-0.872063,-0.199987,0.725407,-0.623296,0.086067,-0.471395,-0.578232,-0.208649
1203152891,-1.007869,-0.872063,-0.199987,0.725407,-0.624456,0.086067,-0.471395,-0.579588,-0.208649
1203152895,-1.007869,-0.872063,-0.199987,0.725407,-0.623586,0.086067,-0.471395,-0.578109,-0.208649
1203152900,-1.007869,-0.872063,-0.199987,0.725407,-0.623296,0.086067,-0.471395,-0.576137,-0.208649
1203152904,-1.007869,-0.872063,-0.199987,0.725407,-0.624745,0.086067,-0.471395,-0.578725,-0.208649
1203152931,-1.007869,-0.872063,-0.199987,0.725407,-0.620978,0.086067,-0.471395,-0.580573,-0.208649
1203152940,-1.007869,-0.872063,-0.199987,0.725407,-0.626194,0.086067,-0.471395,-0.578478,-0.208649
1203152949,-1.007869,-0.872063,-0.199987,0.725407,-0.624166,0.086067,-0.471395,-0.576630,-0.208649
1203152958,-1.007869,-0.872063,-0.199987,0.725407,-0.622717,0.086067,-0.471395,-0.580573,-0.208649
1203152985,-1.007869,-0.872063,-0.199987,0.725407,-0.622427,0.086067,-0.471395,-0.583285,-0.208649
1203153003,-1.007869,-0.872063,-0.199987,0.725407,-0.622427,0.086067,-0.471395,-0.580697,-0.208649
1203153012,-1.007869,-0.872063,-0.199987,0.725407,-0.623586,0.086067,-0.471395,-0.580697,-0.208649
1203153039,-1.007869,-0.872063,-0.199987,0.725407,-0.621557,0.086067,-0.471395,-0.581806,-0.208649
1203153048,-1.007869,-0.872063,-0.199987,0.725407,-0.623586,0.086067,-0.471395,-0.579957,-0.208649
1203153057,-1.007869,-0.872063,-0.199987,0.725407,-0.625615,0.086067,-0.471395,-0.579464,-0.208649
1203153066,-1.007869,-0.872063,-0.199987,0.725407,-0.625325,0.086067,-0.471395,-0.580327,-0.208649
1203153093,-1.007869,-0.872063,-0.199987,0.725407,-0.622717,0.086067,-0.471395,-0.582176,-0.208649
1203153102,-1.007869,-0.872063,-0.199987,0.725407,-0.619819,0.086067,-0.471395,-0.585133,-0.208649
1203153111,-1.007869,-0.872063,-0.199987,0.725407,-0.624166,0.086067,-0.471395,-0.583408,-0.208649
1203153120,-1.007869,-0.872063,-0.199987,0.725407,-0.619819,0.086067,-0.471395,-0.581683,-0.208649
1203153147,-1.007869,-0.872063,-0.199987,0.725407,-0.621557,0.086067,-0.471395,-0.579711,-0.208649
1203153156,-1.007869,-0.872063,-0.199987,0.725407,-0.625325,0.086067,-0.471395,-0.583285,-0.208649
1203153165,-1.007869,-0.872063,-0.199987,0.725407,-0.621847,0.086067,-0.471395,-0.584147,-0.208649
1203153174,-1.007869,-0.872063,-0.199987,0.725407,-0.621557,0.086067,-0.471395,-0.582052,-0.208649
1203153210,-1.007869,-0.872063,-0.199987,0.725407,-0.620978,0.086067,-0.471395,-0.579834,-0.208649
1203153219,-1.007869,-0.872063,-0.199987,0.725407,-0.619819,0.086067,-0.471395,-0.582422,-0.208649
1203153264,-1.007869,-0.872063,-0.199987,0.725407,-0.622717,0.086067,-0.471395,-0.581066,-0.208649
1203153273,-1.007869,-0.872063,-0.199987,0.725407,-0.618369,0.086067,-0.471395,-0.582545,-0.208649
1203153282,-1.007869,-0.872063,-0.199987,0.725407,-0.611994,0.086067,-0.471395,-0.581683,-0.208649
1203153318,-1.007869,-0.872063,-0.199987,0.725407,-0.617210,0.086067,-0.471395,-0.581313,-0.208649
1203153327,-1.007869,-0.872063,-0.199987,0.725407,-0.618949,0.086067,-0.471395,-0.581806,-0.208649
1203153336,-1.007869,-0.872063,-0.199987,0.725407,-0.621847,0.086067,-0.471395,-0.580327,-0.208649
1203153372,-1.007869,-0.872063,-0.199987,0.725407,-0.622427,0.086067,-0.471395,-0.577369,-0.208649
1203153381,-1.007869,-0.872063,-0.199987,0.725407,-0.623296,0.086067,-0.471395,-0.576876,-0.208649
1203153390,-1.007869,-0.872063,-0.199987,0.725407,-0.620688,0.086067,-0.471395,-0.575398,-0.208649
1203153426,-1.007869,-0.872063,-0.199987,0.725407,-0.623586,0.086067,-0.471395,-0.575644,-0.208649
1203153444,-1.007869,-0.872063,-0.199987,0.725407,-0.622717,0.086067,-0.471395,-0.577000,-0.208649
1203153480,-1.007869,-0.872063,-0.199987,0.725407,-0.622427,0.086067,-0.471395,-0.577246,-0.208649
1203153489,-1.007869,-0.872063,-0.199987,0.725407,-0.618369,0.086067,-0.471395,-0.576753,-0.208649
1203153498,-1.007869,-0.872063,-0.199987,0.725407,-0.620688,0.086067,-0.471395,-0.577493,-0.208649
1203153525,-1.007869,-0.872063,-0.199987,0.725407,-0.618369,0.086067,-0.471395,-0.577986,-0.208649
1203153534,-1.007869,-0.872063,-0.199987,0.725407,-0.616341,0.086067,-0.471395,-0.580327,-0.208649
1203153543,-1.007869,-0.872063,-0.199987,0.725407,-0.616341,0.086067,-0.471395,-0.579834,-0.208649
1203153552,-1.007869,-0.872063,-0.199987,0.725407,-0.619819,0.086067,-0.471395,-0.579957,-0.208649
1203153579,-1.007869,-0.872063,-0.199987,0.725407,-0.619239,0.086067,-0.471395,-0.578848,-0.208649
1203153588,-1.007869,-0.872063,-0.199987,0.725407,-0.620108,0.086067,-0.471395,-0.583408,-0.208649
1203153597,-1.007869,-0.872063,-0.199987,0.725407,-0.619819,0.086067,-0.471395,-0.583161,-0.208649
1203153606,-1.007869,-0.872063,-0.199987,0.725407,-0.621557,0.086067,-0.471395,-0.582052,-0.208649
1203153633,-1.007869,-0.872063,-0.199987,0.725407,-0.620978,0.086067,-0.471395,-0.583654,-0.208649
1203153651,-1.007869,-0.872063,-0.199987,0.725407,-0.618949,0.086067,-0.471395,-0.577986,-0.208649
1203153660,-1.007869,-0.872063,-0.199987,0.725407,-0.620688,0.086067,-0.471395,-0.578232,-0.208649
1203153687,-1.007869,-0.872063,-0.199987,0.725407,-0.621557,0.086067,-0.471395,-0.581066,-0.208649
1203153705,-1.007869,-0.872063,-0.199987,0.725407,-0.620688,0.086067,-0.471395,-0.578232,-0.208649
1203153714,-1.007869,-0.872063,-0.199987,0.725407,-0.624166,0.086067,-0.471395,-0.581066,-0.208649
1203153741,-1.007869,-0.872063,-0.199987,0.725407,-0.622427,0.086067,-0.471395,-0.578848,-0.208649
1203153750,-1.007869,-0.872063,-0.199987,0.725407,-0.619239,0.086067,-0.471395,-0.578971,-0.208649
1203153759,-1.007869,-0.872063,-0.199987,0.725407,-0.623296,0.086067,-0.471395,-0.579588,-0.208649
1203153768,-1.007869,-0.872063,-0.199987,0.725407,-0.617500,0.086067,-0.471395,-0.578109,-0.208649
1203153795,-1.007869,-0.872063,-0.199987,0.725407,-0.621847,0.086067,-0.471395,-0.578848,-0.208649
1203153804,-1.007869,-0.872063,-0.199987,0.725407,-0.621847,0.086067,-0.471395,-0.575891,-0.208649
1203153813,-1.007869,-0.872063,-0.199987,0.725407,-0.620688,0.086067,-0.471395,-0.576753,-0.208649
1203153822,-1.007869,-0.872063,-0.199987,0.725407,-0.620108,0.086067,-0.471395,-0.577739,-0.208649
1203153849,-1.007869,-0.872063,-0.199987,0.725407,-0.624166,0.086067,-0.471395,-0.582052,-0.208649
1203153858,-1.007869,-0.872063,-0.199987,0.725407,-0.621847,0.086067,-0.471395,-0.579711,-0.208649
1203153867,-1.007869,-0.872063,-0.199987,0.725407,-0.620978,0.086067,-0.471395,-0.581313,-0.208649
1203153912,-1.007869,-0.872063,-0.199987,0.725407,-0.615471,0.086067,-0.471395,-0.578109,-0.208649
1203153921,-1.007869,-0.872063,-0.199987,0.725407,-0.617500,0.086067,-0.471395,-0.578109,-0.208649
1203153966,-1.007869,-0.872063,-0.199987,0.725407,-0.620688,0.086067,-0.471395,-0.579341,-0.208649
1203153975,-1.007869,-0.872063,-0.199987,0.725407,-0.619819,0.086067,-0.471395,-0.582545,-0.208649
1203153984,-1.007869,-0.872063,-0.199987,0.725407,-0.620688,0.086067,-0.471395,-0.580081,-0.208649
1203154020,-1.007869,-0.872063,-0.199987,0.725407,-0.614892,0.086067,-0.471395,-0.580573,-0.208649
1203154029,-1.007869,-0.872063,-0.199987,0.725407,-0.620688,0.086067,-0.471395,-0.581313,-0.208649
1203154038,-1.007869,-0.872063,-0.199987,0.725407,-0.616631,0.086067,-0.471395,-0.582545,-0.208649
1203154074,-1.007869,-0.872063,-0.199987,0.725407,-0.618369,0.086067,-0.471395,-0.582545,-0.208649
1203154083,-1.007869,-0.872063,-0.199987,0.725407,-0.618949,0.086067,-0.471395,-0.579957,-0.208649
1203154092,-1.007869,-0.872063,-0.199987,0.725407,-0.623296,0.086067,-0.471395,-0.576137,-0.208649
1203154128,-1.007869,-0.872063,-0.199987,0.725407,-0.618080,0.086067,-0.471395,-0.574905,-0.208649
1203154146,-1.007869,-0.872063,-0.199987,0.725407,-0.619819,0.086067,-0.471395,-0.573179,-0.208649
1203154173,-1.007869,-0.872063,-0.199987,0.725407,-0.620688,0.086067,-0.471395,-0.578725,-0.208649
1203154182,-1.007869,-0.872063,-0.199987,0.725407,-0.616631,0.086067,-0.471395,-0.578971,-0.208649
1203154191,-1.007869,-0.872063,-0.199987,0.725407,-0.616341,0.086067,-0.471395,-0.579095,-0.208649
1203154200,-1.007869,-0.872063,-0.199987,0.725407,-0.623296,0.086067,-0.471395,-0.581683,-0.208649
1203154227,-1.007869,-0.872063,-0.199987,0.725407,-0.619239,0.086067,-0.471395,-0.578355,-0.208649
1203154236,-1.007869,-0.872063,-0.199987,0.725407,-0.620688,0.086067,-0.471395,-0.578848,-0.208649
1203154245,-1.007869,-0.872063,-0.199987,0.725407,-0.618080,0.086067,-0.471395,-0.577986,-0.208649
1203154254,-1.007869,-0.872063,-0.199987,0.725407,-0.618369,0.086067,-0.471395,-0.578725,-0.208649
1203154281,-1.007869,-0.872063,-0.199987,0.725407,-0.617210,0.086067,-0.471395,-0.573303,-0.208649
1203154290,-1.007869,-0.872063,-0.199987,0.725407,-0.616341,0.086067,-0.471395,-0.576507,-0.208649
1203154299,-1.007869,-0.872063,-0.199987,0.725407,-0.619239,0.086067,-0.471395,-0.577246,-0.208649
1203154308,-1.007869,-0.872063,-0.199987,0.725407,-0.621847,0.086067,-0.471395,-0.579464,-0.208649
1203154335,-1.007869,-0.872063,-0.199987,0.725407,-0.619819,0.086067,-0.471395,-0.578725,-0.208649
1203154353,-1.007869,-0.872063,-0.199987,0.725407,-0.620688,0.086067,-0.471395,-0.578848,-0.208649
1203154362,-1.007869,-0.872063,-0.199987,0.725407,-0.618949,0.086067,-0.471395,-0.581683,-0.208649
1203154389,-1.007869,-0.872063,-0.199987,0.725407,-0.615761,0.086067,-0.471395,-0.583531,-0.208649
1203154398,-1.007869,-0.872063,-0.199987,0.725407,-0.620688,0.086067,-0.471395,-0.582176,-0.208649
1203154407,-1.007869,-0.872063,-0.199987,0.725407,-0.620978,0.086067,-0.471395,-0.579588,-0.208649
1203154416,-1.007869,-0.872063,-0.199987,0.725407,-0.618949,0.086067,-0.471395,-0.580943,-0.208649
1203154443,-1.007869,-0.872063,-0.199987,0.725407,-0.619239,0.086067,-0.471395,-0.584024,-0.208649
1203154452,-1.007869,-0.872063,-0.199987,0.725407,-0.616341,0.086067,-0.471395,-0.581559,-0.208649
1203154461,-1.007869,-0.872063,-0.199987,0.725407,-0.615761,0.086067,-0.471395,-0.581313,-0.208649
1203154470,-1.007869,-0.872063,-0.199987,0.725407,-0.618080,0.086067,-0.471395,-0.579834,-0.208649
1203154497,-1.007869,-0.872063,-0.199987,0.725407,-0.620108,0.086067,-0.471395,-0.581313,-0.208649
1203154506,-1.007869,-0.872063,-0.199987,0.725407,-0.618080,0.086067,-0.471395,-0.581559,-0.208649
1203154515,-1.007869,-0.872063,-0.199987,0.725407,-0.616631,0.086067,-0.471395,-0.581066,-0.208649
1203154524,-1.007869,-0.872063,-0.199987,0.725407,-0.615471,0.086067,-0.471395,-0.581190,-0.208649
1203154560,-1.007869,-0.872063,-0.199987,0.725407,-0.615761,0.086067,-0.471395,-0.574535,-0.208649
1203154569,-1.007869,-0.872063,-0.199987,0.725407,-0.611704,0.086067,-0.471395,-0.576507,-0.208649
1203154614,-1.007869,-0.872063,-0.199987,0.725407,-0.617500,0.086067,-0.471395,-0.582422,-0.208649
1203154623,-1.007869,-0.872063,-0.199987,0.725407,-0.617500,0.086067,-0.471395,-0.581066,-0.208649
1203154632,-1.007869,-0.872063,-0.199987,0.725407,-0.616631,0.086067,-0.471395,-0.579464,-0.208649
1203154668,-1.007869,-0.872063,-0.199987,0.725407,-0.619239,0.086067,-0.471395,-0.579464,-0.208649
1203154677,-1.007869,-0.872063,-0.199987,0.725407,-0.618949,0.086067,-0.471395,-0.581190,-0.208649
1203154686,-1.007869,-0.872063,-0.199987,0.725407,-0.614023,0.086067,-0.471395,-0.581066,-0.208649
1203154722,-1.007869,-0.872063,-0.199987,0.725407,-0.611994,0.086067,-0.471395,-0.579711,-0.208649
1203154731,-1.007869,-0.872063,-0.199987,0.725407,-0.612863,0.086067,-0.471395,-0.579341,-0.208649
1203154740,-1.007869,-0.872063,-0.199987,0.725407,-0.616631,0.086067,-0.471395,-0.577739,-0.208649
1203154776,-1.007869,-0.872063,-0.199987,0.725407,-0.617210,0.086067,-0.471395,-0.580450,-0.208649
1203154794,-1.007869,-0.872063,-0.199987,0.725407,-0.618080,0.086067,-0.471395,-0.580327,-0.208649
1203154830,-1.007869,-0.872063,-0.199987,0.725407,-0.618080,0.086067,-0.471395,-0.580573,-0.208649
1203154839,-1.007869,-0.872063,-0.199987,0.725407,-0.618080,0.086067,-0.471395,-0.582052,-0.208649
1203154848,-1.007869,-0.872063,-0.199987,0.725407,-0.616631,0.086067,-0.471395,-0.582422,-0.208649
1203154875,-1.007869,-0.872063,-0.199987,0.725407,-0.614602,0.086067,-0.471395,-0.580573,-0.208649
1203154884,-1.007869,-0.872063,-0.199987,0.725407,-0.614892,0.086067,-0.471395,-0.579711,-0.208649
1203154893,-1.007869,-0.872063,-0.199987,0.725407,-0.617210,0.086067,-0.471395,-0.580450,-0.208649
1203154902,-1.007869,-0.872063,-0.199987,0.725407,-0.617500,0.086067,-0.471395,-0.576383,-0.208649
1203154929,-1.007869,-0.872063,-0.199987,0.725407,-0.618949,0.086067,-0.471395,-0.579464,-0.208649
1203154938,-1.007869,-0.872063,-0.199987,0.725407,-0.612573,0.086067,-0.471395,-0.579218,-0.208649
1203154947,-1.007869,-0.872063,-0.199987,0.725407,-0.612573,0.086067,-0.471395,-0.577369,-0.208649
1203154956,-1.007869,-0.872063,-0.199987,0.725407,-0.616631,0.086067,-0.471395,-0.578232,-0.208649
1203154983,-1.007869,-0.872063,-0.199987,0.725407,-0.616341,0.086067,-0.471395,-0.581436,-0.208649
1203155001,-1.007869,-0.872063,-0.199987,0.725407,-0.614892,0.086067,-0.471395,-0.579711,-0.208649
1203155010,-1.007869,-0.872063,-0.199987,0.725407,-0.614892,0.086067,-0.471395,-0.584517,-0.208649
1203155037,-1.007869,-0.872063,-0.199987,0.725407,-0.617210,0.086067,-0.471395,-0.583654,-0.208649
1203155055,-1.007869,-0.872063,-0.199987,0.725407,-0.618369,0.086067,-0.471395,-0.579834,-0.208649
1203155064,-1.007869,-0.872063,-0.199987,0.725407,-0.619819,0.086067,-0.471395,-0.579341,-0.208649
1203155091,-1.007869,-0.872063,-0.199987,0.725407,-0.616631,0.086067,-0.471395,-0.582545,-0.208649
1203155100,-1.007869,-0.872063,-0.199987,0.725407,-0.616631,0.086067,-0.471395,-0.581929,-0.208649
1203155109,-1.007869,-0.872063,-0.199987,0.725407,-0.615761,0.086067,-0.471395,-0.582545,-0.208649
1203155118,-1.007869,-0.872063,-0.199987,0.725407,-0.614602,0.086067,-0.471395,-0.581683,-0.208649
1203155145,-1.007869,-0.872063,-0.199987,0.725407,-0.614892,0.086067,-0.471395,-0.583778,-0.208649
1203155154,-1.007869,-0.872063,-0.199987,0.725407,-0.612573,0.086067,-0.471395,-0.581190,-0.208649
1203155163,-1.007869,-0.872063,-0.199987,0.725407,-0.613733,0.086067,-0.471395,-0.582299,-0.208649
1203155172,-1.007869,-0.872063,-0.199987,0.725407,-0.611124,0.086067,-0.471395,-0.582915,-0.208649
1203155199,-1.007869,-0.872063,-0.199987,0.725407,-0.613443,0.086067,-0.471395,-0.582299,-0.208649
1203155208,-1.007869,-0.872063,-0.199987,0.725407,-0.614602,0.086067,-0.471395,-0.581313,-0.208649
1203155217,-1.007869,-0.872063,-0.199987,0.725407,-0.616341,0.086067,-0.471395,-0.581190,-0.208649
1203155262,-1.007869,-0.872063,-0.199987,0.725407,-0.620688,0.086067,-0.471395,-0.581559,-0.208649
1203155271,-1.007869,-0.872063,-0.199987,0.725407,-0.615471,0.086067,-0.471395,-0.579711,-0.208649
1203155316,-1.007869,-0.872063,-0.199987,0.725407,-0.612573,0.086067,-0.471395,-0.578478,-0.208649
1203155325,-1.007869,-0.872063,-0.199987,0.725407,-0.612863,0.086067,-0.471395,-0.576014,-0.208649
1203155334,-1.007869,-0.872063,-0.199987,0.725407,-0.620688,0.086067,-0.471395,-0.575398,-0.208649
1203155370,-1.007869,-0.872063,-0.199987,0.725407,-0.615471,0.086067,-0.471395,-0.579464,-0.208649
1203155379,-1.007869,-0.872063,-0.199987,0.725407,-0.614602,0.086067,-0.471395,-0.580450,-0.208649
1203155388,-1.007869,-0.872063,-0.199987,0.725407,-0.619239,0.086067,-0.471395,-0.577739,-0.208649
1203155424,-1.007869,-0.872063,-0.199987,0.725407,-0.617210,0.086067,-0.471395,-0.579957,-0.208649
1203155433,-1.007869,-0.872063,-0.199987,0.725407,-0.616341,0.086067,-0.471395,-0.580820,-0.208649
1203155442,-1.007869,-0.872063,-0.199987,0.725407,-0.617210,0.086067,-0.471395,-0.579341,-0.208649
1203155478,-1.007869,-0.872063,-0.199987,0.725407,-0.612573,0.086067,-0.471395,-0.577000,-0.208649
1203155496,-1.007869,-0.872063,-0.199987,0.725407,-0.616341,0.086067,-0.471395,-0.578355,-0.208649
1203155523,-1.007869,-0.872063,-0.199987,0.725407,-0.620688,0.086067,-0.471395,-0.577616,-0.208649
1203155532,-1.007869,-0.872063,-0.199987,0.725407,-0.617500,0.086067,-0.471395,-0.580081,-0.208649
1203155541,-1.007869,-0.872063,-0.199987,0.725407,-0.618080,0.086067,-0.471395,-0.582915,-0.208649
1203155550,-1.007869,-0.872063,-0.199987,0.725407,-0.617500,0.086067,-0.471395,-0.579711,-0.208649
1203155577,-1.007869,-0.872063,-0.199987,0.725407,-0.621557,0.086067,-0.471395,-0.581066,-0.208649
1203155586,-1.007869,-0.872063,-0.199987,0.725407,-0.618080,0.086067,-0.471395,-0.579711,-0.208649
1203155595,-1.007869,-0.872063,-0.199987,0.725407,-0.620978,0.086067,-0.471395,-0.582545,-0.208649
1203155604,-1.007869,-0.872063,-0.199987,0.725407,-0.618080,0.086067,-0.471395,-0.583408,-0.208649
1203155631,-1.007869,-0.872063,-0.199987,0.725407,-0.619239,0.086067,-0.471395,-0.578848,-0.208649
1203155640,-1.007869,-0.872063,-0.199987,0.725407,-0.613443,0.086067,-0.471395,-0.582915,-0.208649
1203155649,-1.007869,-0.872063,-0.199987,0.725407,-0.618080,0.086067,-0.471395,-0.578725,-0.208649
1203155658,-1.007869,-0.872063,-0.199987,0.725407,-0.618369,0.086067,-0.471395,-0.580081,-0.208649
1203155685,-1.007869,-0.872063,-0.199987,0.725407,-0.619819,0.086067,-0.471395,-0.584271,-0.208649
1203155703,-1.007869,-0.872063,-0.199987,0.725407,-0.621557,0.086067,-0.471395,-0.583285,-0.208649
1203155712,-1.007869,-0.872063,-0.199987,0.725407,-0.621557,0.086067,-0.471395,-0.580573,-0.208649
1203155739,-1.007869,-0.872063,-0.199987,0.725407,-0.618949,0.086067,-0.471395,-0.584517,-0.208649
1203155748,-1.007869,-0.872063,-0.199987,0.725407,-0.619239,0.086067,-0.471395,-0.582668,-0.208649
1203155757,-1.007869,-0.872063,-0.199987,0.725407,-0.620108,0.086067,-0.471395,-0.586366,-0.208649
1203155766,-1.007869,-0.872063,-0.199987,0.725407,-0.618369,0.086067,-0.471395,-0.585996,-0.208649
1203155793,-1.007869,-0.872063,-0.199987,0.725407,-0.616631,0.086067,-0.471395,-0.581929,-0.208649
1203155802,-1.007869,-0.872063,-0.199987,0.725407,-0.619819,0.086067,-0.471395,-0.583901,-0.208649
1203155811,-1.007869,-0.872063,-0.199987,0.725407,-0.614023,0.086067,-0.471395,-0.582668,-0.208649
1203155820,-1.007869,-0.872063,-0.199987,0.725407,-0.615471,0.086067,-0.471395,-0.582052,-0.208649
1203155847,-1.007869,-0.872063,-0.199987,0.725407,-0.612863,0.086067,-0.471395,-0.586366,-0.208649
1203155856,-1.007869,-0.872063,-0.199987,0.725407,-0.617210,0.086067,-0.471395,-0.582668,-0.208649
1203155865,-1.007869,-0.872063,-0.199987,0.725407,-0.616631,0.086067,-0.471395,-0.582668,-0.208649
1203155874,-1.007869,-0.872063,-0.199987,0.725407,-0.616631,0.086067,-0.471395,-0.581806,-0.208649
1203155910,-1.007869,-0.872063,-0.199987,0.725407,-0.620688,0.086067,-0.471395,-0.577493,-0.208649
1203155919,-1.007869,-0.872063,-0.199987,0.725407,-0.618369,0.086067,-0.471395,-0.580450,-0.208649
1203155964,-1.007869,-0.872063,-0.199987,0.725407,-0.616631,0.086067,-0.471395,-0.577493,-0.208649
1203155973,-1.007869,-0.872063,-0.199987,0.725407,-0.619239,0.086067,-0.471395,-0.578109,-0.208649
1203155982,-1.007869,-0.872063,-0.199987,0.725407,-0.615471,0.086067,-0.471395,-0.580081,-0.208649
1203156018,-1.007869,-0.872063,-0.199987,0.725407,-0.616631,0.086067,-0.471395,-0.580943,-0.208649
1203156027,-1.007869,-0.872063,-0.199987,0.725407,-0.618080,0.086067,-0.471395,-0.581683,-0.208649
1203156036,-1.007869,-0.872063,-0.199987,0.725407,-0.622717,0.086067,-0.471395,-0.582915,-0.208649
1203156072,-1.007869,-0.872063,-0.199987,0.725407,-0.612573,0.086067,-0.471395,-0.579341,-0.208649
1203156081,-1.007869,-0.872063,-0.199987,0.725407,-0.617210,0.086067,-0.471395,-0.579095,-0.208649
1203156090,-1.007869,-0.872063,-0.199987,0.725407,-0.610255,0.086067,-0.471395,-0.579957,-0.208649
1203156126,-1.007869,-0.872063,-0.199987,0.725407,-0.619239,0.086067,-0.471395,-0.582299,-0.208649
1203156144,-1.007869,-0.872063,-0.199987,0.725407,-0.618369,0.086067,-0.471395,-0.580081,-0.208649
1203156180,-1.007869,-0.872063,-0.199987,0.725407,-0.613443,0.086067,-0.471395,-0.583531,-0.208649
1203156189,-1.007869,-0.872063,-0.199987,0.725407,-0.614023,0.086067,-0.471395,-0.583531,-0.208649
1203156198,-1.007869,-0.872063,-0.199987,0.725407,-0.615761,0.086067,-0.471395,-0.580820,-0.208649
1203156225,-1.007869,-0.872063,-0.199987,0.725407,-0.614602,0.086067,-0.471395,-0.579588,-0.208649
1203156234,-1.007869,-0.872063,-0.199987,0.725407,-0.612573,0.086067,-0.471395,-0.580204,-0.208649
1203156243,-1.007869,-0.872063,-0.199987,0.725407,-0.612863,0.086067,-0.471395,-0.580081,-0.208649
1203156252,-1.007869,-0.872063,-0.199987,0.725407,-0.613443,0.086067,-0.471395,-0.581806,-0.208649
1203156279,-1.007869,-0.872063,-0.199987,0.725407,-0.616631,0.086067,-0.471395,-0.581559,-0.208649
1203156288,-1.007869,-0.872063,-0.199987,0.725407,-0.618949,0.086067,-0.471395,-0.578848,-0.208649
1203156297,-1.007869,-0.872063,-0.199987,0.725407,-0.614602,0.086067,-0.471395,-0.578602,-0.208649
1203156306,-1.007869,-0.872063,-0.199987,0.725407,-0.617210,0.086067,-0.471395,-0.580450,-0.208649
1203156333,-1.007869,-0.872063,-0.199987,0.725407,-0.621557,0.086067,-0.471395,-0.576876,-0.208649
1203156351,-1.007869,-0.872063,-0.199987,0.725407,-0.613733,0.086067,-0.471395,-0.580081,-0.208649
1203156360,-1.007869,-0.872063,-0.199987,0.725407,-0.614023,0.086067,-0.471395,-0.579588,-0.208649
1203156387,-1.007869,-0.872063,-0.199987,0.725407,-0.616341,0.086067,-0.471395,-0.578355,-0.208649
1203156405,-1.007869,-0.872063,-0.199987,0.725407,-0.617210,0.086067,-0.471395,-0.583038,-0.208649
1203156414,-1.007869,-0.872063,-0.199987,0.725407,-0.618080,0.086067,-0.471395,-0.581436,-0.208649
1203156441,-1.007869,-0.872063,-0.199987,0.725407,-0.618369,0.086067,-0.471395,-0.581683,-0.208649
1203156450,-1.007869,-0.872063,-0.199987,0.725407,-0.619239,0.086067,-0.471395,-0.579711,-0.208649
1203156459,-1.007869,-0.872063,-0.199987,0.725407,-0.621847,0.086067,-0.471395,-0.578478,-0.208649
1203156468,-1.007869,-0.872063,-0.199987,0.725407,-0.616341,0.086067,-0.471395,-0.580573,-0.208649
1203156495,-1.007869,-0.872063,-0.199987,0.725407,-0.616341,0.086067,-0.471395,-0.579218,-0.208649
1203156504,-1.007869,-0.872063,-0.199987,0.725407,-0.615471,0.086067,-0.471395,-0.582422,-0.208649
1203156513,-1.007869,-0.872063,-0.199987,0.725407,-0.616341,0.086067,-0.471395,-0.584640,-0.208649
1203156522,-1.007869,-0.872063,-0.199987,0.725407,-0.616341,0.086067,-0.471395,-0.580327,-0.208649
1203156549,-1.007869,-0.872063,-0.199987,0.725407,-0.617210,0.086067,-0.471395,-0.580450,-0.208649
1203156558,-1.007869,-0.872063,-0.199987,0.725407,-0.617500,0.086067,-0.471395,-0.576137,-0.208649
1203156567,-1.007869,-0.872063,-0.199987,0.725407,-0.618369,0.086067,-0.471395,-0.578725,-0.208649
1203156612,-1.007869,-0.872063,-0.199987,0.725407,-0.617210,0.086067,-0.471395,-0.580943,-0.208649
1203156621,-1.007869,-0.872063,-0.199987,0.725407,-0.619819,0.086067,-0.471395,-0.581190,-0.208649
1203156666,-1.007869,-0.872063,-0.199987,0.725407,-0.617210,0.086067,-0.471395,-0.582299,-0.208649
1203156675,-1.007869,-0.872063,-0.199987,0.725407,-0.616341,0.086067,-0.471395,-0.581436,-0.208649
1203156684,-1.007869,-0.872063,-0.199987,0.725407,-0.619239,0.086067,-0.471395,-0.580943,-0.208649
1203156720,-1.007869,-0.872063,-0.199987,0.725407,-0.614023,0.086067,-0.471395,-0.581066,-0.208649
1203156729,-1.007869,-0.872063,-0.199987,0.725407,-0.620108,0.086067,-0.471395,-0.581683,-0.208649
1203156738,-1.007869,-0.872063,-0.199987,0.725407,-0.616631,0.086067,-0.471395,-0.582052,-0.208649
1203156774,-1.007869,-0.872063,-0.199987,0.725407,-0.617210,0.086067,-0.471395,-0.581559,-0.208649
1203156783,-1.007869,-0.872063,-0.199987,0.725407,-0.617210,0.086067,-0.471395,-0.580327,-0.208649
1203156792,-1.007869,-0.872063,-0.199987,0.725407,-0.613733,0.086067,-0.471395,-0.580697,-0.208649
1203156828,-1.007869,-0.872063,-0.199987,0.725407,-0.614892,0.086067,-0.471395,-0.579588,-0.208649
1203156846,-1.007869,-0.872063,-0.199987,0.725407,-0.620688,0.086067,-0.471395,-0.579464,-0.208649
1203156873,-1.007869,-0.872063,-0.199987,0.725407,-0.620108,0.086067,-0.471395,-0.580204,-0.208649
1203156882,-1.007869,-0.872063,-0.199987,0.725407,-0.618949,0.086067,-0.471395,-0.581559,-0.208649
1203156891,-1.007869,-0.872063,-0.199987,0.725407,-0.622427,0.086067,-0.471395,-0.581313,-0.208649
1203156900,-1.007869,-0.872063,-0.199987,0.725407,-0.615761,0.086067,-0.471395,-0.580697,-0.208649
1203156927,-1.007869,-0.872063,-0.199987,0.725407,-0.615471,0.086067,-0.471395,-0.579218,-0.208649
1203156936,-1.007869,-0.872063,-0.199987,0.725407,-0.618949,0.086067,-0.471395,-0.580450,-0.208649
1203156945,-1.007869,-0.872063,-0.199987,0.725407,-0.614892,0.086067,-0.471395,-0.581559,-0.208649
1203156954,-1.007869,-0.872063,-0.199987,0.725407,-0.620108,0.086067,-0.471395,-0.581929,-0.208649
1203156981,-1.007869,-0.872063,-0.199987,0.725407,-0.618369,0.086067,-0.471395,-0.582545,-0.208649
1203156990,-1.007869,-0.872063,-0.199987,0.725407,-0.617500,0.086067,-0.471395,-0.581436,-0.208649
1203156999,-1.007869,-0.872063,-0.199987,0.725407,-0.620108,0.086067,-0.471395,-0.582545,-0.208649
1203157008,-1.007869,-0.872063,-0.199987,0.725407,-0.619239,0.086067,-0.471395,-0.580697,-0.208649
1203157035,-1.007869,-0.872063,-0.199987,0.725407,-0.618080,0.086067,-0.471395,-0.581190,-0.208649
1203157053,-1.007869,-0.872063,-0.199987,0.725407,-0.614602,0.086067,-0.471395,-0.578355,-0.208649
1203157062,-1.007869,-0.872063,-0.199987,0.725407,-0.615471,0.086067,-0.471395,-0.581436,-0.208649
1203157089,-1.007869,-0.872063,-0.199987,0.725407,-0.618949,0.086067,-0.471395,-0.582668,-0.208649
1203157098,-1.007869,-0.872063,-0.199987,0.725407,-0.619819,0.086067,-0.471395,-0.581806,-0.208649
1203157107,-1.007869,-0.872063,-0.199987,0.725407,-0.615761,0.086067,-0.471395,-0.580943,-0.208649
1203157116,-1.007869,-0.872063,-0.199987,0.725407,-0.613733,0.086067,-0.471395,-0.579711,-0.208649
1203157143,-1.007869,-0.872063,-0.199987,0.725407,-0.618369,0.086067,-0.471395,-0.578355,-0.208649
1203157152,-1.007869,-0.872063,-0.199987,0.725407,-0.617500,0.086067,-0.471395,-0.580820,-0.208649
1203157161,-1.007869,-0.872063,-0.199987,0.725407,-0.619819,0.086067,-0.471395,-0.581929,-0.208649
1203157170,-1.007869,-0.872063,-0.199987,0.725407,-0.617210,0.086067,-0.471395,-0.579957,-0.208649
1203157197,-1.007869,-0.872063,-0.199987,0.725407,-0.613733,0.086067,-0.471395,-0.581806,-0.208649
1203157206,-1.007869,-0.872063,-0.199987,0.725407,-0.618080,0.086067,-0.471395,-0.584763,-0.208649
1203157215,-1.007869,-0.872063,-0.199987,0.725407,-0.612573,0.086067,-0.471395,-0.584887,-0.208649
1203157224,-1.007869,-0.872063,-0.199987,0.725407,-0.619819,0.086067,-0.471395,-0.581436,-0.208649
1203157260,-1.007869,-0.872063,-0.199987,0.725407,-0.618369,0.086067,-0.471395,-0.582052,-0.208649
1203157269,-1.007869,-0.872063,-0.199987,0.725407,-0.618369,0.086067,-0.471395,-0.578971,-0.208649
1203157314,-1.007869,-0.872063,-0.199987,0.725407,-0.618949,0.086067,-0.471395,-0.584640,-0.208649
1203157323,-1.007869,-0.872063,-0.199987,0.725407,-0.616341,0.086067,-0.471395,-0.583778,-0.208649
1203157332,-1.007869,-0.872063,-0.199987,0.725407,-0.613443,0.086067,-0.471395,-0.584147,-0.208649
1203157368,-1.007869,-0.872063,-0.199987,0.725407,-0.616631,0.086067,-0.471395,-0.581559,-0.208649
1203157377,-1.007869,-0.872063,-0.199987,0.725407,-0.618080,0.086067,-0.471395,-0.582915,-0.208649
1203157386,-1.007869,-0.872063,-0.199987,0.725407,-0.618369,0.086067,-0.471395,-0.583531,-0.208649
1203157422,-1.007869,-0.872063,-0.199987,0.725407,-0.616631,0.086067,-0.471395,-0.582176,-0.208649
1203157431,-1.007869,-0.872063,-0.199987,0.725407,-0.615471,0.086067,-0.471395,-0.580450,-0.208649
1203157440,-1.007869,-0.872063,-0.199987,0.725407,-0.617500,0.086067,-0.471395,-0.583161,-0.208649
1203157476,-1.007869,-0.872063,-0.199987,0.725407,-0.618369,0.086067,-0.471395,-0.582792,-0.208649
1203157494,-1.007869,-0.872063,-0.199987,0.725407,-0.614602,0.086067,-0.471395,-0.579588,-0.208649
1203157530,-1.007869,-0.872063,-0.199987,0.725407,-0.620688,0.086067,-0.471395,-0.581313,-0.208649
1203157539,-1.007869,-0.872063,-0.199987,0.725407,-0.618949,0.086067,-0.471395,-0.579957,-0.208649
1203157548,-1.007869,-0.872063,-0.199987,0.725407,-0.618369,0.086067,-0.471395,-0.579588,-0.208649
1203157575,-1.007869,-0.872063,-0.199987,0.725407,-0.618080,0.086067,-0.471395,-0.580204,-0.208649
1203157584,-1.007869,-0.872063,-0.199987,0.725407,-0.616631,0.086067,-0.471395,-0.578355,-0.208649
1203157593,-1.007869,-0.872063,-0.199987,0.725407,-0.615761,0.086067,-0.471395,-0.580573,-0.208649
1203157602,-1.007869,-0.872063,-0.199987,0.725407,-0.618369,0.086067,-0.471395,-0.579711,-0.208649
1203157629,-1.007869,-0.872063,-0.199987,0.725407,-0.614602,0.086067,-0.471395,-0.582668,-0.208649
1203157638,-1.007869,-0.872063,-0.199987,0.725407,-0.613443,0.086067,-0.471395,-0.581313,-0.208649
1203157647,-1.007869,-0.872063,-0.199987,0.725407,-0.617210,0.086067,-0.471395,-0.579711,-0.208649
1203157656,-1.007869,-0.872063,-0.199987,0.725407,-0.617210,0.086067,-0.471395,-0.580450,-0.208649
1203157683,-1.007869,-0.872063,-0.199987,0.725407,-0.616341,0.086067,-0.471395,-0.580450,-0.208649
1203157701,-1.007869,-0.872063,-0.199987,0.725407,-0.619819,0.086067,-0.471395,-0.580820,-0.208649
1203157710,-1.007869,-0.872063,-0.199987,0.725407,-0.616631,0.086067,-0.471395,-0.578725,-0.208649
1203157737,-1.007869,-0.872063,-0.199987,0.725407,-0.614023,0.086067,-0.471395,-0.578602,-0.208649
1203157755,-1.007869,-0.872063,-0.199987,0.725407,-0.615471,0.086067,-0.471395,-0.574658,-0.208649
1203157764,-1.007869,-0.872063,-0.199987,0.725407,-0.616341,0.086067,-0.471395,-0.579095,-0.208649
1203157791,-1.007869,-0.872063,-0.199987,0.725407,-0.616631,0.086067,-0.471395,-0.579834,-0.208649
1203157800,-1.007869,-0.872063,-0.199987,0.725407,-0.618080,0.086067,-0.471395,-0.580697,-0.208649
1203157809,-1.007869,-0.872063,-0.199987,0.725407,-0.616341,0.086067,-0.471395,-0.580820,-0.208649
1203157818,-1.007869,-0.872063,-0.199987,0.725407,-0.615761,0.086067,-0.471395,-0.579834,-0.208649
1203157845,-1.007869,-0.872063,-0.199987,0.725407,-0.616341,0.086067,-0.471395,-0.583038,-0.208649
1203157854,-1.007869,-0.872063,-0.199987,0.725407,-0.617500,0.086067,-0.471395,-0.578725,-0.208649
1203157863,-1.007869,-0.872063,-0.199987,0.725407,-0.614602,0.086067,-0.471395,-0.580943,-0.208649
1203157872,-1.007869,-0.872063,-0.199987,0.725407,-0.614892,0.086067,-0.471395,-0.581066,-0.208649
1203157899,-1.007869,-0.872063,-0.199987,0.725407,-0.614602,0.086067,-0.471395,-0.580327,-0.208649
1203157908,-1.007869,-0.872063,-0.199987,0.725407,-0.615761,0.086067,-0.471395,-0.579834,-0.208649
1203157917,-1.007869,-0.872063,-0.199987,0.725407,-0.619239,0.086067,-0.471395,-0.582545,-0.208649
1203157962,-1.007869,-0.872063,-0.199987,0.725407,-0.619819,0.086067,-0.471395,-0.577616,-0.208649
1203157971,-1.007869,-0.872063,-0.199987,0.725407,-0.617500,0.086067,-0.471395,-0.578848,-0.208649
1203158016,-1.007869,-0.872063,-0.199987,0.725407,-0.619239,0.086067,-0.471395,-0.575891,-0.208649
1203158025,-1.007869,-0.872063,-0.199987,0.725407,-0.615761,0.086067,-0.471395,-0.576753,-0.208649
1203158034,-1.007869,-0.872063,-0.199987,0.725407,-0.619239,0.086067,-0.471395,-0.576383,-0.208649
1203158070,-1.007869,-0.872063,-0.199987,0.725407,-0.618949,0.086067,-0.471395,-0.577000,-0.208649
1203158079,-1.007869,-0.872063,-0.199987,0.725407,-0.617210,0.086067,-0.471395,-0.580697,-0.208649
1203158088,-1.007869,-0.872063,-0.199987,0.725407,-0.618949,0.086067,-0.471395,-0.577369,-0.208649
1203158124,-1.007869,-0.872063,-0.199987,0.725407,-0.615761,0.086067,-0.471395,-0.577000,-0.208649
1203158133,-1.007869,-0.872063,-0.199987,0.725407,-0.614892,0.086067,-0.471395,-0.577246,-0.208649
1203158142,-1.007869,-0.872063,-0.199987,0.725407,-0.616631,0.086067,-0.471395,-0.576876,-0.208649
1203158178,-1.007869,-0.872063,-0.199987,0.725407,-0.623296,0.086067,-0.471395,-0.578232,-0.208649
1203158196,-1.007869,-0.872063,-0.199987,0.725407,-0.621557,0.086067,-0.471395,-0.576507,-0.208649
1203158223,-1.007869,-0.872063,-0.199987,0.725407,-0.617500,0.086067,-0.471395,-0.577986,-0.208649
1203158232,-1.007869,-0.872063,-0.199987,0.725407,-0.620688,0.086067,-0.471395,-0.577123,-0.208649
1203158241,-1.007869,-0.872063,-0.199987,0.725407,-0.619239,0.086067,-0.471395,-0.578602,-0.208649
1203158250,-1.007869,-0.872063,-0.199987,0.725407,-0.622717,0.086067,-0.471395,-0.578109,-0.208649
1203158277,-1.007869,-0.872063,-0.199987,0.725407,-0.618369,0.086067,-0.471395,-0.579834,-0.208649
1203158286,-1.007869,-0.872063,-0.199987,0.725407,-0.617210,0.086067,-0.471395,-0.578848,-0.208649
1203158295,-1.007869,-0.872063,-0.199987,0.725407,-0.617210,0.086067,-0.471395,-0.577246,-0.208649
1203158304,-1.007869,-0.872063,-0.199987,0.725407,-0.618080,0.086067,-0.471395,-0.577616,-0.208649
1203158331,-1.007869,-0.872063,-0.199987,0.725407,-0.619819,0.086067,-0.471395,-0.578109,-0.208649
1203158340,-1.007869,-0.872063,-0.199987,0.725407,-0.616631,0.086067,-0.471395,-0.577739,-0.208649
1203158349,-1.007869,-0.872063,-0.199987,0.725407,-0.620108,0.086067,-0.471395,-0.577000,-0.208649
1203158358,-1.007869,-0.872063,-0.199987,0.725407,-0.616631,0.086067,-0.471395,-0.577739,-0.208649
1203158385,-1.007869,-0.872063,-0.199987,0.725407,-0.619239,0.086067,-0.471395,-0.579957,-0.208649
1203158403,-1.007869,-0.872063,-0.199987,0.725407,-0.616341,0.086067,-0.471395,-0.578971,-0.208649
1203158412,-1.007869,-0.872063,-0.199987,0.725407,-0.621847,0.086067,-0.471395,-0.577862,-0.208649
1203158439,-1.007869,-0.872063,-0.199987,0.725407,-0.618369,0.086067,-0.471395,-0.575644,-0.208649
1203158448,-1.007869,-0.872063,-0.199987,0.725407,-0.623296,0.086067,-0.471395,-0.575891,-0.208649
1203158457,-1.007869,-0.872063,-0.199987,0.725407,-0.620978,0.086067,-0.471395,-0.576014,-0.208649
1203158466,-1.007869,-0.872063,-0.199987,0.725407,-0.614892,0.086067,-0.471395,-0.574165,-0.208649
1203158493,-1.007869,-0.872063,-0.199987,0.725407,-0.615761,0.086067,-0.471395,-0.572563,-0.208649
1203158502,-1.007869,-0.872063,-0.199987,0.725407,-0.618369,0.086067,-0.471395,-0.573179,-0.208649
1203158511,-1.007869,-0.872063,-0.199987,0.725407,-0.618369,0.086067,-0.471395,-0.578848,-0.208649
1203158520,-1.007869,-0.872063,-0.199987,0.725407,-0.616631,0.086067,-0.471395,-0.575644,-0.208649
1203158547,-1.007869,-0.872063,-0.199987,0.725407,-0.621557,0.086067,-0.471395,-0.574905,-0.208649
1203158556,-1.007869,-0.872063,-0.199987,0.725407,-0.617500,0.086067,-0.471395,-0.575398,-0.208649
1203158565,-1.007869,-0.872063,-0.199987,0.725407,-0.620108,0.086067,-0.471395,-0.577369,-0.208649
1203158574,-1.007869,-0.872063,-0.199987,0.725407,-0.618369,0.086067,-0.471395,-0.577000,-0.208649
1203158610,-1.007869,-0.872063,-0.199987,0.725407,-0.618369,0.086067,-0.471395,-0.577739,-0.208649
1203158619,-1.007869,-0.872063,-0.199987,0.725407,-0.617210,0.086067,-0.471395,-0.578478,-0.208649
1203158664,-1.007869,-0.872063,-0.199987,0.725407,-0.618949,0.086067,-0.471395,-0.574412,-0.208649
1203158673,-1.007869,-0.872063,-0.199987,0.725407,-0.623296,0.086067,-0.471395,-0.577369,-0.208649
1203158682,-1.007869,-0.872063,-0.199987,0.725407,-0.618949,0.086067,-0.471395,-0.576876,-0.208649
1203158718,-1.007869,-0.872063,-0.199987,0.725407,-0.621557,0.086067,-0.471395,-0.576630,-0.208649
1203158727,-1.007869,-0.872063,-0.199987,0.725407,-0.618080,0.086067,-0.471395,-0.577986,-0.208649
1203158736,-1.007869,-0.872063,-0.199987,0.725407,-0.622717,0.086067,-0.471395,-0.578232,-0.208649
1203158772,-1.007869,-0.872063,-0.199987,0.725407,-0.619819,0.086067,-0.471395,-0.578232,-0.208649
1203158781,-1.007869,-0.872063,-0.199987,0.725407,-0.620108,0.086067,-0.471395,-0.577493,-0.208649
1203158790,-1.007869,-0.872063,-0.199987,0.725407,-0.618369,0.086067,-0.471395,-0.581929,-0.208649
1203158826,-1.007869,-0.872063,-0.199987,0.725407,-0.622427,0.086067,-0.471395,-0.579341,-0.208649
1203158844,-1.007869,-0.872063,-0.199987,0.725407,-0.624166,0.086067,-0.471395,-0.579095,-0.208649
1203158880,-1.007869,-0.872063,-0.199987,0.725407,-0.620108,0.086067,-0.471395,-0.577000,-0.208649
1203158889,-1.007869,-0.872063,-0.199987,0.725407,-0.620108,0.086067,-0.471395,-0.578478,-0.208649
1203158898,-1.007869,-0.872063,-0.199987,0.725407,-0.618369,0.086067,-0.471395,-0.577246,-0.208649
1203158925,-1.007869,-0.872063,-0.199987,0.725407,-0.617210,0.086067,-0.471395,-0.577000,-0.208649
1203158934,-1.007869,-0.872063,-0.199987,0.725407,-0.617500,0.086067,-0.471395,-0.572686,-0.208649
1203158943,-1.007869,-0.872063,-0.199987,0.725407,-0.618080,0.086067,-0.471395,-0.575644,-0.208649
1203158952,-1.007869,-0.872063,-0.199987,0.725407,-0.618080,0.086067,-0.471395,-0.575028,-0.208649
1203158979,-1.007869,-0.872063,-0.199987,0.725407,-0.618080,0.086067,-0.471395,-0.576876,-0.208649
1203158988,-1.007869,-0.872063,-0.199987,0.725407,-0.618949,0.086067,-0.471395,-0.574658,-0.208649
1203158997,-1.007869,-0.872063,-0.199987,0.725407,-0.619819,0.086067,-0.471395,-0.578848,-0.208649
1203159006,-1.007869,-0.872063,-0.199987,0.725407,-0.618080,0.086067,-0.471395,-0.577986,-0.208649
1203159033,-1.007869,-0.872063,-0.199987,0.725407,-0.619239,0.086067,-0.471395,-0.580943,-0.208649
1203159051,-1.007869,-0.872063,-0.199987,0.725407,-0.616631,0.086067,-0.471395,-0.577862,-0.208649
1203159060,-1.007869,-0.872063,-0.199987,0.725407,-0.622717,0.086067,-0.471395,-0.577123,-0.208649
1203159087,-1.007869,-0.872063,-0.199987,0.725407,-0.616631,0.086067,-0.471395,-0.579834,-0.208649
1203159105,-1.007869,-0.872063,-0.199987,0.725407,-0.618369,0.086067,-0.471395,-0.578725,-0.208649
1203159114,-1.007869,-0.872063,-0.199987,0.725407,-0.618949,0.086067,-0.471395,-0.581806,-0.208649
1203159141,-1.007869,-0.872063,-0.199987,0.725407,-0.618369,0.086067,-0.471395,-0.580573,-0.208649
1203159150,-1.007869,-0.872063,-0.199987,0.725407,-0.619239,0.086067,-0.471395,-0.578478,-0.208649
1203159159,-1.007869,-0.872063,-0.199987,0.725407,-0.620108,0.086067,-0.471395,-0.579711,-0.208649
1203159168,-1.007869,-0.872063,-0.199987,0.725407,-0.618949,0.086067,-0.471395,-0.577493,-0.208649
1203159195,-1.007869,-0.872063,-0.199987,0.725407,-0.620688,0.086067,-0.471395,-0.577986,-0.208649
1203159204,-1.007869,-0.872063,-0.199987,0.725407,-0.620978,0.086067,-0.471395,-0.580943,-0.208649
1203159213,-1.007869,-0.872063,-0.199987,0.725407,-0.620978,0.086067,-0.471395,-0.577616,-0.208649
1203159222,-1.007869,-0.872063,-0.199987,0.725407,-0.620978,0.086067,-0.471395,-0.577862,-0.208649
1203159249,-1.007869,-0.872063,-0.199987,0.725407,-0.621847,0.086067,-0.092276,-0.580943,-0.208649
1203159258,-1.007869,-0.872063,-0.199987,0.725407,-0.618369,0.086067,-0.090437,-0.582422,-0.208649
1203159267,-1.007869,-0.872063,-0.199987,0.725407,-0.618369,0.086067,-0.089671,-0.581436,-0.208649
1203159312,-1.007869,-0.872063,-0.199987,0.725407,-0.620978,0.086067,-0.084921,-0.577862,-0.208649
1203159321,-1.007869,-0.872063,-0.199987,0.725407,-0.615471,0.086067,-0.087219,-0.580820,-0.208649
1203159366,-1.007869,-0.872063,-0.199987,0.725407,-0.620688,0.086067,-0.085687,-0.579341,-0.208649
1203159375,-1.007869,-0.872063,-0.199987,0.725407,-0.620978,0.086067,-0.089518,-0.577000,-0.208649
1203159384,-1.007869,-0.872063,-0.199987,0.725407,-0.622427,0.086067,-0.092276,-0.581929,-0.208649
1203159420,-1.007869,-0.872063,-0.199987,0.725407,-0.622427,0.086067,-0.471395,-0.580204,-0.208649
1203159429,-1.007869,-0.872063,-0.199987,0.725407,-0.626484,0.086067,-0.471395,-0.580943,-0.208649
1203159438,-1.007869,-0.872063,-0.199987,0.725407,-0.623586,0.086067,-0.471395,-0.583285,-0.208649
1203159474,-1.007869,-0.872063,-0.199987,0.725407,-0.624456,0.086067,-0.471395,-0.579711,-0.208649
1203159483,-1.007869,-0.872063,-0.199987,0.725407,-0.622717,0.086067,-0.471395,-0.581806,-0.208649
1203159492,-1.007869,-0.872063,-0.199987,0.725407,-0.619239,0.086067,-0.471395,-0.581806,-0.208649
1203159528,-1.007869,-0.872063,-0.199987,0.725407,-0.621847,0.086067,-0.471395,-0.578478,-0.208649
1203159546,-1.007869,-0.872063,-0.199987,0.725407,-0.618080,0.086067,-0.471395,-0.580450,-0.208649
1203159573,-1.007869,-0.872063,-0.199987,0.725407,-0.622427,0.086067,-0.471395,-0.582545,-0.208649
1203159582,-1.007869,-0.872063,-0.199987,0.725407,-0.629092,0.086067,-0.471395,-0.580081,-0.208649
1203159591,-1.007869,-0.872063,-0.199987,0.725407,-0.620108,0.086067,-0.471395,-0.584147,-0.208649
1203159600,-1.007869,-0.872063,-0.199987,0.725407,-0.627354,0.086067,-0.471395,-0.580943,-0.208649
1203159627,-1.007869,-0.872063,-0.199987,0.725407,-0.620688,0.086067,-0.471395,-0.580450,-0.208649
1203159636,-1.007869,-0.872063,-0.199987,0.725407,-0.617500,0.086067,-0.471395,-0.576630,-0.208649
1203159645,-1.007869,-0.872063,-0.199987,0.725407,-0.619819,0.086067,-0.471395,-0.580204,-0.208649
1203159654,-1.007869,-0.872063,-0.199987,0.725407,-0.621847,0.086067,-0.471395,-0.581929,-0.208649
1203159681,-1.007869,-0.872063,-0.199987,0.725407,-0.618369,0.086067,-0.471395,-0.581190,-0.208649
1203159690,-1.007869,-0.872063,-0.199987,0.725407,-0.623296,0.086067,-0.471395,-0.578478,-0.208649
1203159699,-1.007869,-0.872063,-0.199987,0.725407,-0.622717,0.086067,-0.471395,-0.579711,-0.208649
1203159708,-1.007869,-0.872063,-0.199987,0.725407,-0.620688,0.086067,-0.471395,-0.581683,-0.208649
1203159735,-1.007869,-0.872063,-0.199987,0.725407,-0.622427,0.086067,-0.471395,-0.581190,-0.208649
1203159753,-1.007869,-0.872063,-0.199987,0.725407,-0.621557,0.086067,-0.471395,-0.581313,-0.208649
1203159762,-1.007869,-0.872063,-0.199987,0.725407,-0.623296,0.086067,-0.471395,-0.583901,-0.208649
1203159789,-1.007869,-0.872063,-0.199987,0.725407,-0.624456,0.086067,-0.471395,-0.585503,-0.208649
1203159798,-1.007869,-0.872063,-0.199987,0.725407,-0.620978,0.086067,-0.471395,-0.585256,-0.208649
1203159807,-1.007869,-0.872063,-0.199987,0.725407,-0.621557,0.086067,-0.471395,-0.583778,-0.208649
1203159816,-1.007869,-0.872063,-0.199987,0.725407,-0.621557,0.086067,-0.471395,-0.582299,-0.208649
1203159843,-1.007869,-0.872063,-0.199987,0.725407,-0.623296,0.086067,-0.471395,-0.583901,-0.208649
1203159852,-1.007869,-0.872063,-0.199987,0.725407,-0.624745,0.086067,-0.471395,-0.582176,-0.208649
1203159861,-1.007869,-0.872063,-0.199987,0.725407,-0.618949,0.086067,-0.471395,-0.585873,-0.208649
1203159870,-1.007869,-0.872063,-0.199987,0.725407,-0.625325,0.086067,-0.471395,-0.584271,-0.208649
1203159897,-1.007869,-0.872063,-0.199987,0.725407,-0.621847,0.086067,-0.471395,-0.582792,-0.208649
1203159906,-1.007869,-0.872063,-0.199987,0.725407,-0.621557,0.086067,-0.471395,-0.584147,-0.208649
1203159915,-1.007869,-0.872063,-0.199987,0.725407,-0.620978,0.086067,-0.471395,-0.580450,-0.208649
1203159924,-1.007869,-0.872063,-0.199987,0.725407,-0.624456,0.086067,-0.471395,-0.582299,-0.208649
1203159960,-1.007869,-0.872063,-0.199987,0.725407,-0.622427,0.086067,-0.471395,-0.586612,-0.208649
1203159969,-1.007869,-0.872063,-0.199987,0.725407,-0.624166,0.086067,-0.471395,-0.581066,-0.208649
1203160014,-1.007869,-0.872063,-0.199987,0.725407,-0.617500,0.086067,-0.471395,-0.581066,-0.208649
1203160023,-1.007869,-0.872063,-0.199987,0.725407,-0.620108,0.086067,-0.471395,-0.582299,-0.208649
1203160032,-1.007869,-0.872063,-0.199987,0.725407,-0.623586,0.086067,-0.471395,-0.583778,-0.208649
1203160068,-1.007869,-0.872063,-0.199987,0.725407,-0.625615,0.086067,-0.471395,-0.585133,-0.208649
1203160077,-1.007869,-0.872063,-0.199987,0.725407,-0.622427,0.086067,-0.471395,-0.584394,-0.208649
1203160086,-1.007869,-0.872063,-0.199987,0.725407,-0.620108,0.086067,-0.471395,-0.580450,-0.208649
1203160122,-1.007869,-0.872063,-0.199987,0.725407,-0.618949,0.086067,-0.471395,-0.584147,-0.208649
1203160131,-1.007869,-0.872063,-0.199987,0.725407,-0.620108,0.086067,-0.471395,-0.585010,-0.208649
1203160140,-1.007869,-0.872063,-0.199987,0.725407,-0.620688,0.086067,-0.471395,-0.586366,-0.208649
1203160176,-1.007869,-0.872063,-0.199987,0.725407,-0.622717,0.086067,-0.471395,-0.584147,-0.208649
1203160194,-1.007869,-0.872063,-0.199987,0.725407,-0.626194,0.086067,-0.471395,-0.582792,-0.208649
1203160230,-1.007869,-0.872063,-0.199987,0.725407,-0.626484,0.086067,-0.471395,-0.583038,-0.208649
1203160239,-1.007869,-0.872063,-0.199987,0.725407,-0.623296,0.086067,-0.471395,-0.585996,-0.208649
1203160248,-1.007869,-0.872063,-0.199987,0.725407,-0.625325,0.086067,-0.471395,-0.588214,-0.208649
1203160275,-1.007869,-0.872063,-0.199987,0.725407,-0.619239,0.086067,-0.471395,-0.588214,-0.208649
1203160284,-1.007869,-0.872063,-0.199987,0.725407,-0.621847,0.086067,-0.471395,-0.583038,-0.208649
1203160293,-1.007869,-0.872063,-0.199987,0.725407,-0.624745,0.086067,-0.471395,-0.581806,-0.208649
1203160302,-1.007869,-0.872063,-0.199987,0.725407,-0.624166,0.086067,-0.471395,-0.580697,-0.208649
1203160329,-1.007869,-0.872063,-0.199987,0.725407,-0.622427,0.086067,-0.471395,-0.579341,-0.208649
1203160338,-1.007869,-0.872063,-0.199987,0.725407,-0.622427,0.086067,-0.471395,-0.580697,-0.208649
1203160347,-1.007869,-0.872063,-0.199987,0.725407,-0.624166,0.086067,-0.471395,-0.578725,-0.208649
1203160356,-1.007869,-0.872063,-0.199987,0.725407,-0.619819,0.086067,-0.471395,-0.578232,-0.208649
1203160383,-1.007869,-0.872063,-0.199987,0.725407,-0.618949,0.086067,-0.471395,-0.579341,-0.208649
1203160401,-1.007869,-0.872063,-0.199987,0.725407,-0.621557,0.086067,-0.471395,-0.578725,-0.208649
1203160410,-1.007869,-0.872063,-0.199987,0.725407,-0.622717,0.086067,-0.471395,-0.579711,-0.208649
1203160437,-1.007869,-0.872063,-0.199987,0.725407,-0.623296,0.086067,-0.471395,-0.580943,-0.208649
1203160455,-1.007869,-0.872063,-0.199987,0.725407,-0.623296,0.086067,-0.471395,-0.578109,-0.208649
1203160464,-1.007869,-0.872063,-0.199987,0.725407,-0.622717,0.086067,-0.471395,-0.579218,-0.208649
1203160491,-1.007869,-0.872063,-0.199987,0.725407,-0.626484,0.086067,-0.471395,-0.578232,-0.208649
1203160500,-1.007869,-0.872063,-0.199987,0.725407,-0.628802,0.086067,-0.471395,-0.578232,-0.208649
1203160509,-1.007869,-0.872063,-0.199987,0.725407,-0.622717,0.086067,-0.471395,-0.580327,-0.208649
1203160518,-1.007869,-0.872063,-0.199987,0.725407,-0.624456,0.086067,-0.471395,-0.577493,-0.208649
1203160545,-1.007869,-0.872063,-0.199987,0.725407,-0.624456,0.086067,-0.471395,-0.581806,-0.208649
1203160554,-1.007869,-0.872063,-0.199987,0.725407,-0.620108,0.086067,-0.471395,-0.579711,-0.208649
1203160563,-1.007869,-0.872063,-0.199987,0.725407,-0.619819,0.086067,-0.471395,-0.582052,-0.208649
1203160572,-1.007869,-0.872063,-0.199987,0.725407,-0.622717,0.086067,-0.471395,-0.582545,-0.208649
1203160599,-1.007869,-0.872063,-0.199987,0.725407,-0.621557,0.086067,-0.471395,-0.580573,-0.208649
1203160608,-1.007869,-0.872063,-0.199987,0.725407,-0.622717,0.086067,-0.471395,-0.585133,-0.208649
1203160617,-1.007869,-0.872063,-0.199987,0.725407,-0.620108,0.086067,-0.471395,-0.577369,-0.208649
1203160662,-1.007869,-0.872063,-0.199987,0.725407,-0.618949,0.086067,-0.471395,-0.579834,-0.208649
1203160671,-1.007869,-0.872063,-0.199987,0.725407,-0.624745,0.086067,-0.471395,-0.582422,-0.208649
1203160716,-1.007869,-0.872063,-0.199987,0.725407,-0.624456,0.086067,-0.471395,-0.580081,-0.208649
1203160725,-1.007869,-0.872063,-0.199987,0.725407,-0.620108,0.086067,-0.471395,-0.582668,-0.208649
1203160734,-1.007869,-0.872063,-0.199987,0.725407,-0.620688,0.086067,-0.471395,-0.585626,-0.208649
1203160770,-1.007869,-0.872063,-0.199987,0.725407,-0.625325,0.086067,-0.471395,-0.585256,-0.208649
1203160779,-1.007869,-0.872063,-0.199987,0.725407,-0.623586,0.086067,-0.471395,-0.583654,-0.208649
1203160788,-1.007869,-0.872063,-0.199987,0.725407,-0.622717,0.086067,-0.471395,-0.585873,-0.208649
1203160824,-1.007869,-0.872063,-0.199987,0.725407,-0.622717,0.086067,-0.471395,-0.580943,-0.208649
1203160833,-1.007869,-0.872063,-0.199987,0.725407,-0.622717,0.086067,-0.471395,-0.583778,-0.208649
1203160842,-1.007869,-0.872063,-0.199987,0.725407,-0.622717,0.086067,-0.471395,-0.586982,-0.208649
1203160878,-1.007869,-0.872063,-0.199987,0.725407,-0.620688,0.086067,-0.471395,-0.580573,-0.208649
1203160896,-1.007869,-0.872063,-0.199987,0.725407,-0.622717,0.086067,-0.471395,-0.581436,-0.208649
1203160923,-1.007869,-0.872063,-0.199987,0.725407,-0.618369,0.086067,-0.471395,-0.580327,-0.208649
1203160932,-1.007869,-0.872063,-0.199987,0.725407,-0.624166,0.086067,-0.471395,-0.581066,-0.208649
1203160941,-1.007869,-0.872063,-0.199987,0.725407,-0.622717,0.086067,-0.471395,-0.579711,-0.208649
1203160950,-1.007869,-0.872063,-0.199987,0.725407,-0.623586,0.086067,-0.471395,-0.580573,-0.208649
1203160977,-1.007869,-0.872063,-0.199987,0.725407,-0.622427,0.086067,-0.471395,-0.579957,-0.208649
1203160986,-1.007869,-0.872063,-0.199987,0.725407,-0.624745,0.086067,-0.471395,-0.581066,-0.208649
1203160995,-1.007869,-0.872063,-0.199987,0.725407,-0.623586,0.086067,-0.471395,-0.580081,-0.208649
1203161004,-1.007869,-0.872063,-0.199987,0.725407,-0.618369,0.086067,-0.471395,-0.579834,-0.208649
1203161031,-1.007869,-0.872063,-0.199987,0.725407,-0.621847,0.086067,-0.471395,-0.581806,-0.208649
1203161040,-1.007869,-0.872063,-0.199987,0.725407,-0.626194,0.086067,-0.471395,-0.579464,-0.208649
1203161049,-1.007869,-0.872063,-0.199987,0.725407,-0.623296,0.086067,-0.471395,-0.578725,-0.208649
1203161058,-1.007869,-0.872063,-0.199987,0.725407,-0.625615,0.086067,-0.471395,-0.582545,-0.208649
1203161085,-1.007869,-0.872063,-0.199987,0.725407,-0.624456,0.086067,-0.471395,-0.580697,-0.208649
1203161103,-1.007869,-0.872063,-0.199987,0.725407,-0.624166,0.086067,-0.471395,-0.577986,-0.208649
1203161112,-1.007869,-0.872063,-0.199987,0.725407,-0.620688,0.086067,-0.471395,-0.582668,-0.208649
1203161139,-1.007869,-0.872063,-0.199987,0.725407,-0.624166,0.086067,-0.471395,-0.578355,-0.208649
1203161148,-1.007869,-0.872063,-0.199987,0.725407,-0.621557,0.086067,-0.471395,-0.578725,-0.208649
1203161157,-1.007869,-0.872063,-0.199987,0.725407,-0.623586,0.086067,-0.471395,-0.577986,-0.208649
1203161166,-1.007869,-0.872063,-0.199987,0.725407,-0.624745,0.086067,-0.471395,-0.581683,-0.208649
1203161193,-1.007869,-0.872063,-0.199987,0.725407,-0.622717,0.086067,-0.471395,-0.582176,-0.208649
1203161202,-1.007869,-0.872063,-0.199987,0.725407,-0.624456,0.086067,-0.471395,-0.582052,-0.208649
1203161211,-1.007869,-0.872063,-0.199987,0.725407,-0.625325,0.086067,-0.471395,-0.582422,-0.208649
1203161220,-1.007869,-0.872063,-0.199987,0.725407,-0.626194,0.086067,-0.471395,-0.577986,-0.208649
1203161247,-1.007869,-0.872063,-0.199987,0.725407,-0.622427,0.086067,-0.471395,-0.584887,-0.208649
1203161256,-1.007869,-0.872063,-0.199987,0.725407,-0.623586,0.086067,-0.471395,-0.581806,-0.208649
1203161265,-1.007869,-0.872063,-0.199987,0.725407,-0.618369,0.086067,-0.471395,-0.582299,-0.208649
1203161274,-1.007869,-0.872063,-0.199987,0.725407,-0.618949,0.086067,-0.471395,-0.580327,-0.208649
1203161310,-1.007869,-0.872063,-0.199987,0.725407,-0.621847,0.086067,-0.471395,-0.581929,-0.208649
1203161319,-1.007869,-0.872063,-0.199987,0.725407,-0.623296,0.086067,-0.471395,-0.584887,-0.208649
1203161364,-1.007869,-0.872063,-0.199987,0.725407,-0.621557,0.086067,-0.471395,-0.581436,-0.208649
1203161373,-1.007869,-0.872063,-0.199987,0.725407,-0.626484,0.086067,-0.471395,-0.581929,-0.208649
1203161382,-1.007869,-0.872063,-0.199987,0.725407,-0.624745,0.086067,-0.471395,-0.581559,-0.208649
1203161418,-1.007869,-0.872063,-0.199987,0.725407,-0.620688,0.086067,-0.471395,-0.582545,-0.208649
1203161427,-1.007869,-0.872063,-0.199987,0.725407,-0.621557,0.086067,-0.471395,-0.585626,-0.208649
1203161436,-1.007869,-0.872063,-0.199987,0.725407,-0.624166,0.086067,-0.471395,-0.580943,-0.208649
1203161472,-1.007869,-0.872063,-0.199987,0.725407,-0.621847,0.086067,-0.471395,-0.581436,-0.208649
1203161481,-1.007869,-0.872063,-0.199987,0.725407,-0.623586,0.086067,-0.471395,-0.583285,-0.208649
1203161490,-1.007869,-0.872063,-0.199987,0.725407,-0.623586,0.086067,-0.471395,-0.583654,-0.208649
1203161526,-1.007869,-0.872063,-0.199987,0.725407,-0.623586,0.086067,-0.471395,-0.582545,-0.208649
1203161544,-1.007869,-0.872063,-0.199987,0.725407,-0.624745,0.086067,-0.471395,-0.583654,-0.208649
1203161580,-1.007869,-0.872063,-0.199987,0.725407,-0.621847,0.086067,-0.471395,-0.585380,-0.208649
1203161589,-1.007869,-0.872063,-0.199987,0.725407,-0.623296,0.086067,-0.471395,-0.583778,-0.208649
1203161598,-1.007869,-0.872063,-0.199987,0.725407,-0.626194,0.086067,-0.471395,-0.584147,-0.208649
1203161625,-1.007869,-0.872063,-0.199987,0.725407,-0.620978,0.086067,-0.471395,-0.580450,-0.208649
1203161634,-1.007869,-0.872063,-0.199987,0.725407,-0.624166,0.086067,-0.471395,-0.582052,-0.208649
1203161643,-1.007869,-0.872063,-0.199987,0.725407,-0.621557,0.086067,-0.471395,-0.584271,-0.208649
1203161652,-1.007869,-0.872063,-0.199987,0.725407,-0.624456,0.086067,-0.471395,-0.582545,-0.208649
1203161679,-1.007869,-0.872063,-0.199987,0.725407,-0.623296,0.086067,-0.471395,-0.584394,-0.208649
1203161688,-1.007869,-0.872063,-0.199987,0.725407,-0.621847,0.086067,-0.471395,-0.585503,-0.208649
1203161697,-1.007869,-0.872063,-0.199987,0.725407,-0.623296,0.086067,-0.471395,-0.582545,-0.208649
1203161706,-1.007869,-0.872063,-0.199987,0.725407,-0.620108,0.086067,-0.471395,-0.585256,-0.208649
1203161733,-1.007869,-0.872063,-0.199987,0.725407,-0.620978,0.086067,-0.471395,-0.581559,-0.208649
1203161751,-1.007869,-0.872063,-0.199987,0.725407,-0.618949,0.086067,-0.471395,-0.581929,-0.208649
1203161760,-1.007869,-0.872063,-0.199987,0.725407,-0.624166,0.086067,-0.471395,-0.581559,-0.208649
1203161787,-1.007869,-0.872063,-0.199987,0.725407,-0.618369,0.086067,-0.471395,-0.580450,-0.208649
1203161805,-1.007869,-0.872063,-0.199987,0.725407,-0.623296,0.086067,-0.471395,-0.580081,-0.208649
1203161814,-1.007869,-0.872063,-0.199987,0.725407,-0.618369,0.086067,-0.471395,-0.578848,-0.208649
1203161841,-1.007869,-0.872063,-0.199987,0.725407,-0.622717,0.086067,-0.471395,-0.578971,-0.208649
1203161850,-1.007869,-0.872063,-0.199987,0.725407,-0.622427,0.086067,-0.471395,-0.582422,-0.208649
1203161859,-1.007869,-0.872063,-0.199987,0.725407,-0.622427,0.086067,-0.471395,-0.576753,-0.208649
1203161868,-1.007869,-0.872063,-0.199987,0.725407,-0.619819,0.086067,-0.471395,-0.580697,-0.208649
1203161895,-1.007869,-0.872063,-0.199987,0.725407,-0.618080,0.086067,-0.471395,-0.580081,-0.208649
1203161904,-1.007869,-0.872063,-0.199987,0.725407,-0.618080,0.086067,-0.471395,-0.576630,-0.208649
1203161913,-1.007869,-0.872063,-0.199987,0.725407,-0.618080,0.086067,-0.471395,-0.574412,-0.208649
1203161922,-1.007869,-0.872063,-0.199987,0.725407,-0.620978,0.086067,-0.471395,-0.574412,-0.208649
1203161949,-1.007869,-0.872063,-0.199987,0.725407,-0.619239,0.086067,-0.471395,-0.579834,-0.208649
1203161958,-1.007869,-0.872063,-0.199987,0.725407,-0.618949,0.086067,-0.471395,-0.581929,-0.208649
1203161967,-1.007869,-0.872063,-0.199987,0.725407,-0.617500,0.086067,-0.471395,-0.581066,-0.208649
1203162012,-1.007869,-0.872063,-0.199987,0.725407,-0.621847,0.086067,-0.471395,-0.580943,-0.208649
1203162021,-1.007869,-0.872063,-0.199987,0.725407,-0.619819,0.086067,-0.471395,-0.577739,-0.208649
1203162066,-1.007869,-0.872063,-0.199987,0.725407,-0.624745,0.086067,-0.471395,-0.580327,-0.208649
1203162075,-1.007869,-0.872063,-0.199987,0.725407,-0.623296,0.086067,-0.471395,-0.581190,-0.208649
1203162084,-1.007869,-0.872063,-0.199987,0.725407,-0.620108,0.086067,-0.471395,-0.575151,-0.208649
1203162120,-1.007869,-0.872063,-0.199987,0.725407,-0.621557,0.086067,-0.471395,-0.581929,-0.208649
1203162129,-1.007869,-0.872063,-0.199987,0.725407,-0.620688,0.086067,-0.471395,-0.582792,-0.208649
1203162138,-1.007869,-0.872063,-0.199987,0.725407,-0.617210,0.086067,-0.471395,-0.579957,-0.208649
1203162174,-1.007869,-0.872063,-0.199987,0.725407,-0.619239,0.086067,-0.471395,-0.582052,-0.208649
1203162183,-1.007869,-0.872063,-0.199987,0.725407,-0.617500,0.086067,-0.471395,-0.579341,-0.208649
1203162192,-1.007869,-0.872063,-0.199987,0.725407,-0.620108,0.086067,-0.471395,-0.579218,-0.208649
1203162228,-1.007869,-0.872063,-0.199987,0.725407,-0.621847,0.086067,-0.471395,-0.583531,-0.208649
1203162246,-1.007869,-0.872063,-0.199987,0.725407,-0.621557,0.086067,-0.471395,-0.581436,-0.208649
1203162273,-1.007869,-0.872063,-0.199987,0.725407,-0.620108,0.086067,-0.471395,-0.582299,-0.208649
1203162282,-1.007869,-0.872063,-0.199987,0.725407,-0.622427,0.086067,-0.471395,-0.581190,-0.208649
1203162291,-1.007869,-0.872063,-0.199987,0.725407,-0.620978,0.086067,-0.471395,-0.580943,-0.208649
1203162300,-1.007869,-0.872063,-0.199987,0.725407,-0.620688,0.086067,-0.471395,-0.584763,-0.208649
1203162327,-1.007869,-0.872063,-0.199987,0.725407,-0.620108,0.086067,-0.471395,-0.581559,-0.208649
1203162336,-1.007869,-0.872063,-0.199987,0.725407,-0.622717,0.086067,-0.471395,-0.579957,-0.208649
1203162345,-1.007869,-0.872063,-0.199987,0.725407,-0.617210,0.086067,-0.471395,-0.580697,-0.208649
1203162354,-1.007869,-0.872063,-0.199987,0.725407,-0.615761,0.086067,-0.471395,-0.576383,-0.208649
1203162381,-1.007869,-0.872063,-0.199987,0.725407,-0.620108,0.086067,-0.471395,-0.580327,-0.208649
1203162390,-1.007869,-0.872063,-0.199987,0.725407,-0.624745,0.086067,-0.471395,-0.582545,-0.208649
1203162399,-1.007869,-0.872063,-0.199987,0.725407,-0.623296,0.086067,-0.471395,-0.581436,-0.208649
1203162408,-1.007869,-0.872063,-0.199987,0.725407,-0.619819,0.086067,-0.471395,-0.582052,-0.208649
1203162435,-1.007869,-0.872063,-0.199987,0.725407,-0.622717,0.086067,-0.471395,-0.581436,-0.208649
1203162453,-1.007869,-0.872063,-0.199987,0.725407,-0.621847,0.086067,-0.471395,-0.581436,-0.208649
1203162462,-1.007869,-0.872063,-0.199987,0.725407,-0.619819,0.086067,-0.471395,-0.583161,-0.208649
1203162489,-1.007869,-0.872063,-0.199987,0.725407,-0.621557,0.086067,-0.471395,-0.581313,-0.208649
1203162498,-1.007869,-0.872063,-0.199987,0.725407,-0.622427,0.086067,-0.471395,-0.580820,-0.208649
1203162507,-1.007869,-0.872063,-0.199987,0.725407,-0.624166,0.086067,-0.471395,-0.585133,-0.208649
1203162516,-1.007869,-0.872063,-0.199987,0.725407,-0.619819,0.086067,-0.471395,-0.583161,-0.208649
1203162543,-1.007869,-0.872063,-0.199987,0.725407,-0.620108,0.086067,-0.471395,-0.582176,-0.208649
1203162552,-1.007869,-0.872063,-0.199987,0.725407,-0.621557,0.086067,-0.471395,-0.582176,-0.208649
1203162561,-1.007869,-0.872063,-0.199987,0.725407,-0.621557,0.086067,-0.471395,-0.581066,-0.208649
1203162570,-1.007869,-0.872063,-0.199987,0.725407,-0.619819,0.086067,-0.471395,-0.583408,-0.208649
1203162597,-1.007869,-0.872063,-0.199987,0.725407,-0.621847,0.086067,-0.471395,-0.586489,-0.208649
1203162606,-1.007869,-0.872063,-0.199987,0.725407,-0.622427,0.086067,-0.471395,-0.586366,-0.208649
1203162615,-1.007869,-0.872063,-0.199987,0.725407,-0.621847,0.086067,-0.471395,-0.584394,-0.208649
1203162624,-1.007869,-0.872063,-0.199987,0.725407,-0.619819,0.086067,-0.471395,-0.586366,-0.208649
1203162660,-0.990916,-0.872063,-0.199987,0.725407,-0.654885,0.086067,-0.471395,-0.584517,-0.208649
1203162669,-0.961756,-0.872063,-0.199987,0.725407,-0.644162,0.086067,-0.471395,-0.584271,-0.208649
1203162714,-0.895977,-0.872063,-0.199987,0.725407,-0.574319,0.086067,-0.471395,-0.582915,-0.208649
1203162723,-0.895977,-0.872063,-0.199987,0.725407,-0.574609,0.086067,-0.471395,-0.581806,-0.208649
1203162732,-0.895977,-0.872063,-0.199987,0.725407,-0.573450,0.086067,-0.471395,-0.579341,-0.208649
1203162768,-0.895977,-0.872063,-0.199987,0.725407,-0.571131,0.086067,-0.471395,-0.580697,-0.208649
1203162777,-0.895977,-0.872063,-0.199987,0.725407,-0.571711,0.086067,-0.471395,-0.579711,-0.208649
1203162786,-0.895977,-0.872063,-0.199987,0.725407,-0.571131,0.086067,-0.471395,-0.579588,-0.208649
1203162822,-0.895977,-0.872063,-0.199987,0.725407,-0.575188,0.086067,-0.471395,-0.580450,-0.208649
1203162831,-0.895977,-0.872063,-0.199987,0.725407,-0.571131,0.086067,-0.471395,-0.577739,-0.208649
1203162840,-0.895977,-0.872063,-0.199987,0.725407,-0.572870,0.086067,-0.471395,-0.580081,-0.208649
1203162876,-0.895977,-0.872063,-0.199987,0.725407,-0.571131,0.086067,-0.471395,-0.578109,-0.208649
1203162894,-0.895977,-0.872063,-0.199987,0.725407,-0.573740,0.086067,-0.471395,-0.583038,-0.208649
1203162930,-0.895977,-0.872063,-0.199987,0.725407,-0.572870,0.086067,-0.471395,-0.581929,-0.208649
1203162939,-0.895977,-0.872063,-0.199987,0.725407,-0.572001,0.086067,-0.471395,-0.583654,-0.208649
1203162948,-0.895977,-0.872063,-0.199987,0.725407,-0.572870,0.086067,-0.471395,-0.581313,-0.208649
1203162975,-0.895977,-0.872063,-0.199987,0.725407,-0.576927,0.086067,-0.471395,-0.583654,-0.208649
1203162984,-0.895977,-0.872063,-0.199987,0.725407,-0.572580,0.086067,-0.471395,-0.581683,-0.208649
1203162993,-0.895977,-0.872063,-0.199987,0.725407,-0.574609,0.086067,-0.471395,-0.581436,-0.208649
1203163002,-0.895977,-0.872063,-0.199987,0.725407,-0.572001,0.086067,-0.471395,-0.580081,-0.208649
1203163029,-0.895977,-0.872063,-0.199987,0.725407,-0.571131,0.086067,-0.471395,-0.581929,-0.208649
1203163038,-0.895977,-0.872063,-0.199987,0.725407,-0.571711,0.086067,-0.471395,-0.581559,-0.208649
1203163047,-0.895977,-0.872063,-0.199987,0.725407,-0.571131,0.086067,-0.471395,-0.579218,-0.208649
1203163056,-0.895977,-0.872063,-0.199987,0.725407,-0.574319,0.086067,-0.471395,-0.579834,-0.208649
1203163083,-0.895977,-0.872063,-0.199987,0.725407,-0.575188,0.086067,-0.471395,-0.580204,-0.208649
1203163101,-0.895977,-0.872063,-0.199987,0.725407,-0.573740,0.086067,-0.471395,-0.581929,-0.208649
1203163110,-0.895977,-0.872063,-0.199987,0.725407,-0.572870,0.086067,-0.471395,-0.584640,-0.208649
1203163137,-0.895977,-0.872063,-0.199987,0.725407,-0.575188,0.086067,-0.471395,-0.582668,-0.208649
1203163155,-0.895977,-0.872063,-0.199987,0.725407,-0.574609,0.086067,-0.471395,-0.581806,-0.208649
1203163164,-0.895977,-0.872063,-0.199987,0.725407,-0.573740,0.086067,-0.471395,-0.584640,-0.208649
1203163191,-0.895977,-0.872063,-0.199987,0.725407,-0.576348,0.086067,-0.471395,-0.580204,-0.208649
1203163200,-0.895977,-0.872063,-0.199987,0.725407,-0.575478,0.086067,-0.471395,-0.582422,-0.208649
1203163209,-0.895977,-0.872063,-0.199987,0.725407,-0.573450,0.086067,-0.471395,-0.582545,-0.208649
1203163218,-0.895977,-0.872063,-0.199987,0.725407,-0.572870,0.086067,-0.471395,-0.580697,-0.208649
1203163245,-0.895977,-0.872063,-0.199987,0.725407,-0.572580,0.086067,-0.471395,-0.579218,-0.208649
1203163254,-0.895977,-0.872063,-0.199987,0.725407,-0.574319,0.086067,-0.471395,-0.581806,-0.208649
1203163263,-0.895977,-0.872063,-0.199987,0.725407,-0.572870,0.086067,-0.471395,-0.580450,-0.208649
1203163272,-0.895977,-0.872063,-0.199987,0.725407,-0.570262,0.086067,-0.471395,-0.580450,-0.208649
1203163299,-0.895977,-0.872063,-0.199987,0.725407,-0.570841,0.086067,-0.471395,-0.581436,-0.208649
1203163308,-0.895977,-0.872063,-0.199987,0.725407,-0.571131,0.086067,-0.471395,-0.577862,-0.208649
1203163317,-0.895977,-0.872063,-0.199987,0.725407,-0.574319,0.086067,-0.471395,-0.581559,-0.208649
1203163362,-0.895977,-0.872063,-0.199987,0.725407,-0.578666,0.086067,-0.471395,-0.583778,-0.208649
1203163371,-0.895977,-0.872063,-0.199987,0.725407,-0.575188,0.086067,-0.471395,-0.579834,-0.208649
1203163416,-0.895977,-0.872063,-0.199987,0.725407,-0.575188,0.086067,-0.471395,-0.581559,-0.208649
1203163425,-0.895977,-0.872063,-0.199987,0.725407,-0.574609,0.086067,-0.471395,-0.581066,-0.208649
1203163434,-0.895977,-0.872063,-0.199987,0.725407,-0.575188,0.086067,-0.471395,-0.582299,-0.208649
1203163470,-0.895977,-0.872063,-0.199987,0.725407,-0.571711,0.086067,-0.471395,-0.578725,-0.208649
1203163479,-0.895977,-0.872063,-0.199987,0.725407,-0.574319,0.086067,-0.471395,-0.580450,-0.208649
1203163488,-0.895977,-0.872063,-0.199987,0.725407,-0.572580,0.086067,-0.471395,-0.582668,-0.208649
1203163524,-0.895977,-0.872063,-0.199987,0.725407,-0.570262,0.086067,-0.471395,-0.579957,-0.208649
1203163533,-0.895977,-0.872063,-0.199987,0.725407,-0.578666,0.086067,-0.471395,-0.580081,-0.208649
1203163542,-0.895977,-0.872063,-0.199987,0.725407,-0.572001,0.086067,-0.471395,-0.581806,-0.208649
1203163578,-0.895977,-0.872063,-0.199987,0.725407,-0.576927,0.086067,-0.471395,-0.579834,-0.208649
1203163596,-0.895977,-0.872063,-0.199987,0.725407,-0.578666,0.086067,-0.471395,-0.580697,-0.208649
1203163623,-0.895977,-0.872063,-0.199987,0.725407,-0.573450,0.086067,-0.471395,-0.580697,-0.208649
1203163632,-0.895977,-0.872063,-0.199987,0.725407,-0.570841,0.086067,-0.471395,-0.580450,-0.208649
1203163641,-0.895977,-0.872063,-0.199987,0.725407,-0.572870,0.086067,-0.471395,-0.582052,-0.208649
1203163650,-0.895977,-0.872063,-0.199987,0.725407,-0.574319,0.086067,-0.471395,-0.579464,-0.208649
1203163677,-0.895977,-0.872063,-0.199987,0.725407,-0.574319,0.086067,-0.471395,-0.582299,-0.208649
1203163686,-0.895977,-0.872063,-0.199987,0.725407,-0.570262,0.086067,-0.471395,-0.578109,-0.208649
1203163695,-0.895977,-0.872063,-0.199987,0.725407,-0.574319,0.086067,-0.471395,-0.582792,-0.208649
1203163704,-0.895977,-0.872063,-0.199987,0.725407,-0.572001,0.086067,-0.471395,-0.580450,-0.208649
1203163731,-0.895977,-0.872063,-0.199987,0.725407,-0.577217,0.086067,-0.471395,-0.577862,-0.208649
1203163740,-0.895977,-0.872063,-0.199987,0.725407,-0.574319,0.086067,-0.471395,-0.577739,-0.208649
1203163749,-0.895977,-0.872063,-0.199987,0.725407,-0.572001,0.086067,-0.471395,-0.579218,-0.208649
1203163758,-0.895977,-0.872063,-0.199987,0.725407,-0.575188,0.086067,-0.471395,-0.580450,-0.208649
1203163785,-0.895977,-0.872063,-0.199987,0.725407,-0.571711,0.086067,-0.471395,-0.579095,-0.208649
1203163803,-0.895977,-0.872063,-0.199987,0.725407,-0.576348,0.086067,-0.471395,-0.578602,-0.208649
1203163812,-0.895977,-0.872063,-0.199987,0.725407,-0.576927,0.086067,-0.471395,-0.577862,-0.208649
1203163839,-0.895977,-0.872063,-0.199987,0.725407,-0.573450,0.086067,-0.471395,-0.578848,-0.208649
1203163848,-0.895977,-0.872063,-0.199987,0.725407,-0.576927,0.086067,-0.471395,-0.580943,-0.208649
1203163857,-0.895977,-0.872063,-0.199987,0.725407,-0.573740,0.086067,-0.471395,-0.580204,-0.208649
1203163866,-0.895977,-0.872063,-0.199987,0.725407,-0.574319,0.086067,-0.471395,-0.581559,-0.208649
1203163893,-0.895977,-0.872063,-0.199987,0.725407,-0.571711,0.086067,-0.471395,-0.581436,-0.208649
1203163902,-0.895977,-0.872063,-0.199987,0.725407,-0.570262,0.086067,-0.471395,-0.578602,-0.208649
1203163911,-0.895977,-0.872063,-0.199987,0.725407,-0.572870,0.086067,-0.471395,-0.576383,-0.208649
1203163920,-0.895977,-0.872063,-0.199987,0.725407,-0.570262,0.086067,-0.471395,-0.581559,-0.208649
1203163947,-0.895977,-0.872063,-0.199987,0.725407,-0.570841,0.086067,-0.471395,-0.578109,-0.208649
1203163956,-0.895977,-0.872063,-0.199987,0.725407,-0.572001,0.086067,-0.471395,-0.577493,-0.208649
1203163965,-0.895977,-0.872063,-0.199987,0.725407,-0.566494,0.086067,-0.471395,-0.577246,-0.208649
1203163974,-0.895977,-0.872063,-0.199987,0.725407,-0.574319,0.086067,-0.471395,-0.579588,-0.208649
1203164010,-0.895977,-0.872063,-0.199987,0.725407,-0.573450,0.086067,-0.471395,-0.576876,-0.208649
1203164019,-0.895977,-0.872063,-0.199987,0.725407,-0.571711,0.086067,-0.471395,-0.578232,-0.208649
1203164064,-0.895977,-0.872063,-0.199987,0.725407,-0.573450,0.086067,-0.471395,-0.577493,-0.208649
1203164073,-0.895977,-0.872063,-0.199987,0.725407,-0.573740,0.086067,-0.471395,-0.578478,-0.208649
1203164082,-0.895977,-0.872063,-0.199987,0.725407,-0.570841,0.086067,-0.471395,-0.578602,-0.208649
1203164118,-0.895977,-0.872063,-0.199987,0.725407,-0.572870,0.086067,-0.471395,-0.575028,-0.208649
1203164127,-0.895977,-0.872063,-0.199987,0.725407,-0.574609,0.086067,-0.471395,-0.578232,-0.208649
1203164136,-0.895977,-0.872063,-0.199987,0.725407,-0.573450,0.086067,-0.471395,-0.578971,-0.208649
1203164172,-0.895977,-0.872063,-0.199987,0.725407,-0.572580,0.086067,-0.471395,-0.580573,-0.208649
1203164181,-0.895977,-0.872063,-0.199987,0.725407,-0.569682,0.086067,-0.471395,-0.580943,-0.208649
1203164190,-0.895977,-0.872063,-0.199987,0.725407,-0.571131,0.086067,-0.471395,-0.577862,-0.208649
1203164226,-0.895977,-0.872063,-0.199987,0.725407,-0.572580,0.086067,-0.471395,-0.580820,-0.208649
1203164244,-0.895977,-0.872063,-0.199987,0.725407,-0.569972,0.086067,-0.471395,-0.578602,-0.208649
1203164280,-0.895977,-0.872063,-0.199987,0.725407,-0.569103,0.086067,-0.471395,-0.578232,-0.208649
1203164289,-0.895977,-0.872063,-0.199987,0.725407,-0.570841,0.086067,-0.471395,-0.578109,-0.208649
1203164298,-0.895977,-0.872063,-0.199987,0.725407,-0.570841,0.086067,-0.471395,-0.578232,-0.208649
1203164325,-0.895977,-0.872063,-0.199987,0.725407,-0.572870,0.086067,-0.471395,-0.579341,-0.208649
1203164334,-0.895977,-0.872063,-0.199987,0.725407,-0.573740,0.086067,-0.471395,-0.578109,-0.208649
1203164343,-0.895977,-0.872063,-0.199987,0.725407,-0.573450,0.086067,-0.471395,-0.577986,-0.208649
1203164352,-0.895977,-0.872063,-0.199987,0.725407,-0.572870,0.086067,-0.471395,-0.577616,-0.208649
1203164379,-0.895977,-0.872063,-0.199987,0.725407,-0.569972,0.086067,-0.471395,-0.575274,-0.208649
1203164388,-0.895977,-0.872063,-0.199987,0.725407,-0.571711,0.086067,-0.471395,-0.574412,-0.208649
1203164397,-0.895977,-0.872063,-0.199987,0.725407,-0.569103,0.086067,-0.471395,-0.577246,-0.208649
1203164406,-0.895977,-0.872063,-0.199987,0.725407,-0.569972,0.086067,-0.471395,-0.576260,-0.208649
1203164433,-0.895977,-0.872063,-0.199987,0.725407,-0.573450,0.086067,-0.471395,-0.572686,-0.208649
1203164451,-0.895977,-0.872063,-0.199987,0.725407,-0.571131,0.086067,-0.471395,-0.576383,-0.208649
1203164460,-0.895977,-0.872063,-0.199987,0.725407,-0.573450,0.086067,-0.471395,-0.578232,-0.208649
1203164487,-0.895977,-0.872063,-0.199987,0.725407,-0.570262,0.086067,-0.471395,-0.576876,-0.208649
1203164505,-0.895977,-0.872063,-0.199987,0.725407,-0.572580,0.086067,-0.471395,-0.577616,-0.208649
1203164514,-0.895977,-0.872063,-0.199987,0.725407,-0.570841,0.086067,-0.471395,-0.576260,-0.208649
1203164541,-0.895977,-0.872063,-0.199987,0.725407,-0.569972,0.086067,-0.471395,-0.575398,-0.208649
1203164550,-0.895977,-0.872063,-0.199987,0.725407,-0.575478,0.086067,-0.471395,-0.575644,-0.208649
1203164559,-0.895977,-0.872063,-0.199987,0.725407,-0.569972,0.086067,-0.471395,-0.577616,-0.208649
1203164568,-0.895977,-0.872063,-0.199987,0.725407,-0.571711,0.086067,-0.471395,-0.577616,-0.208649
1203164595,-0.895977,-0.872063,-0.199987,0.725407,-0.571711,0.086067,-0.471395,-0.573796,-0.208649
1203164604,-0.895977,-0.872063,-0.199987,0.725407,-0.570841,0.086067,-0.471395,-0.577739,-0.208649
1203164613,-0.895977,-0.872063,-0.199987,0.725407,-0.568813,0.086067,-0.471395,-0.574658,-0.208649
1203164622,-0.895977,-0.872063,-0.199987,0.725407,-0.569103,0.086067,-0.471395,-0.577739,-0.208649
1203164649,-0.895977,-0.872063,-0.199987,0.725407,-0.569103,0.086067,-0.471395,-0.577862,-0.208649
1203164658,-0.895977,-0.872063,-0.199987,0.725407,-0.569972,0.086067,-0.471395,-0.578602,-0.208649
1203164667,-0.895977,-0.872063,-0.199987,0.725407,-0.573740,0.086067,-0.471395,-0.578848,-0.208649
1203164712,-0.895977,-0.872063,-0.199987,0.725407,-0.574609,0.086067,-0.471395,-0.579218,-0.208649
1203164721,-0.895977,-0.872063,-0.199987,0.725407,-0.572870,0.086067,-0.471395,-0.575891,-0.208649
1203164766,-0.895977,-0.872063,-0.199987,0.725407,-0.569972,0.086067,-0.471395,-0.577246,-0.208649
1203164775,-0.895977,-0.872063,-0.199987,0.725407,-0.571711,0.086067,-0.471395,-0.579957,-0.208649
1203164784,-0.895977,-0.872063,-0.199987,0.725407,-0.573740,0.086067,-0.471395,-0.579095,-0.208649
1203164820,-0.895977,-0.872063,-0.199987,0.725407,-0.570841,0.086067,-0.471395,-0.578602,-0.208649
1203164829,-0.895977,-0.872063,-0.199987,0.725407,-0.570841,0.086067,-0.471395,-0.575151,-0.208649
1203164838,-0.895977,-0.872063,-0.199987,0.725407,-0.570841,0.086067,-0.471395,-0.575151,-0.208649
1203164874,-0.895977,-0.872063,-0.199987,0.725407,-0.574609,0.086067,-0.471395,-0.577369,-0.208649
1203164883,-0.895977,-0.872063,-0.199987,0.725407,-0.575478,0.086067,-0.471395,-0.580573,-0.208649
1203164892,-0.895977,-0.872063,-0.199987,0.725407,-0.575188,0.086067,-0.471395,-0.578602,-0.208649
1203164928,-0.895977,-0.872063,-0.199987,0.725407,-0.572870,0.086067,-0.471395,-0.577986,-0.208649
1203164946,-0.895977,-0.872063,-0.199987,0.725407,-0.572870,0.086067,-0.471395,-0.577739,-0.208649
1203164973,-0.895977,-0.872063,-0.199987,0.725407,-0.573450,0.086067,-0.471395,-0.579218,-0.208649
1203164982,-0.895977,-0.872063,-0.199987,0.725407,-0.570841,0.086067,-0.471395,-0.579957,-0.208649
1203164991,-0.895977,-0.872063,-0.199987,0.725407,-0.571131,0.086067,-0.471395,-0.581066,-0.208649
1203165000,-0.895977,-0.872063,-0.199987,0.725407,-0.571131,0.086067,-0.471395,-0.578848,-0.208649
1203165027,-0.895977,-0.872063,-0.199987,0.725407,-0.571131,0.086067,-0.471395,-0.585133,-0.208649
1203165036,-0.895977,-0.872063,-0.199987,0.725407,-0.571711,0.086067,-0.471395,-0.583778,-0.208649
1203165045,-0.895977,-0.872063,-0.199987,0.725407,-0.572580,0.086067,-0.471395,-0.581559,-0.208649
1203165054,-0.895977,-0.872063,-0.199987,0.725407,-0.573740,0.086067,-0.471395,-0.581929,-0.208649
1203165081,-0.895977,-0.872063,-0.199987,0.725407,-0.573450,0.086067,-0.471395,-0.580820,-0.208649
1203165090,-0.895977,-0.872063,-0.199987,0.725407,-0.569972,0.086067,-0.471395,-0.584394,-0.208649
1203165099,-0.895977,-0.872063,-0.199987,0.725407,-0.572580,0.086067,-0.471395,-0.581683,-0.208649
1203165108,-0.895977,-0.872063,-0.199987,0.725407,-0.571711,0.086067,-0.471395,-0.582299,-0.208649
1203165135,-0.895977,-0.872063,-0.199987,0.725407,-0.572001,0.086067,-0.471395,-0.575644,-0.208649
1203165153,-0.895977,-0.872063,-0.199987,0.725407,-0.572870,0.086067,-0.471395,-0.579834,-0.208649
1203165162,-0.895977,-0.872063,-0.199987,0.725407,-0.573740,0.086067,-0.471395,-0.578971,-0.208649
1203165189,-0.895977,-0.872063,-0.199987,0.725407,-0.572870,0.086067,-0.471395,-0.575398,-0.208649
1203165198,-0.895977,-0.872063,-0.199987,0.725407,-0.572001,0.086067,-0.471395,-0.578232,-0.208649
1203165207,-0.895977,-0.872063,-0.199987,0.725407,-0.572001,0.086067,-0.471395,-0.580081,-0.208649
1203165216,-0.895977,-0.872063,-0.199987,0.725407,-0.571131,0.086067,-0.471395,-0.579834,-0.208649
1203165243,-0.895977,-0.872063,-0.199987,0.725407,-0.573450,0.086067,-0.471395,-0.576507,-0.208649
1203165252,-0.895977,-0.872063,-0.199987,0.725407,-0.570841,0.086067,-0.471395,-0.574042,-0.208649
1203165261,-0.895977,-0.872063,-0.199987,0.725407,-0.568813,0.086067,-0.471395,-0.574412,-0.208649
1203165270,-0.895977,-0.872063,-0.199987,0.725407,-0.571131,0.086067,-0.471395,-0.574905,-0.208649
1203165297,-0.895977,-0.872063,-0.199987,0.725407,-0.569682,0.086067,-0.471395,-0.577123,-0.208649
1203165306,-0.895977,-0.872063,-0.199987,0.725407,-0.567943,0.086067,-0.471395,-0.577616,-0.208649
1203165315,-0.895977,-0.872063,-0.199987,0.725407,-0.571131,0.086067,-0.471395,-0.575274,-0.208649
1203165324,-0.895977,-0.872063,-0.199987,0.725407,-0.572001,0.086067,-0.471395,-0.579095,-0.208649
1203165360,-0.895977,-0.872063,-0.199987,0.725407,-0.571131,0.086067,-0.471395,-0.576137,-0.208649
1203165369,-0.895977,-0.872063,-0.199987,0.725407,-0.571711,0.086067,-0.471395,-0.576014,-0.208649
1203165414,-0.895977,-0.872063,-0.199987,0.725407,-0.570262,0.086067,-0.471395,-0.578109,-0.208649
1203165423,-0.895977,-0.872063,-0.199987,0.725407,-0.572580,0.086067,-0.471395,-0.580450,-0.208649
1203165432,-0.895977,-0.872063,-0.199987,0.725407,-0.569103,0.086067,-0.471395,-0.579095,-0.208649
1203165468,-0.895977,-0.872063,-0.199987,0.725407,-0.569682,0.086067,-0.471395,-0.578602,-0.208649
1203165477,-0.895977,-0.872063,-0.199987,0.725407,-0.571131,0.086067,-0.471395,-0.578232,-0.208649
1203165486,-0.895977,-0.872063,-0.199987,0.725407,-0.572580,0.086067,-0.471395,-0.577862,-0.208649
1203165522,-0.895977,-0.872063,-0.199987,0.725407,-0.573450,0.086067,-0.471395,-0.578232,-0.208649
1203165531,-0.895977,-0.872063,-0.199987,0.725407,-0.572001,0.086067,-0.471395,-0.575891,-0.208649
1203165540,-0.895977,-0.872063,-0.199987,0.725407,-0.573450,0.086067,-0.471395,-0.577000,-0.208649
1203165576,-0.895977,-0.872063,-0.199987,0.725407,-0.570262,0.086067,-0.471395,-0.580327,-0.208649
1203165594,-0.895977,-0.872063,-0.199987,0.725407,-0.571711,0.086067,-0.471395,-0.576630,-0.208649
1203165630,-0.895977,-0.872063,-0.199987,0.725407,-0.571131,0.086067,-0.471395,-0.577862,-0.208649
1203165639,-0.895977,-0.872063,-0.199987,0.725407,-0.576927,0.086067,-0.471395,-0.579834,-0.208649
1203165648,-0.895977,-0.872063,-0.199987,0.725407,-0.571131,0.086067,-0.471395,-0.580204,-0.208649
1203165675,-0.895977,-0.872063,-0.199987,0.725407,-0.569972,0.086067,-0.471395,-0.579834,-0.208649
1203165684,-0.895977,-0.872063,-0.199987,0.725407,-0.570262,0.086067,-0.471395,-0.578355,-0.208649
1203165693,-0.895977,-0.872063,-0.199987,0.725407,-0.571131,0.086067,-0.471395,-0.581313,-0.208649
1203165702,-0.895977,-0.872063,-0.199987,0.725407,-0.573740,0.086067,-0.471395,-0.580450,-0.208649
1203165729,-0.895977,-0.872063,-0.199987,0.725407,-0.574609,0.086067,-0.471395,-0.581683,-0.208649
1203165738,-0.895977,-0.872063,-0.199987,0.725407,-0.572580,0.086067,-0.471395,-0.581559,-0.208649
1203165747,-0.895977,-0.872063,-0.199987,0.725407,-0.568233,0.086067,-0.471395,-0.581559,-0.208649
1203165756,-0.895977,-0.872063,-0.199987,0.725407,-0.572001,0.086067,-0.471395,-0.582052,-0.208649
1203165783,-0.895977,-0.872063,-0.199987,0.725407,-0.569103,0.086067,-0.471395,-0.583408,-0.208649
1203165801,-0.895977,-0.872063,-0.199987,0.725407,-0.572001,0.086067,-0.471395,-0.579588,-0.208649
1203165810,-0.895977,-0.872063,-0.199987,0.725407,-0.573450,0.086067,-0.471395,-0.581313,-0.208649
1203165837,-0.895977,-0.872063,-0.199987,0.725407,-0.572870,0.086067,-0.471395,-0.580327,-0.208649
1203165855,-0.895977,-0.872063,-0.199987,0.725407,-0.571711,0.086067,-0.471395,-0.578232,-0.208649
1203165864,-0.895977,-0.872063,-0.199987,0.725407,-0.572580,0.086067,-0.471395,-0.583038,-0.208649
1203165881,-0.895977,-0.872063,-0.199987,0.725407,-0.570841,0.086067,-0.471395,-0.582422,-0.208649
1203165886,-0.895977,-0.872063,-0.199987,0.725407,-0.576058,0.086067,-0.471395,-0.583654,-0.208649
1203165891,-0.895977,-0.872063,-0.199987,0.725407,-0.573740,0.086067,-0.471395,-0.582545,-0.208649
1203165895,-0.895977,-0.872063,-0.199987,0.725407,-0.572001,0.086067,-0.471395,-0.582545,-0.208649
1203165900,-0.895977,-0.872063,-0.199987,0.725407,-0.575188,0.086067,-0.471395,-0.581559,-0.208649
1203165905,-0.895977,-0.872063,-0.199987,0.725407,-0.575478,0.086067,-0.471395,-0.581066,-0.208649
1203165909,-0.895977,-0.872063,-0.199987,0.725407,-0.572870,0.086067,-0.471395,-0.580943,-0.208649
1203165914,-0.895977,-0.872063,-0.199987,0.725407,-0.569682,0.086067,-0.471395,-0.578109,-0.208649
1203165918,-0.895977,-0.872063,-0.199987,0.725407,-0.570262,0.086067,-0.471395,-0.577616,-0.208649
1203165923,-0.895977,-0.872063,-0.199987,0.725407,-0.573450,0.086067,-0.471395,-0.581313,-0.208649
1203165926,-0.895977,-0.872063,-0.199987,0.725407,-0.569972,0.086067,-0.471395,-0.577739,-0.208649
1203165931,-0.895977,-0.872063,-0.199987,0.725407,-0.573450,0.086067,-0.471395,-0.578478,-0.208649
1203165935,-0.895977,-0.872063,-0.199987,0.725407,-0.571711,0.086067,-0.471395,-0.579711,-0.208649
1203165940,-0.895977,-0.872063,-0.199987,0.725407,-0.570841,0.086067,-0.471395,-0.581806,-0.208649
1203165945,-0.895977,-0.872063,-0.199987,0.725407,-0.569682,0.086067,-0.471395,-0.581806,-0.208649
1203165949,-0.895977,-0.872063,-0.199987,0.725407,-0.571131,0.086067,-0.471395,-0.580327,-0.208649
1203165954,-0.895977,-0.872063,-0.199987,0.725407,-0.569972,0.086067,-0.471395,-0.580943,-0.208649
1203165959,-0.895977,-0.872063,-0.199987,0.725407,-0.569972,0.086067,-0.471395,-0.580327,-0.208649
1203165963,-0.895977,-0.872063,-0.199987,0.725407,-0.573740,0.086067,-0.471395,-0.578848,-0.208649
1203165968,-0.895977,-0.872063,-0.199987,0.725407,-0.570841,0.086067,-0.471395,-0.579095,-0.208649
1203165972,-0.895977,-0.872063,-0.199987,0.725407,-0.572580,0.086067,-0.471395,-0.580943,-0.208649
1203165977,-0.895977,-0.872063,-0.199987,0.725407,-0.573450,0.086067,-0.471395,-0.578725,-0.208649
1203165980,-0.895977,-0.872063,-0.199987,0.725407,-0.572870,0.086067,-0.471395,-0.578725,-0.208649
1203165985,-0.895977,-0.872063,-0.199987,0.725407,-0.570841,0.086067,-0.471395,-0.579341,-0.208649
1203165989,-0.895977,-0.872063,-0.199987,0.725407,-0.571131,0.086067,-0.471395,-0.578848,-0.208649
1203165994,-0.895977,-0.872063,-0.199987,0.725407,-0.569972,0.086067,-0.471395,-0.578232,-0.208649
1203165999,-0.895977,-0.872063,-0.199987,0.725407,-0.573450,0.086067,-0.471395,-0.575521,-0.208649
1203166003,-0.895977,-0.872063,-0.199987,0.725407,-0.572870,0.086067,-0.471395,-0.576507,-0.208649
1203166008,-0.895977,-0.872063,-0.199987,0.725407,-0.572580,0.086067,-0.471395,-0.576876,-0.208649
1203166013,-0.895977,-0.872063,-0.199987,0.725407,-0.569682,0.086067,-0.471395,-0.577862,-0.208649
1203166017,-0.895977,-0.872063,-0.199987,0.725407,-0.569972,0.086067,-0.471395,-0.577862,-0.208649
1203166022,-0.895977,-0.872063,-0.199987,0.725407,-0.570841,0.086067,-0.471395,-0.578109,-0.208649
1203166031,-0.895977,-0.872063,-0.199987,0.725407,-0.575478,0.086067,-0.471395,-0.582545,-0.208649
1203166034,-0.895977,-0.872063,-0.199987,0.725407,-0.569972,0.086067,-0.471395,-0.582792,-0.208649
1203166039,-0.895977,-0.872063,-0.199987,0.725407,-0.572870,0.086067,-0.471395,-0.581559,-0.208649
1203166043,-0.895977,-0.872063,-0.199987,0.725407,-0.570262,0.086067,-0.471395,-0.580697,-0.208649
1203166048,-0.895977,-0.872063,-0.199987,0.725407,-0.573450,0.086067,-0.471395,-0.583654,-0.208649
1203166057,-0.895977,-0.872063,-0.199987,0.725407,-0.574319,0.086067,-0.471395,-0.581683,-0.208649
1203166062,-0.895977,-0.872063,-0.199987,0.725407,-0.571711,0.086067,-0.471395,-0.581190,-0.208649
1203166067,-0.895977,-0.872063,-0.199987,0.725407,-0.569103,0.086067,-0.471395,-0.581190,-0.208649
1203166071,-0.895977,-0.872063,-0.199987,0.725407,-0.571131,0.086067,-0.471395,-0.582299,-0.208649
1203166076,-0.895977,-0.872063,-0.199987,0.725407,-0.571131,0.086067,-0.471395,-0.578232,-0.208649
1203166085,-0.895977,-0.872063,-0.199987,0.725407,-0.573450,0.086067,-0.471395,-0.577493,-0.208649
1203166088,-0.895977,-0.872063,-0.199987,0.725407,-0.572580,0.086067,-0.471395,-0.580573,-0.208649
1203166093,-0.895977,-0.872063,-0.199987,0.725407,-0.572580,0.086067,-0.471395,-0.582052,-0.208649
1203166097,-0.895977,-0.872063,-0.199987,0.725407,-0.573740,0.086067,-0.471395,-0.583654,-0.208649
1203166102,-0.895977,-0.872063,-0.199987,0.725407,-0.573450,0.086067,-0.471395,-0.584887,-0.208649
1203166106,-0.895977,-0.872063,-0.199987,0.725407,-0.569682,0.086067,-0.471395,-0.580450,-0.208649
1203166111,-0.895977,-0.872063,-0.199987,0.725407,-0.573740,0.086067,-0.471395,-0.581929,-0.208649
1203166116,-0.895977,-0.872063,-0.199987,0.725407,-0.573740,0.086067,-0.471395,-0.582545,-0.208649
1203166121,-0.895977,-0.872063,-0.199987,0.725407,-0.573450,0.086067,-0.471395,-0.582545,-0.208649
1203166125,-0.895977,-0.872063,-0.199987,0.725407,-0.574319,0.086067,-0.471395,-0.580450,-0.208649
1203166130,-0.895977,-0.872063,-0.199987,0.725407,-0.573740,0.086067,-0.471395,-0.585010,-0.208649
1203166134,-0.895977,-0.872063,-0.199987,0.725407,-0.573740,0.086067,-0.471395,-0.581683,-0.208649
1203166139,-0.895977,-0.872063,-0.199987,0.725407,-0.572001,0.086067,-0.471395,-0.581313,-0.208649
1203166142,-0.895977,-0.872063,-0.199987,0.725407,-0.572001,0.086067,-0.471395,-0.583408,-0.208649
1203166147,-0.895977,-0.872063,-0.199987,0.725407,-0.568813,0.086067,-0.471395,-0.582422,-0.208649
1203166151,-0.895977,-0.872063,-0.199987,0.725407,-0.575188,0.086067,-0.471395,-0.582422,-0.208649
1203166156,-0.895977,-0.872063,-0.199987,0.725407,-0.573450,0.086067,-0.471395,-0.580697,-0.208649
1203166160,-0.895977,-0.872063,-0.199987,0.725407,-0.571711,0.086067,-0.471395,-0.580943,-0.208649
1203166165,-0.895977,-0.872063,-0.199987,0.725407,-0.572580,0.086067,-0.471395,-0.577246,-0.208649
1203166170,-0.895977,-0.872063,-0.199987,0.725407,-0.571131,0.086067,-0.471395,-0.584394,-0.208649
1203166175,-0.895977,-0.872063,-0.199987,0.725407,-0.570262,0.086067,-0.471395,-0.580204,-0.208649
1203166179,-0.895977,-0.872063,-0.199987,0.725407,-0.573740,0.086067,-0.471395,-0.579341,-0.208649
1203166184,-0.895977,-0.872063,-0.199987,0.725407,-0.572001,0.086067,-0.471395,-0.581066,-0.208649
1203166188,-0.895977,-0.872063,-0.199987,0.725407,-0.572580,0.086067,-0.471395,-0.578725,-0.208649
1203166193,-0.895977,-0.872063,-0.199987,0.725407,-0.572001,0.086067,-0.471395,-0.578971,-0.208649
1203166196,-0.895977,-0.872063,-0.199987,0.725407,-0.574319,0.086067,-0.471395,-0.581066,-0.208649
1203166201,-0.895977,-0.872063,-0.199987,0.725407,-0.573740,0.086067,-0.471395,-0.579957,-0.208649
1203166205,-0.895977,-0.872063,-0.199987,0.725407,-0.572001,0.086067,-0.471395,-0.579957,-0.208649
1203166210,-0.895977,-0.872063,-0.199987,0.725407,-0.576058,0.086067,-0.471395,-0.578232,-0.208649
1203166214,-0.895977,-0.872063,-0.199987,0.725407,-0.572870,0.086067,-0.471395,-0.578971,-0.208649
1203166219,-0.895977,-0.872063,-0.199987,0.725407,-0.573450,0.086067,-0.471395,-0.582176,-0.208649
1203166224,-0.895977,-0.872063,-0.199987,0.725407,-0.577217,0.086067,-0.471395,-0.582176,-0.208649
1203166229,-0.895977,-0.872063,-0.199987,0.725407,-0.575188,0.086067,-0.471395,-0.579588,-0.208649
1203166233,-0.895977,-0.872063,-0.199987,0.725407,-0.574319,0.086067,-0.471395,-0.582176,-0.208649
1203166238,-0.895977,-0.872063,-0.199987,0.725407,-0.569972,0.086067,-0.471395,-0.582299,-0.208649
1203166242,-0.895977,-0.872063,-0.199987,0.725407,-0.575478,0.086067,-0.471395,-0.583531,-0.208649
1203166247,-0.895977,-0.872063,-0.199987,0.725407,-0.573450,0.086067,-0.471395,-0.580943,-0.208649
1203166250,-0.895977,-0.872063,-0.199987,0.725407,-0.575478,0.086067,-0.471395,-0.582176,-0.208649
1203166255,-0.895977,-0.872063,-0.199987,0.725407,-0.571711,0.086067,-0.471395,-0.583161,-0.208649
1203166264,-0.895977,-0.872063,-0.199987,0.725407,-0.573450,0.086067,-0.471395,-0.583901,-0.208649
1203166268,-0.895977,-0.872063,-0.199987,0.725407,-0.571131,0.086067,-0.471395,-0.583778,-0.208649
1203166273,-0.895977,-0.872063,-0.199987,0.725407,-0.572870,0.086067,-0.471395,-0.579588,-0.208649
1203166278,-0.895977,-0.872063,-0.199987,0.725407,-0.576348,0.086067,-0.471395,-0.580204,-0.208649
1203166283,-0.895977,-0.872063,-0.199987,0.725407,-0.577797,0.086067,-0.471395,-0.578971,-0.208649
1203166292,-0.895977,-0.872063,-0.199987,0.725407,-0.575478,0.086067,-0.471395,-0.581559,-0.208649
1203166296,-0.895977,-0.872063,-0.199987,0.725407,-0.575188,0.086067,-0.471395,-0.582668,-0.208649
1203166301,-0.895977,-0.872063,-0.199987,0.725407,-0.573450,0.086067,-0.471395,-0.582052,-0.208649
1203166304,-0.895977,-0.872063,-0.199987,0.725407,-0.573450,0.086067,-0.471395,-0.580450,-0.208649
1203166309,-0.895977,-0.872063,-0.199987,0.725407,-0.574319,0.086067,-0.471395,-0.582299,-0.208649
1203166313,-0.895977,-0.872063,-0.199987,0.725407,-0.572580,0.086067,-0.471395,-0.581806,-0.208649
1203166318,-0.895977,-0.872063,-0.199987,0.725407,-0.572870,0.086067,-0.471395,-0.582915,-0.208649
1203166323,-0.895977,-0.872063,-0.199987,0.725407,-0.575478,0.086067,-0.471395,-0.585626,-0.208649
1203166327,-0.895977,-0.872063,-0.199987,0.725407,-0.573450,0.086067,-0.471395,-0.581683,-0.208649
1203166332,-0.895977,-0.872063,-0.199987,0.725407,-0.571711,0.086067,-0.471395,-0.582422,-0.208649
1203166337,-0.895977,-0.872063,-0.199987,0.725407,-0.573740,0.086067,-0.471395,-0.582915,-0.208649
1203166341,-0.895977,-0.872063,-0.199987,0.725407,-0.576927,0.086067,-0.471395,-0.583654,-0.208649
1203166346,-0.895977,-0.872063,-0.199987,0.725407,-0.577217,0.086067,-0.471395,-0.581929,-0.208649
1203166350,-0.895977,-0.872063,-0.199987,0.725407,-0.578087,0.086067,-0.471395,-0.579341,-0.208649
1203166355,-0.895977,-0.872063,-0.199987,0.725407,-0.570841,0.086067,-0.471395,-0.580450,-0.208649
1203166358,-0.895977,-0.872063,-0.199987,0.725407,-0.570841,0.086067,-0.471395,-0.580573,-0.208649
1203166363,-0.895977,-0.872063,-0.199987,0.725407,-0.575188,0.086067,-0.471395,-0.580204,-0.208649
1203166367,-0.895977,-0.872063,-0.199987,0.725407,-0.575188,0.086067,-0.471395,-0.579095,-0.208649
1203166372,-0.895977,-0.872063,-0.199987,0.725407,-0.572870,0.086067,-0.471395,-0.579341,-0.208649
1203166377,-0.895977,-0.872063,-0.199987,0.725407,-0.577217,0.086067,-0.471395,-0.583901,-0.208649
1203166381,-0.895977,-0.872063,-0.199987,0.725407,-0.575188,0.086067,-0.471395,-0.582545,-0.208649
1203166386,-0.895977,-0.872063,-0.199987,0.725407,-0.573450,0.086067,-0.471395,-0.583531,-0.208649
1203166391,-0.895977,-0.872063,-0.199987,0.725407,-0.572580,0.086067,-0.471395,-0.582052,-0.208649
1203166395,-0.895977,-0.872063,-0.199987,0.725407,-0.570262,0.086067,-0.471395,-0.584024,-0.208649
1203166400,-0.895977,-0.872063,-0.199987,0.725407,-0.572870,0.086067,-0.471395,-0.581806,-0.208649
1203166404,-0.895977,-0.872063,-0.199987,0.725407,-0.576348,0.086067,-0.471395,-0.582052,-0.208649
1203166409,-0.895977,-0.872063,-0.199987,0.725407,-0.575478,0.086067,-0.471395,-0.578232,-0.208649
1203166412,-0.895977,-0.872063,-0.199987,0.725407,-0.577217,0.086067,-0.471395,-0.579711,-0.208649
1203166417,-0.895977,-0.872063,-0.199987,0.725407,-0.576058,0.086067,-0.471395,-0.580327,-0.208649
1203166421,-0.895977,-0.872063,-0.199987,0.725407,-0.574319,0.086067,-0.471395,-0.579341,-0.208649
1203166426,-0.895977,-0.872063,-0.199987,0.725407,-0.569972,0.086067,-0.471395,-0.581683,-0.208649
1203166431,-0.895977,-0.872063,-0.199987,0.725407,-0.576348,0.086067,-0.471395,-0.580450,-0.208649
1203166435,-0.895977,-0.872063,-0.199987,0.725407,-0.573450,0.086067,-0.471395,-0.580697,-0.208649
1203166440,-0.895977,-0.872063,-0.199987,0.725407,-0.573740,0.086067,-0.471395,-0.578478,-0.208649
1203166445,-0.895977,-0.872063,-0.199987,0.725407,-0.573740,0.086067,-0.471395,-0.581190,-0.208649
1203166449,-0.895977,-0.872063,-0.199987,0.725407,-0.572580,0.086067,-0.471395,-0.579341,-0.208649
1203166454,-0.895977,-0.872063,-0.199987,0.725407,-0.576348,0.086067,-0.471395,-0.581066,-0.208649
1203166458,-0.895977,-0.872063,-0.199987,0.725407,-0.575188,0.086067,-0.471395,-0.579095,-0.208649
1203166463,-0.895977,-0.872063,-0.199987,0.725407,-0.571711,0.086067,-0.471395,-0.580697,-0.208649
1203166471,-0.895977,-0.872063,-0.199987,0.725407,-0.574319,0.086067,-0.471395,-0.578848,-0.208649
1203166475,-0.895977,-0.872063,-0.199987,0.725407,-0.574609,0.086067,-0.471395,-0.579834,-0.208649
1203166480,-0.895977,-0.872063,-0.199987,0.725407,-0.569682,0.086067,-0.471395,-0.579218,-0.208649
1203166485,-0.895977,-0.872063,-0.199987,0.725407,-0.573450,0.086067,-0.471395,-0.575398,-0.208649
1203166489,-0.895977,-0.872063,-0.199987,0.725407,-0.572870,0.086067,-0.471395,-0.577862,-0.208649
1203166499,-0.895977,-0.872063,-0.199987,0.725407,-0.573450,0.086067,-0.471395,-0.579957,-0.208649
1203166503,-0.895977,-0.872063,-0.199987,0.725407,-0.577217,0.086067,-0.471395,-0.580204,-0.208649
1203166508,-0.895977,-0.872063,-0.199987,0.725407,-0.571131,0.086067,-0.471395,-0.580450,-0.208649
1203166512,-0.895977,-0.872063,-0.199987,0.725407,-0.573740,0.086067,-0.471395,-0.580450,-0.208649
1203166517,-0.895977,-0.872063,-0.199987,0.725407,-0.572580,0.086067,-0.471395,-0.581066,-0.208649
1203166525,-0.895977,-0.872063,-0.199987,0.725407,-0.576058,0.086067,-0.471395,-0.577862,-0.208649
1203166529,-0.895977,-0.872063,-0.199987,0.725407,-0.570841,0.086067,-0.471395,-0.577369,-0.208649
1203166534,-0.895977,-0.872063,-0.199987,0.725407,-0.572580,0.086067,-0.471395,-0.576383,-0.208649
1203166539,-0.895977,-0.872063,-0.199987,0.725407,-0.574319,0.086067,-0.471395,-0.578355,-0.208649
1203166543,-0.895977,-0.872063,-0.199987,0.725407,-0.574319,0.086067,-0.471395,-0.575398,-0.208649
1203166548,-0.895977,-0.872063,-0.199987,0.725407,-0.575188,0.086067,-0.471395,-0.578971,-0.208649
1203166553,-0.895977,-0.872063,-0.199987,0.725407,-0.575478,0.086067,-0.471395,-0.575644,-0.208649
1203166557,-0.895977,-0.872063,-0.199987,0.725407,-0.575188,0.086067,-0.471395,-0.575891,-0.208649
1203166562,-0.895977,-0.872063,-0.199987,0.725407,-0.575188,0.086067,-0.471395,-0.575521,-0.208649
1203166566,-0.895977,-0.872063,-0.199987,0.725407,-0.575478,0.086067,-0.471395,-0.575891,-0.208649
1203166571,-0.895977,-0.872063,-0.199987,0.725407,-0.573450,0.086067,-0.471395,-0.577986,-0.208649
1203166574,-0.895977,-0.872063,-0.199987,0.725407,-0.574319,0.086067,-0.471395,-0.578109,-0.208649
1203166579,-0.895977,-0.872063,-0.199987,0.725407,-0.575188,0.086067,-0.471395,-0.577246,-0.208649
1203166583,-0.895977,-0.872063,-0.199987,0.725407,-0.571711,0.086067,-0.471395,-0.577493,-0.208649
1203166588,-0.895977,-0.872063,-0.199987,0.725407,-0.576058,0.086067,-0.471395,-0.578725,-0.208649
1203166593,-0.895977,-0.872063,-0.199987,0.725407,-0.576058,0.086067,-0.471395,-0.578848,-0.208649
1203166597,-0.895977,-0.872063,-0.199987,0.725407,-0.570841,0.086067,-0.471395,-0.581190,-0.208649
1203166602,-0.895977,-0.872063,-0.199987,0.725407,-0.574609,0.086067,-0.471395,-0.580573,-0.208649
1203166607,-0.895977,-0.872063,-0.199987,0.725407,-0.573740,0.086067,-0.471395,-0.578232,-0.208649
1203166611,-0.895977,-0.872063,-0.199987,0.725407,-0.570841,0.086067,-0.471395,-0.579711,-0.208649
1203166616,-0.895977,-0.872063,-0.199987,0.725407,-0.573740,0.086067,-0.471395,-0.577246,-0.208649
1203166620,-0.895977,-0.872063,-0.199987,0.725407,-0.576058,0.086067,-0.471395,-0.578109,-0.208649
1203166625,-0.895977,-0.872063,-0.199987,0.725407,-0.574319,0.086067,-0.471395,-0.577862,-0.208649
1203166628,-0.895977,-0.872063,-0.199987,0.725407,-0.572870,0.086067,-0.471395,-0.580450,-0.208649
1203166633,-0.895977,-0.872063,-0.199987,0.725407,-0.572580,0.086067,-0.471395,-0.579341,-0.208649
1203166637,-0.895977,-0.872063,-0.199987,0.725407,-0.572001,0.086067,-0.471395,-0.578725,-0.208649
1203166642,-0.895977,-0.872063,-0.199987,0.725407,-0.570841,0.086067,-0.471395,-0.579095,-0.208649
1203166647,-0.895977,-0.872063,-0.199987,0.725407,-0.572001,0.086067,-0.471395,-0.579341,-0.208649
1203166651,-0.895977,-0.872063,-0.199987,0.725407,-0.572580,0.086067,-0.471395,-0.579834,-0.208649
1203166656,-0.895977,-0.872063,-0.199987,0.725407,-0.573450,0.086067,-0.471395,-0.577986,-0.208649
1203166661,-0.895977,-0.872063,-0.199987,0.725407,-0.568813,0.086067,-0.471395,-0.578725,-0.208649
1203166665,-0.895977,-0.872063,-0.199987,0.725407,-0.571711,0.086067,-0.471395,-0.578971,-0.208649
1203166670,-0.895977,-0.872063,-0.199987,0.725407,-0.572001,0.086067,-0.471395,-0.579711,-0.208649
1203166674,-0.895977,-0.872063,-0.199987,0.725407,-0.572870,0.086067,-0.471395,-0.578725,-0.208649
1203166679,-0.895977,-0.872063,-0.199987,0.725407,-0.571131,0.086067,-0.471395,-0.578355,-0.208649
1203166682,-0.895977,-0.872063,-0.199987,0.725407,-0.570841,0.086067,-0.471395,-0.579464,-0.208649
1203166687,-0.895977,-0.872063,-0.199987,0.725407,-0.570841,0.086067,-0.471395,-0.577493,-0.208649
1203166691,-0.895977,-0.872063,-0.199987,0.725407,-0.573450,0.086067,-0.471395,-0.578232,-0.208649
1203166696,-0.895977,-0.872063,-0.199987,0.725407,-0.571711,0.086067,-0.471395,-0.576383,-0.208649
1203166705,-0.895977,-0.872063,-0.199987,0.725407,-0.574609,0.086067,-0.471395,-0.580081,-0.208649
1203166710,-0.895977,-0.872063,-0.199987,0.725407,-0.573450,0.086067,-0.471395,-0.581313,-0.208649
1203166715,-0.895977,-0.872063,-0.199987,0.725407,-0.570841,0.086067,-0.471395,-0.583161,-0.208649
1203166719,-0.895977,-0.872063,-0.199987,0.725407,-0.572870,0.086067,-0.471395,-0.579218,-0.208649
1203166724,-0.895977,-0.872063,-0.199987,0.725407,-0.573450,0.086067,-0.471395,-0.579464,-0.208649
1203166733,-0.895977,-0.872063,-0.199987,0.725407,-0.574319,0.086067,-0.471395,-0.578602,-0.208649
1203166736,-0.895977,-0.872063,-0.199987,0.725407,-0.571711,0.086067,-0.471395,-0.577246,-0.208649
1203166741,-0.895977,-0.872063,-0.199987,0.725407,-0.572580,0.086067,-0.471395,-0.579588,-0.208649
1203166745,-0.895977,-0.872063,-0.199987,0.725407,-0.576058,0.086067,-0.471395,-0.578232,-0.208649
1203166750,-0.895977,-0.872063,-0.199987,0.725407,-0.571131,0.086067,-0.471395,-0.577862,-0.208649
1203166759,-0.895977,-0.872063,-0.199987,0.725407,-0.572001,0.086067,-0.471395,-0.576014,-0.208649
1203166764,-0.895977,-0.872063,-0.199987,0.725407,-0.572580,0.086067,-0.471395,-0.576876,-0.208649
1203166769,-0.895977,-0.872063,-0.199987,0.725407,-0.566494,0.086067,-0.471395,-0.578725,-0.208649
1203166773,-0.895977,-0.872063,-0.199987,0.725407,-0.576927,0.086067,-0.471395,-0.578971,-0.208649
1203166778,-0.895977,-0.872063,-0.199987,0.725407,-0.573740,0.086067,-0.471395,-0.578725,-0.208649
1203166782,-0.895977,-0.872063,-0.199987,0.725407,-0.573450,0.086067,-0.471395,-0.580943,-0.208649
1203166787,-0.895977,-0.872063,-0.199987,0.725407,-0.574609,0.086067,-0.471395,-0.578848,-0.208649
1203166790,-0.895977,-0.872063,-0.199987,0.725407,-0.572580,0.086067,-0.471395,-0.580820,-0.208649
1203166795,-0.895977,-0.872063,-0.199987,0.725407,-0.574609,0.086067,-0.471395,-0.580327,-0.208649
1203166799,-0.895977,-0.872063,-0.199987,0.725407,-0.571711,0.086067,-0.471395,-0.579957,-0.208649
1203166804,-0.895977,-0.872063,-0.199987,0.725407,-0.571711,0.086067,-0.471395,-0.580450,-0.208649
1203166808,-0.895977,-0.872063,-0.199987,0.725407,-0.569682,0.086067,-0.471395,-0.580573,-0.208649
1203166813,-0.895977,-0.872063,-0.199987,0.725407,-0.573740,0.086067,-0.471395,-0.581066,-0.208649
1203166818,-0.895977,-0.872063,-0.199987,0.725407,-0.576058,0.086067,-0.471395,-0.579218,-0.208649
1203166823,-0.895977,-0.872063,-0.199987,0.725407,-0.576927,0.086067,-0.471395,-0.580327,-0.208649
1203166827,-0.895977,-0.872063,-0.199987,0.725407,-0.571711,0.086067,-0.471395,-0.582052,-0.208649
1203166832,-0.895977,-0.872063,-0.199987,0.725407,-0.575188,0.086067,-0.471395,-0.581683,-0.208649
1203166836,-0.895977,-0.872063,-0.199987,0.725407,-0.574609,0.086067,-0.471395,-0.580943,-0.208649
1203166841,-0.895977,-0.872063,-0.199987,0.725407,-0.576927,0.086067,-0.471395,-0.580081,-0.208649
1203166844,-0.895977,-0.872063,-0.199987,0.725407,-0.578666,0.086067,-0.471395,-0.580573,-0.208649
1203166849,-0.895977,-0.872063,-0.199987,0.725407,-0.575478,0.086067,-0.471395,-0.579341,-0.208649
1203166853,-0.895977,-0.872063,-0.199987,0.725407,-0.574609,0.086067,-0.471395,-0.578478,-0.208649
1203166858,-0.895977,-0.872063,-0.199987,0.725407,-0.573450,0.086067,-0.471395,-0.580081,-0.208649
1203166862,-0.895977,-0.872063,-0.199987,0.725407,-0.572580,0.086067,-0.471395,-0.581313,-0.208649
1203166867,-0.895977,-0.872063,-0.199987,0.725407,-0.573450,0.086067,-0.471395,-0.582422,-0.208649
1203166872,-0.895977,-0.872063,-0.199987,0.725407,-0.576058,0.086067,-0.471395,-0.582299,-0.208649
1203166877,-0.895977,-0.872063,-0.199987,0.725407,-0.575188,0.086067,-0.471395,-0.582299,-0.208649
1203166881,-0.895977,-0.872063,-0.199987,0.725407,-0.575478,0.086067,-0.471395,-0.582052,-0.208649
1203166886,-0.895977,-0.872063,-0.199987,0.725407,-0.572870,0.086067,-0.471395,-0.582299,-0.208649
1203166890,-0.895977,-0.872063,-0.199987,0.725407,-0.578087,0.086067,-0.471395,-0.582176,-0.208649
1203166895,-0.895977,-0.872063,-0.199987,0.725407,-0.575188,0.086067,-0.471395,-0.582052,-0.208649
1203166898,-0.895977,-0.872063,-0.199987,0.725407,-0.574609,0.086067,-0.471395,-0.581929,-0.208649
1203166903,-0.895977,-0.872063,-0.199987,0.725407,-0.574319,0.086067,-0.471395,-0.579464,-0.208649
1203166907,-0.895977,-0.872063,-0.199987,0.725407,-0.575188,0.086067,-0.471395,-0.582176,-0.208649
1203166912,-0.895977,-0.872063,-0.199987,0.725407,-0.574609,0.086067,-0.471395,-0.578848,-0.208649
1203166916,-0.895977,-0.872063,-0.199987,0.725407,-0.572001,0.086067,-0.471395,-0.580943,-0.208649
1203166921,-0.895977,-0.872063,-0.199987,0.725407,-0.578087,0.086067,-0.471395,-0.578232,-0.208649
1203166926,-0.895977,-0.872063,-0.199987,0.725407,-0.574319,0.086067,-0.471395,-0.579341,-0.208649
1203166931,-0.895977,-0.872063,-0.199987,0.725407,-0.571711,0.086067,-0.471395,-0.580450,-0.208649
1203166940,-0.895977,-0.872063,-0.199987,0.725407,-0.573740,0.086067,-0.471395,-0.581683,-0.208649
1203166944,-0.895977,-0.872063,-0.199987,0.725407,-0.572870,0.086067,-0.471395,-0.581436,-0.208649
1203166949,-0.895977,-0.872063,-0.199987,0.725407,-0.569103,0.086067,-0.471395,-0.581190,-0.208649
1203166952,-0.895977,-0.872063,-0.199987,0.725407,-0.572001,0.086067,-0.471395,-0.581066,-0.208649
1203166957,-0.895977,-0.872063,-0.199987,0.725407,-0.573450,0.086067,-0.471395,-0.583285,-0.208649
1203166966,-0.895977,-0.872063,-0.199987,0.725407,-0.572580,0.086067,-0.471395,-0.578971,-0.208649
1203166970,-0.895977,-0.872063,-0.199987,0.725407,-0.570841,0.086067,-0.471395,-0.578232,-0.208649
1203166975,-0.895977,-0.872063,-0.199987,0.725407,-0.572870,0.086067,-0.471395,-0.582176,-0.208649
1203166980,-0.895977,-0.872063,-0.199987,0.725407,-0.572870,0.086067,-0.471395,-0.583408,-0.208649
1203166985,-0.895977,-0.872063,-0.199987,0.725407,-0.575188,0.086067,-0.471395,-0.584394,-0.208649
1203166989,-0.895977,-0.872063,-0.199987,0.725407,-0.578666,0.086067,-0.471395,-0.579464,-0.208649
1203166994,-0.895977,-0.872063,-0.199987,0.725407,-0.576058,0.086067,-0.471395,-0.579588,-0.208649
1203166998,-0.895977,-0.872063,-0.199987,0.725407,-0.572580,0.086067,-0.471395,-0.583408,-0.208649
1203167003,-0.895977,-0.872063,-0.199987,0.725407,-0.573450,0.086067,-0.471395,-0.581436,-0.208649
1203167006,-0.895977,-0.872063,-0.199987,0.725407,-0.576348,0.086067,-0.471395,-0.579464,-0.208649
1203167011,-0.895977,-0.872063,-0.199987,0.725407,-0.574319,0.086067,-0.471395,-0.577862,-0.208649
1203167015,-0.895977,-0.872063,-0.199987,0.725407,-0.573740,0.086067,-0.471395,-0.577493,-0.208649
1203167020,-0.895977,-0.872063,-0.199987,0.725407,-0.570262,0.086067,-0.471395,-0.580204,-0.208649
1203167025,-0.895977,-0.872063,-0.199987,0.725407,-0.574609,0.086067,-0.471395,-0.578232,-0.208649
1203167029,-0.895977,-0.872063,-0.199987,0.725407,-0.575478,0.086067,-0.471395,-0.579711,-0.208649
1203167034,-0.895977,-0.872063,-0.199987,0.725407,-0.574319,0.086067,-0.471395,-0.576630,-0.208649
1203167039,-0.895977,-0.872063,-0.199987,0.725407,-0.573740,0.086067,-0.471395,-0.578971,-0.208649
1203167043,-0.895977,-0.872063,-0.199987,0.725407,-0.570841,0.086067,-0.471395,-0.576137,-0.208649
1203167048,-0.895977,-0.872063,-0.199987,0.725407,-0.575188,0.086067,-0.471395,-0.578109,-0.208649
1203167052,-0.895977,-0.872063,-0.199987,0.725407,-0.571131,0.086067,-0.471395,-0.579218,-0.208649
1203167057,-0.895977,-0.872063,-0.199987,0.725407,-0.572870,0.086067,-0.471395,-0.579095,-0.208649
1203167060,-0.895977,-0.872063,-0.199987,0.725407,-0.569972,0.086067,-0.471395,-0.577986,-0.208649
1203167065,-0.895977,-0.872063,-0.199987,0.725407,-0.572580,0.086067,-0.471395,-0.577862,-0.208649
1203167069,-0.895977,-0.872063,-0.199987,0.725407,-0.572580,0.086067,-0.471395,-0.577986,-0.208649
1203167074,-0.895977,-0.872063,-0.199987,0.725407,-0.569682,0.086067,-0.471395,-0.580943,-0.208649
1203167079,-0.895977,-0.872063,-0.199987,0.725407,-0.572001,0.086067,-0.471395,-0.578355,-0.208649
1203167083,-0.895977,-0.872063,-0.199987,0.725407,-0.575478,0.086067,-0.471395,-0.580450,-0.208649
1203167088,-0.895977,-0.872063,-0.199987,0.725407,-0.571131,0.086067,-0.471395,-0.578109,-0.208649
1203167093,-0.895977,-0.872063,-0.199987,0.725407,-0.573740,0.086067,-0.471395,-0.579341,-0.208649
1203167097,-0.895977,-0.872063,-0.199987,0.725407,-0.576058,0.086067,-0.471395,-0.579834,-0.208649
1203167102,-0.895977,-0.872063,-0.199987,0.725407,-0.575478,0.086067,-0.471395,-0.581806,-0.208649
1203167106,-0.895977,-0.872063,-0.199987,0.725407,-0.576058,0.086067,-0.471395,-0.581066,-0.208649
1203167111,-0.895977,-0.872063,-0.199987,0.725407,-0.578087,0.086067,-0.471395,-0.578602,-0.208649
1203167114,-0.895977,-0.872063,-0.199987,0.725407,-0.577217,0.086067,-0.471395,-0.580697,-0.208649
1203167119,-0.895977,-0.872063,-0.199987,0.725407,-0.572870,0.086067,-0.471395,-0.580204,-0.208649
1203167123,-0.895977,-0.872063,-0.199987,0.725407,-0.574319,0.086067,-0.471395,-0.578848,-0.208649
1203167128,-0.895977,-0.872063,-0.199987,0.725407,-0.569682,0.086067,-0.471395,-0.577739,-0.208649
1203167133,-0.895977,-0.872063,-0.199987,0.725407,-0.573740,0.086067,-0.471395,-0.580081,-0.208649
1203167137,-0.895977,-0.872063,-0.199987,0.725407,-0.571711,0.086067,-0.471395,-0.578971,-0.208649
1203167147,-0.895977,-0.872063,-0.199987,0.725407,-0.572580,0.086067,-0.471395,-0.578971,-0.208649
1203167151,-0.895977,-0.872063,-0.199987,0.725407,-0.572001,0.086067,-0.471395,-0.578109,-0.208649
1203167156,-0.895977,-0.872063,-0.199987,0.725407,-0.570841,0.086067,-0.471395,-0.577862,-0.208649
1203167160,-0.895977,-0.872063,-0.199987,0.725407,-0.571131,0.086067,-0.471395,-0.581313,-0.208649
1203167165,-0.895977,-0.872063,-0.199987,0.725407,-0.570841,0.086067,-0.471395,-0.578848,-0.208649
1203167173,-0.895977,-0.872063,-0.199987,0.725407,-0.574609,0.086067,-0.471395,-0.577986,-0.208649
1203167177,-0.895977,-0.872063,-0.199987,0.725407,-0.575188,0.086067,-0.471395,-0.581066,-0.208649
1203167182,-0.895977,-0.872063,-0.199987,0.725407,-0.575188,0.086067,-0.471395,-0.580943,-0.208649
1203167187,-0.895977,-0.872063,-0.199987,0.725407,-0.577217,0.086067,-0.471395,-0.580327,-0.208649
1203167191,-0.895977,-0.872063,-0.199987,0.725407,-0.573740,0.086067,-0.471395,-0.579588,-0.208649
1203167201,-0.895977,-0.872063,-0.199987,0.725407,-0.573450,0.086067,-0.471395,-0.579834,-0.208649
1203167205,-0.895977,-0.872063,-0.199987,0.725407,-0.577217,0.086067,-0.471395,-0.580820,-0.208649
1203167210,-0.895977,-0.872063,-0.199987,0.725407,-0.574319,0.086067,-0.471395,-0.578355,-0.208649
1203167214,-0.895977,-0.872063,-0.199987,0.725407,-0.572001,0.086067,-0.471395,-0.578355,-0.208649
1203167219,-0.895977,-0.872063,-0.199987,0.725407,-0.574609,0.086067,-0.471395,-0.579218,-0.208649
1203167222,-0.895977,-0.872063,-0.199987,0.725407,-0.576927,0.086067,-0.471395,-0.579834,-0.208649
1203167227,-0.895977,-0.872063,-0.199987,0.725407,-0.573740,0.086067,-0.471395,-0.579095,-0.208649
1203167231,-0.895977,-0.872063,-0.199987,0.725407,-0.573450,0.086067,-0.471395,-0.578848,-0.208649
1203167236,-0.895977,-0.872063,-0.199987,0.725407,-0.571711,0.086067,-0.471395,-0.579711,-0.208649
1203167241,-0.895977,-0.872063,-0.199987,0.725407,-0.574609,0.086067,-0.471395,-0.578848,-0.208649
1203167245,-0.895977,-0.872063,-0.199987,0.725407,-0.575478,0.086067,-0.471395,-0.580327,-0.208649
1203167250,-0.895977,-0.872063,-0.199987,0.725407,-0.574319,0.086067,-0.471395,-0.581559,-0.208649
1203167255,-0.895977,-0.872063,-0.199987,0.725407,-0.575478,0.086067,-0.471395,-0.578478,-0.208649
1203167259,-0.895977,-0.872063,-0.199987,0.725407,-0.573740,0.086067,-0.471395,-0.580697,-0.208649
1203167264,-0.895977,-0.872063,-0.199987,0.725407,-0.574319,0.086067,-0.471395,-0.579588,-0.208649
1203167268,-0.895977,-0.872063,-0.199987,0.725407,-0.578666,0.086067,-0.471395,-0.577986,-0.208649
1203167273,-0.895977,-0.872063,-0.199987,0.725407,-0.568813,0.086067,-0.471395,-0.578109,-0.208649
1203167276,-0.895977,-0.872063,-0.199987,0.725407,-0.572001,0.086067,-0.471395,-0.578971,-0.208649
1203167281,-0.895977,-0.872063,-0.199987,0.725407,-0.570841,0.086067,-0.471395,-0.580573,-0.208649
1203167285,-0.895977,-0.872063,-0.199987,0.725407,-0.573450,0.086067,-0.471395,-0.579834,-0.208649
1203167290,-0.895977,-0.872063,-0.199987,0.725407,-0.573740,0.086067,-0.471395,-0.577739,-0.208649
1203167295,-0.895977,-0.872063,-0.199987,0.725407,-0.575188,0.086067,-0.471395,-0.577862,-0.208649
1203167299,-0.895977,-0.872063,-0.199987,0.725407,-0.578087,0.086067,-0.471395,-0.576630,-0.208649
1203167304,-0.895977,-0.872063,-0.199987,0.725407,-0.573740,0.086067,-0.471395,-0.580327,-0.208649
1203167309,-0.895977,-0.872063,-0.199987,0.725407,-0.573740,0.086067,-0.471395,-0.579957,-0.208649
1203167313,-0.895977,-0.872063,-0.199987,0.725407,-0.572580,0.086067,-0.471395,-0.579588,-0.208649
1203167318,-0.895977,-0.872063,-0.199987,0.725407,-0.573450,0.086067,-0.471395,-0.580697,-0.208649
1203167322,-0.895977,-0.872063,-0.199987,0.725407,-0.571711,0.086067,-0.471395,-0.580820,-0.208649
1203167327,-0.895977,-0.872063,-0.199987,0.725407,-0.571131,0.086067,-0.471395,-0.579834,-0.208649
1203167330,-0.895977,-0.872063,-0.199987,0.725407,-0.571711,0.086067,-0.471395,-0.576507,-0.208649
1203167335,-0.895977,-0.872063,-0.199987,0.725407,-0.573450,0.086067,-0.471395,-0.579834,-0.208649
1203167339,-0.895977,-0.872063,-0.199987,0.725407,-0.569972,0.086067,-0.471395,-0.577986,-0.208649
1203167344,-0.895977,-0.872063,-0.199987,0.725407,-0.573450,0.086067,-0.471395,-0.579218,-0.208649
1203167349,-0.895977,-0.872063,-0.199987,0.725407,-0.569972,0.086067,-0.471395,-0.576630,-0.208649
1203167353,-0.895977,-0.872063,-0.199987,0.725407,-0.575188,0.086067,-0.471395,-0.577739,-0.208649
1203167358,-0.895977,-0.872063,-0.199987,0.725407,-0.577217,0.086067,-0.471395,-0.576876,-0.208649
1203167363,-0.895977,-0.872063,-0.199987,0.725407,-0.574609,0.086067,-0.471395,-0.579588,-0.208649
1203167367,-0.895977,-0.872063,-0.199987,0.725407,-0.575478,0.086067,-0.471395,-0.580943,-0.208649
1203167372,-0.895977,-0.872063,-0.199987,0.725407,-0.572001,0.086067,-0.471395,-0.578232,-0.208649
1203167381,-0.895977,-0.872063,-0.199987,0.725407,-0.573450,0.086067,-0.471395,-0.577369,-0.208649
1203167384,-0.895977,-0.872063,-0.199987,0.725407,-0.571131,0.086067,-0.471395,-0.577493,-0.208649
1203167389,-0.895977,-0.872063,-0.199987,0.725407,-0.573740,0.086067,-0.471395,-0.575521,-0.208649
1203167393,-0.895977,-0.872063,-0.199987,0.725407,-0.575478,0.086067,-0.471395,-0.576137,-0.208649
1203167398,-0.895977,-0.872063,-0.199987,0.725407,-0.575478,0.086067,-0.471395,-0.579834,-0.208649
1203167407,-0.895977,-0.872063,-0.199987,0.725407,-0.574609,0.086067,-0.471395,-0.580820,-0.208649
1203167412,-0.895977,-0.872063,-0.199987,0.725407,-0.575188,0.086067,-0.471395,-0.578725,-0.208649
1203167417,-0.895977,-0.872063,-0.199987,0.725407,-0.576058,0.086067,-0.471395,-0.580204,-0.208649
1203167421,-0.895977,-0.872063,-0.199987,0.725407,-0.576348,0.086067,-0.471395,-0.580573,-0.208649
1203167426,-0.895977,-0.872063,-0.199987,0.725407,-0.576927,0.086067,-0.471395,-0.581066,-0.208649
1203167435,-0.895977,-0.872063,-0.199987,0.725407,-0.574319,0.086067,-0.471395,-0.582915,-0.208649
1203167438,-0.895977,-0.872063,-0.199987,0.725407,-0.574319,0.086067,-0.471395,-0.580697,-0.208649
1203167443,-0.895977,-0.872063,-0.199987,0.725407,-0.572870,0.086067,-0.471395,-0.579341,-0.208649
1203167447,-0.895977,-0.872063,-0.199987,0.725407,-0.574609,0.086067,-0.471395,-0.580204,-0.208649
1203167452,-0.895977,-0.872063,-0.199987,0.725407,-0.575478,0.086067,-0.471395,-0.579957,-0.208649
1203167456,-0.895977,-0.872063,-0.199987,0.725407,-0.573740,0.086067,-0.471395,-0.579834,-0.208649
1203167461,-0.895977,-0.872063,-0.199987,0.725407,-0.575188,0.086067,-0.471395,-0.578602,-0.208649
1203167466,-0.895977,-0.872063,-0.199987,0.725407,-0.574609,0.086067,-0.471395,-0.579711,-0.208649
1203167471,-0.895977,-0.872063,-0.199987,0.725407,-0.575188,0.086067,-0.471395,-0.582545,-0.208649
1203167475,-0.895977,-0.872063,-0.199987,0.725407,-0.573740,0.086067,-0.471395,-0.579341,-0.208649
1203167480,-0.895977,-0.872063,-0.199987,0.725407,-0.574609,0.086067,-0.471395,-0.578848,-0.208649
1203167484,-0.895977,-0.872063,-0.199987,0.725407,-0.576348,0.086067,-0.471395,-0.580204,-0.208649
1203167489,-0.895977,-0.872063,-0.199987,0.725407,-0.571711,0.086067,-0.471395,-0.581436,-0.208649
1203167492,-0.895977,-0.872063,-0.199987,0.725407,-0.572870,0.086067,-0.471395,-0.582176,-0.208649
1203167497,-0.895977,-0.872063,-0.199987,0.725407,-0.576058,0.086067,-0.471395,-0.580943,-0.208649
1203167501,-0.895977,-0.872063,-0.199987,0.725407,-0.569682,0.086067,-0.471395,-0.581066,-0.208649
1203167506,-0.895977,-0.872063,-0.199987,0.725407,-0.573450,0.086067,-0.471395,-0.583161,-0.208649
1203167510,-0.895977,-0.872063,-0.199987,0.725407,-0.574319,0.086067,-0.471395,-0.584763,-0.208649
1203167515,-0.895977,-0.872063,-0.199987,0.725407,-0.572870,0.086067,-0.471395,-0.585873,-0.208649
1203167520,-0.895977,-0.872063,-0.199987,0.725407,-0.570262,0.086067,-0.471395,-0.582176,-0.208649
1203167525,-0.895977,-0.872063,-0.199987,0.725407,-0.568813,0.086067,-0.471395,-0.585996,-0.208649
1203167529,-0.895977,-0.872063,-0.199987,0.725407,-0.572870,0.086067,-0.471395,-0.582052,-0.208649
1203167534,-0.895977,-0.872063,-0.199987,0.725407,-0.572870,0.086067,-0.471395,-0.584271,-0.208649
1203167538,-0.895977,-0.872063,-0.199987,0.725407,-0.572580,0.086067,-0.471395,-0.584517,-0.208649
1203167543,-0.895977,-0.872063,-0.199987,0.725407,-0.573740,0.086067,-0.471395,-0.584394,-0.208649
1203167546,-0.895977,-0.872063,-0.199987,0.725407,-0.572870,0.086067,-0.471395,-0.585380,-0.208649
1203167551,-0.895977,-0.872063,-0.199987,0.725407,-0.577217,0.086067,-0.471395,-0.585503,-0.208649
1203167555,-0.895977,-0.872063,-0.199987,0.725407,-0.574319,0.086067,-0.471395,-0.585380,-0.208649
1203167560,-0.895977,-0.872063,-0.199987,0.725407,-0.576348,0.086067,-0.471395,-0.585626,-0.208649
1203167564,-0.895977,-0.872063,-0.199987,0.725407,-0.572870,0.086067,-0.471395,-0.585256,-0.208649
1203167569,-0.895977,-0.872063,-0.199987,0.725407,-0.576058,0.086067,-0.471395,-0.587228,-0.208649
1203167574,-0.895977,-0.872063,-0.199987,0.725407,-0.572001,0.086067,-0.471395,-0.585256,-0.208649
1203167579,-0.895977,-0.872063,-0.199987,0.725407,-0.573450,0.086067,-0.471395,-0.587721,-0.208649
1203167583,-0.895977,-0.872063,-0.199987,0.725407,-0.570262,0.086067,-0.471395,-0.586982,-0.208649
1203167588,-0.895977,-0.872063,-0.199987,0.725407,-0.572001,0.086067,-0.471395,-0.583531,-0.208649
1203167592,-0.895977,-0.872063,-0.199987,0.725407,-0.575188,0.086067,-0.471395,-0.585996,-0.208649
1203167597,-0.895977,-0.872063,-0.199987,0.725407,-0.577217,0.086067,-0.471395,-0.586612,-0.208649
1203167600,-0.895977,-0.872063,-0.199987,0.725407,-0.573450,0.086067,-0.471395,-0.584640,-0.208649
1203167605,-0.895977,-0.872063,-0.199987,0.725407,-0.567943,0.086067,-0.471395,-0.584394,-0.208649
1203167614,-0.895977,-0.872063,-0.199987,0.725407,-0.574609,0.086067,-0.471395,-0.581559,-0.208649
1203167618,-0.895977,-0.872063,-0.199987,0.725407,-0.574609,0.086067,-0.471395,-0.583778,-0.208649
1203167623,-0.895977,-0.872063,-0.199987,0.725407,-0.573450,0.086067,-0.471395,-0.586858,-0.208649
1203167628,-0.895977,-0.872063,-0.199987,0.725407,-0.569682,0.086067,-0.471395,-0.583654,-0.208649
1203167633,-0.895977,-0.872063,-0.199987,0.725407,-0.574319,0.086067,-0.471395,-0.582176,-0.208649
1203167642,-0.895977,-0.872063,-0.199987,0.725407,-0.574609,0.086067,-0.471395,-0.581313,-0.208649
1203167646,-0.895977,-0.872063,-0.199987,0.725407,-0.571131,0.086067,-0.471395,-0.579834,-0.208649
1203167651,-0.895977,-0.872063,-0.199987,0.725407,-0.572870,0.086067,-0.471395,-0.581190,-0.208649
1203167654,-0.895977,-0.872063,-0.199987,0.725407,-0.571131,0.086067,-0.471395,-0.581559,-0.208649
1203167659,-0.895977,-0.872063,-0.199987,0.725407,-0.573740,0.086067,-0.471395,-0.580943,-0.208649
1203167663,-0.895977,-0.872063,-0.199987,0.725407,-0.572001,0.086067,-0.471395,-0.578848,-0.208649
1203167668,-0.895977,-0.872063,-0.199987,0.725407,-0.573450,0.086067,-0.471395,-0.578355,-0.208649
1203167673,-0.895977,-0.872063,-0.199987,0.725407,-0.573450,0.086067,-0.471395,-0.577616,-0.208649
1203167677,-0.895977,-0.872063,-0.199987,0.725407,-0.575188,0.086067,-0.471395,-0.573303,-0.208649
1203167682,-0.895977,-0.872063,-0.199987,0.725407,-0.574609,0.086067,-0.471395,-0.576876,-0.208649
1203167687,-0.895977,-0.872063,-0.199987,0.725407,-0.576058,0.086067,-0.471395,-0.575151,-0.208649
1203167691,-0.895977,-0.872063,-0.199987,0.725407,-0.572870,0.086067,-0.471395,-0.576137,-0.208649
1203167696,-0.895977,-0.872063,-0.199987,0.725407,-0.574319,0.086067,-0.471395,-0.575274,-0.208649
1203167700,-0.895977,-0.872063,-0.199987,0.725407,-0.574609,0.086067,-0.471395,-0.576753,-0.208649
1203167705,-0.895977,-0.872063,-0.199987,0.725407,-0.576058,0.086067,-0.471395,-0.579464,-0.208649
1203167708,-0.895977,-0.872063,-0.199987,0.725407,-0.574609,0.086067,-0.471395,-0.579218,-0.208649
1203167713,-0.895977,-0.872063,-0.199987,0.725407,-0.575188,0.086067,-0.471395,-0.577123,-0.208649
1203167717,-0.895977,-0.872063,-0.199987,0.725407,-0.573740,0.086067,-0.471395,-0.576630,-0.208649
1203167722,-0.895977,-0.872063,-0.199987,0.725407,-0.573450,0.086067,-0.471395,-0.577986,-0.208649
1203167727,-0.895977,-0.872063,-0.199987,0.725407,-0.571711,0.086067,-0.471395,-0.578848,-0.208649
1203167731,-0.895977,-0.872063,-0.199987,0.725407,-0.578087,0.086067,-0.471395,-0.577986,-0.208649
1203167736,-0.895977,-0.872063,-0.199987,0.725407,-0.576348,0.086067,-0.471395,-0.576383,-0.208649
1203167741,-0.895977,-0.872063,-0.199987,0.725407,-0.574319,0.086067,-0.471395,-0.576014,-0.208649
1203167745,-0.895977,-0.872063,-0.199987,0.725407,-0.576058,0.086067,-0.471395,-0.577369,-0.208649
1203167750,-0.895977,-0.872063,-0.199987,0.725407,-0.572001,0.086067,-0.471395,-0.576260,-0.208649
1203167754,-0.895977,-0.872063,-0.199987,0.725407,-0.574319,0.086067,-0.471395,-0.577862,-0.208649
1203167759,-0.895977,-0.872063,-0.199987,0.725407,-0.575188,0.086067,-0.471395,-0.574535,-0.208649
1203167762,-0.895977,-0.872063,-0.199987,0.725407,-0.577797,0.086067,-0.471395,-0.579095,-0.208649
1203167767,-0.895977,-0.872063,-0.199987,0.725407,-0.575478,0.086067,-0.471395,-0.579218,-0.208649
1203167771,-0.895977,-0.872063,-0.199987,0.725407,-0.576058,0.086067,-0.471395,-0.580820,-0.208649
1203167776,-0.895977,-0.872063,-0.199987,0.725407,-0.575188,0.086067,-0.471395,-0.580450,-0.208649
1203167781,-0.895977,-0.872063,-0.199987,0.725407,-0.576927,0.086067,-0.471395,-0.579464,-0.208649
1203167785,-0.895977,-0.872063,-0.199987,0.725407,-0.579536,0.086067,-0.471395,-0.582668,-0.208649
1203167790,-0.895977,-0.872063,-0.199987,0.725407,-0.578666,0.086067,-0.471395,-0.580573,-0.208649
1203167795,-0.895977,-0.872063,-0.199987,0.725407,-0.573450,0.086067,-0.471395,-0.581066,-0.208649
1203167799,-0.895977,-0.872063,-0.199987,0.725407,-0.577217,0.086067,-0.471395,-0.583161,-0.208649
1203167804,-0.895977,-0.872063,-0.199987,0.725407,-0.574609,0.086067,-0.471395,-0.581190,-0.208649
1203167808,-0.895977,-0.872063,-0.199987,0.725407,-0.572870,0.086067,-0.471395,-0.580697,-0.208649
1203167813,-0.895977,-0.872063,-0.199987,0.725407,-0.573450,0.086067,-0.471395,-0.582176,-0.208649
1203167821,-0.895977,-0.872063,-0.199987,0.725407,-0.573450,0.086067,-0.471395,-0.581683,-0.208649
1203167825,-0.895977,-0.872063,-0.199987,0.725407,-0.573740,0.086067,-0.471395,-0.583285,-0.208649
1203167830,-0.895977,-0.872063,-0.199987,0.725407,-0.572580,0.086067,-0.471395,-0.583901,-0.208649
1203167835,-0.895977,-0.872063,-0.199987,0.725407,-0.577217,0.086067,-0.471395,-0.581313,-0.208649
1203167839,-0.895977,-0.872063,-0.199987,0.725407,-0.576927,0.086067,-0.471395,-0.580204,-0.208649
1203167849,-0.895977,-0.872063,-0.199987,0.725407,-0.575188,0.086067,-0.471395,-0.582915,-0.208649
1203167853,-0.895977,-0.872063,-0.199987,0.725407,-0.574609,0.086067,-0.471395,-0.580943,-0.208649
1203167858,-0.895977,-0.872063,-0.199987,0.725407,-0.575188,0.086067,-0.471395,-0.581683,-0.208649
1203167862,-0.895977,-0.872063,-0.199987,0.725407,-0.573450,0.086067,-0.471395,-0.583531,-0.208649
1203167867,-0.895977,-0.872063,-0.199987,0.725407,-0.570841,0.086067,-0.471395,-0.583161,-0.208649
1203167875,-0.895977,-0.872063,-0.199987,0.725407,-0.576348,0.086067,-0.471395,-0.582422,-0.208649
1203167879,-0.895977,-0.872063,-0.199987,0.725407,-0.576058,0.086067,-0.471395,-0.581683,-0.208649
1203167884,-0.895977,-0.872063,-0.199987,0.725407,-0.577797,0.086067,-0.471395,-0.579834,-0.208649
1203167889,-0.895977,-0.872063,-0.199987,0.725407,-0.575188,0.086067,-0.471395,-0.582422,-0.208649
1203167893,-0.895977,-0.872063,-0.199987,0.725407,-0.571711,0.086067,-0.471395,-0.580081,-0.208649
1203167898,-0.895977,-0.872063,-0.199987,0.725407,-0.574319,0.086067,-0.471395,-0.581559,-0.208649
1203167903,-0.895977,-0.872063,-0.199987,0.725407,-0.576058,0.086067,-0.471395,-0.581190,-0.208649
1203167907,-0.895977,-0.872063,-0.199987,0.725407,-0.573740,0.086067,-0.471395,-0.578109,-0.208649
1203167912,-0.895977,-0.872063,-0.199987,0.725407,-0.576058,0.086067,-0.471395,-0.580204,-0.208649
1203167916,-0.895977,-0.872063,-0.199987,0.725407,-0.573450,0.086067,-0.471395,-0.583531,-0.208649
1203167921,-0.895977,-0.872063,-0.199987,0.725407,-0.575188,0.086067,-0.471395,-0.581066,-0.208649
1203167924,-0.895977,-0.872063,-0.199987,0.725407,-0.571131,0.086067,-0.471395,-0.579464,-0.208649
1203167929,-0.895977,-0.872063,-0.199987,0.725407,-0.578087,0.086067,-0.471395,-0.582176,-0.208649
1203167933,-0.895977,-0.872063,-0.199987,0.725407,-0.575188,0.086067,-0.471395,-0.581929,-0.208649
1203167938,-0.895977,-0.872063,-0.199987,0.725407,-0.574609,0.086067,-0.471395,-0.579341,-0.208649
1203167943,-0.895977,-0.872063,-0.199987,0.725407,-0.572001,0.086067,-0.471395,-0.574658,-0.208649
1203167947,-0.895977,-0.872063,-0.199987,0.725407,-0.572870,0.086067,-0.471395,-0.577369,-0.208649
1203167952,-0.895977,-0.872063,-0.199987,0.725407,-0.574609,0.086067,-0.471395,-0.577616,-0.208649
1203167957,-0.895977,-0.872063,-0.199987,0.725407,-0.574319,0.086067,-0.471395,-0.579464,-0.208649
1203167961,-0.895977,-0.872063,-0.199987,0.725407,-0.573450,0.086067,-0.471395,-0.578109,-0.208649
1203167966,-0.895977,-0.872063,-0.199987,0.725407,-0.573740,0.086067,-0.471395,-0.579588,-0.208649
1203167970,-0.895977,-0.872063,-0.199987,0.725407,-0.577797,0.086067,-0.471395,-0.578355,-0.208649
1203167975,-0.895977,-0.872063,-0.199987,0.725407,-0.574319,0.086067,-0.471395,-0.579957,-0.208649
1203167978,-0.895977,-0.872063,-0.199987,0.725407,-0.576058,0.086067,-0.471395,-0.579341,-0.208649
1203167983,-0.895977,-0.872063,-0.199987,0.725407,-0.571131,0.086067,-0.471395,-0.576753,-0.208649
1203167987,-0.895977,-0.872063,-0.199987,0.725407,-0.573450,0.086067,-0.471395,-0.578848,-0.208649
1203167992,-0.895977,-0.872063,-0.199987,0.725407,-0.573740,0.086067,-0.471395,-0.576014,-0.208649
1203167997,-0.895977,-0.872063,-0.199987,0.725407,-0.577217,0.086067,-0.471395,-0.577000,-0.208649
1203168001,-0.895977,-0.872063,-0.199987,0.725407,-0.572870,0.086067,-0.471395,-0.578109,-0.208649
1203168006,-0.895977,-0.872063,-0.199987,0.725407,-0.575188,0.086067,-0.471395,-0.576383,-0.208649
1203168011,-0.895977,-0.872063,-0.199987,0.725407,-0.576927,0.086067,-0.471395,-0.579957,-0.208649
1203168015,-0.895977,-0.872063,-0.199987,0.725407,-0.577217,0.086067,-0.471395,-0.580327,-0.208649
1203168020,-0.895977,-0.872063,-0.199987,0.725407,-0.572870,0.086067,-0.471395,-0.577739,-0.208649
1203168024,-0.895977,-0.872063,-0.199987,0.725407,-0.576058,0.086067,-0.471395,-0.578848,-0.208649
1203168029,-0.895977,-0.872063,-0.199987,0.725407,-0.576058,0.086067,-0.471395,-0.578602,-0.208649
1203168032,-0.895977,-0.872063,-0.199987,0.725407,-0.574319,0.086067,-0.471395,-0.577369,-0.208649
1203168037,-0.895977,-0.872063,-0.199987,0.725407,-0.576348,0.086067,-0.471395,-0.576137,-0.208649
1203168041,-0.895977,-0.872063,-0.199987,0.725407,-0.574609,0.086067,-0.471395,-0.577862,-0.208649
1203168046,-0.895977,-0.872063,-0.199987,0.725407,-0.574609,0.086067,-0.471395,-0.578355,-0.208649
1203168055,-0.895977,-0.872063,-0.199987,0.725407,-0.577217,0.086067,-0.471395,-0.577493,-0.208649
1203168060,-0.895977,-0.872063,-0.199987,0.725407,-0.572580,0.086067,-0.471395,-0.575767,-0.208649
1203168065,-0.895977,-0.872063,-0.199987,0.725407,-0.575188,0.086067,-0.471395,-0.581806,-0.208649
1203168069,-0.895977,-0.872063,-0.199987,0.725407,-0.575478,0.086067,-0.471395,-0.579341,-0.208649
1203168074,-0.895977,-0.872063,-0.199987,0.725407,-0.575478,0.086067,-0.471395,-0.580943,-0.208649
1203168083,-0.895977,-0.872063,-0.199987,0.725407,-0.574319,0.086067,-0.471395,-0.578971,-0.208649
1203168086,-0.895977,-0.872063,-0.199987,0.725407,-0.576348,0.086067,-0.471395,-0.577986,-0.208649
1203168091,-0.895977,-0.872063,-0.199987,0.725407,-0.575188,0.086067,-0.471395,-0.579834,-0.208649
1203168095,-0.895977,-0.872063,-0.199987,0.725407,-0.573450,0.086067,-0.471395,-0.580081,-0.208649
1203168100,-0.895977,-0.872063,-0.199987,0.725407,-0.572580,0.086067,-0.471395,-0.576753,-0.208649
1203168109,-0.895977,-0.872063,-0.199987,0.725407,-0.575478,0.086067,-0.471395,-0.581559,-0.208649
1203168114,-0.895977,-0.872063,-0.199987,0.725407,-0.572580,0.086067,-0.471395,-0.582176,-0.208649
1203168119,-0.895977,-0.872063,-0.199987,0.725407,-0.576058,0.086067,-0.471395,-0.580943,-0.208649
1203168123,-0.895977,-0.872063,-0.199987,0.725407,-0.574319,0.086067,-0.471395,-0.582176,-0.208649
1203168128,-0.895977,-0.872063,-0.199987,0.725407,-0.574319,0.086067,-0.471395,-0.582915,-0.208649
1203168132,-0.895977,-0.872063,-0.199987,0.725407,-0.572870,0.086067,-0.471395,-0.582176,-0.208649
1203168137,-0.895977,-0.872063,-0.199987,0.725407,-0.573740,0.086067,-0.471395,-0.580943,-0.208649
1203168140,-0.895977,-0.872063,-0.199987,0.725407,-0.576348,0.086067,-0.471395,-0.579464,-0.208649
1203168145,-0.895977,-0.872063,-0.199987,0.725407,-0.575478,0.086067,-0.471395,-0.578725,-0.208649
1203168149,-0.895977,-0.872063,-0.199987,0.725407,-0.572870,0.086067,-0.471395,-0.577986,-0.208649
1203168154,-0.895977,-0.872063,-0.199987,0.725407,-0.576058,0.086067,-0.471395,-0.582792,-0.208649
1203168158,-0.895977,-0.872063,-0.199987,0.725407,-0.572870,0.086067,-0.471395,-0.581559,-0.208649
1203168163,-0.895977,-0.872063,-0.199987,0.725407,-0.572870,0.086067,-0.471395,-0.578478,-0.208649
1203168168,-0.895977,-0.872063,-0.199987,0.725407,-0.574319,0.086067,-0.471395,-0.575151,-0.208649
1203168173,-0.895977,-0.872063,-0.199987,0.725407,-0.573450,0.086067,-0.471395,-0.581066,-0.208649
1203168177,-0.895977,-0.872063,-0.199987,0.725407,-0.575478,0.086067,-0.471395,-0.576876,-0.208649
1203168182,-0.895977,-0.872063,-0.199987,0.725407,-0.573740,0.086067,-0.471395,-0.575644,-0.208649
1203168186,-0.895977,-0.872063,-0.199987,0.725407,-0.574319,0.086067,-0.471395,-0.577123,-0.208649
1203168191,-0.895977,-0.872063,-0.199987,0.725407,-0.570841,0.086067,-0.471395,-0.576260,-0.208649
1203168194,-0.895977,-0.872063,-0.199987,0.725407,-0.574609,0.086067,-0.471395,-0.576630,-0.208649
1203168199,-0.895977,-0.872063,-0.199987,0.725407,-0.571711,0.086067,-0.471395,-0.574535,-0.208649
1203168203,-0.895977,-0.872063,-0.199987,0.725407,-0.569103,0.086067,-0.471395,-0.576383,-0.208649
1203168208,-0.895977,-0.872063,-0.199987,0.725407,-0.572870,0.086067,-0.471395,-0.577246,-0.208649
1203168212,-0.895977,-0.872063,-0.199987,0.725407,-0.573740,0.086067,-0.471395,-0.576383,-0.208649
1203168217,-0.895977,-0.872063,-0.199987,0.725407,-0.572580,0.086067,-0.471395,-0.576507,-0.208649
1203168222,-0.895977,-0.872063,-0.199987,0.725407,-0.575188,0.086067,-0.471395,-0.577246,-0.208649
1203168227,-0.895977,-0.872063,-0.199987,0.725407,-0.571131,0.086067,-0.471395,-0.576753,-0.208649
1203168231,-0.895977,-0.872063,-0.199987,0.725407,-0.574609,0.086067,-0.471395,-0.576876,-0.208649
1203168236,-0.895977,-0.872063,-0.199987,0.725407,-0.570841,0.086067,-0.471395,-0.580081,-0.208649
1203168240,-0.895977,-0.872063,-0.199987,0.725407,-0.576058,0.086067,-0.471395,-0.578109,-0.208649
1203168245,-0.895977,-0.872063,-0.199987,0.725407,-0.573740,0.086067,-0.471395,-0.579834,-0.208649
1203168248,-0.895977,-0.872063,-0.199987,0.725407,-0.571131,0.086067,-0.471395,-0.579711,-0.208649
1203168253,-0.895977,-0.872063,-0.199987,0.725407,-0.571711,0.086067,-0.471395,-0.580820,-0.208649
1203168257,-0.895977,-0.872063,-0.199987,0.725407,-0.571131,0.086067,-0.471395,-0.579095,-0.208649
1203168262,-0.895977,-0.872063,-0.199987,0.725407,-0.575188,0.086067,-0.471395,-0.580081,-0.208649
1203168266,-0.895977,-0.872063,-0.199987,0.725407,-0.570841,0.086067,-0.471395,-0.581559,-0.208649
1203168271,-0.895977,-0.872063,-0.199987,0.725407,-0.569972,0.086067,-0.471395,-0.579095,-0.208649
1203168276,-0.895977,-0.872063,-0.199987,0.725407,-0.570841,0.086067,-0.471395,-0.578232,-0.208649
1203168281,-0.895977,-0.872063,-0.199987,0.725407,-0.571131,0.086067,-0.471395,-0.581929,-0.208649
1203168290,-0.895977,-0.872063,-0.199987,0.725407,-0.572001,0.086067,-0.471395,-0.581313,-0.208649
1203168294,-0.895977,-0.872063,-0.199987,0.725407,-0.571131,0.086067,-0.471395,-0.581559,-0.208649
1203168299,-0.895977,-0.872063,-0.199987,0.725407,-0.570841,0.086067,-0.471395,-0.579834,-0.208649
1203168302,-0.895977,-0.872063,-0.199987,0.725407,-0.572580,0.086067,-0.471395,-0.580697,-0.208649
1203168307,-0.895977,-0.872063,-0.199987,0.725407,-0.572580,0.086067,-0.471395,-0.577246,-0.208649
1203168316,-0.895977,-0.872063,-0.199987,0.725407,-0.569972,0.086067,-0.471395,-0.581806,-0.208649
1203168320,-0.895977,-0.872063,-0.199987,0.725407,-0.572580,0.086067,-0.471395,-0.578232,-0.208649
1203168325,-0.895977,-0.872063,-0.199987,0.725407,-0.575188,0.086067,-0.471395,-0.577369,-0.208649
1203168330,-0.895977,-0.872063,-0.199987,0.725407,-0.574319,0.086067,-0.471395,-0.577616,-0.208649
1203168335,-0.895977,-0.872063,-0.199987,0.725407,-0.571711,0.086067,-0.471395,-0.576507,-0.208649
1203168339,-0.895977,-0.872063,-0.199987,0.725407,-0.573450,0.086067,-0.471395,-0.579218,-0.208649
1203168344,-0.895977,-0.872063,-0.199987,0.725407,-0.572870,0.086067,-0.471395,-0.579464,-0.208649
1203168348,-0.895977,-0.872063,-0.199987,0.725407,-0.574319,0.086067,-0.471395,-0.576630,-0.208649
1203168353,-0.895977,-0.872063,-0.199987,0.725407,-0.573450,0.086067,-0.471395,-0.576876,-0.208649
1203168356,-0.895977,-0.872063,-0.199987,0.725407,-0.569682,0.086067,-0.471395,-0.579464,-0.208649
1203168361,-0.895977,-0.872063,-0.199987,0.725407,-0.571131,0.086067,-0.471395,-0.580943,-0.208649
1203168365,-0.895977,-0.872063,-0.199987,0.725407,-0.572580,0.086067,-0.471395,-0.580450,-0.208649
1203168370,-0.895977,-0.872063,-0.199987,0.725407,-0.576058,0.086067,-0.471395,-0.578478,-0.208649
1203168375,-0.895977,-0.872063,-0.199987,0.725407,-0.573450,0.086067,-0.471395,-0.579095,-0.208649
1203168379,-0.895977,-0.872063,-0.199987,0.725407,-0.570841,0.086067,-0.471395,-0.578232,-0.208649
1203168384,-0.895977,-0.872063,-0.199987,0.725407,-0.569972,0.086067,-0.471395,-0.578355,-0.208649
1203168389,-0.895977,-0.872063,-0.199987,0.725407,-0.572580,0.086067,-0.471395,-0.579464,-0.208649
1203168393,-0.895977,-0.872063,-0.199987,0.725407,-0.570262,0.086067,-0.471395,-0.578355,-0.208649
1203168398,-0.895977,-0.872063,-0.199987,0.725407,-0.572870,0.086067,-0.471395,-0.577493,-0.208649
1203168402,-0.895977,-0.872063,-0.199987,0.725407,-0.572580,0.086067,-0.471395,-0.577616,-0.208649
1203168407,-0.895977,-0.872063,-0.199987,0.725407,-0.570841,0.086067,-0.471395,-0.578725,-0.208649
1203168410,-0.895977,-0.872063,-0.199987,0.725407,-0.568233,0.086067,-0.471395,-0.576753,-0.208649
1203168415,-0.895977,-0.872063,-0.199987,0.725407,-0.570262,0.086067,-0.471395,-0.577986,-0.208649
1203168419,-0.895977,-0.872063,-0.199987,0.725407,-0.570841,0.086067,-0.471395,-0.577739,-0.208649
1203168424,-0.895977,-0.872063,-0.199987,0.725407,-0.572001,0.086067,-0.471395,-0.580204,-0.208649
1203168429,-0.895977,-0.872063,-0.199987,0.725407,-0.572870,0.086067,-0.471395,-0.580573,-0.208649
1203168433,-0.895977,-0.872063,-0.199987,0.725407,-0.572870,0.086067,-0.471395,-0.580820,-0.208649
1203168438,-0.895977,-0.872063,-0.199987,0.725407,-0.576927,0.086067,-0.471395,-0.579464,-0.208649
1203168443,-0.895977,-0.872063,-0.199987,0.725407,-0.574319,0.086067,-0.471395,-0.580943,-0.208649
1203168447,-0.895977,-0.872063,-0.199987,0.725407,-0.571711,0.086067,-0.471395,-0.582176,-0.208649
1203168452,-0.895977,-0.872063,-0.199987,0.725407,-0.568813,0.086067,-0.471395,-0.581559,-0.208649
1203168456,-0.895977,-0.872063,-0.199987,0.725407,-0.575188,0.086067,-0.471395,-0.582668,-0.208649
1203168461,-0.895977,-0.872063,-0.199987,0.725407,-0.572870,0.086067,-0.471395,-0.581683,-0.208649
1203168464,-0.895977,-0.872063,-0.199987,0.725407,-0.573740,0.086067,-0.471395,-0.581559,-0.208649
1203168469,-0.895977,-0.872063,-0.199987,0.725407,-0.571131,0.086067,-0.471395,-0.578725,-0.208649
1203168473,-0.895977,-0.872063,-0.199987,0.725407,-0.575188,0.086067,-0.471395,-0.581436,-0.208649
1203168478,-0.895977,-0.872063,-0.199987,0.725407,-0.574319,0.086067,-0.471395,-0.581190,-0.208649
1203168483,-0.895977,-0.872063,-0.199987,0.725407,-0.575478,0.086067,-0.471395,-0.581190,-0.208649
1203168487,-0.895977,-0.872063,-0.199987,0.725407,-0.575188,0.086067,-0.471395,-0.581929,-0.208649
1203168497,-0.895977,-0.872063,-0.199987,0.725407,-0.573740,0.086067,-0.471395,-0.578971,-0.208649
1203168501,-0.895977,-0.872063,-0.199987,0.725407,-0.573450,0.086067,-0.471395,-0.580204,-0.208649
1203168506,-0.895977,-0.872063,-0.199987,0.725407,-0.573450,0.086067,-0.471395,-0.578109,-0.208649
1203168510,-0.895977,-0.872063,-0.199987,0.725407,-0.571711,0.086067,-0.471395,-0.578725,-0.208649
1203168515,-0.895977,-0.872063,-0.199987,0.725407,-0.572001,0.086067,-0.471395,-0.577246,-0.208649
1203168523,-0.895977,-0.872063,-0.199987,0.725407,-0.571131,0.086067,-0.471395,-0.578725,-0.208649
1203168527,-0.895977,-0.872063,-0.199987,0.725407,-0.572001,0.086067,-0.471395,-0.575028,-0.208649
1203168532,-0.895977,-0.872063,-0.199987,0.725407,-0.572870,0.086067,-0.471395,-0.579095,-0.208649
1203168537,-0.895977,-0.872063,-0.199987,0.725407,-0.576058,0.086067,-0.471395,-0.577986,-0.208649
1203168541,-0.895977,-0.872063,-0.199987,0.725407,-0.569972,0.086067,-0.471395,-0.578355,-0.208649
1203168551,-0.895977,-0.872063,-0.199987,0.725407,-0.571711,0.086067,-0.471395,-0.579957,-0.208649
1203168555,-0.895977,-0.872063,-0.199987,0.725407,-0.571711,0.086067,-0.471395,-0.582792,-0.208649
1203168560,-0.895977,-0.872063,-0.199987,0.725407,-0.573740,0.086067,-0.471395,-0.580697,-0.208649
1203168564,-0.895977,-0.872063,-0.199987,0.725407,-0.573450,0.086067,-0.471395,-0.580697,-0.208649
1203168569,-0.895977,-0.872063,-0.199987,0.725407,-0.572580,0.086067,-0.471395,-0.579218,-0.208649
1203168572,-0.895977,-0.872063,-0.199987,0.725407,-0.572580,0.086067,-0.471395,-0.577986,-0.208649
1203168577,-0.895977,-0.872063,-0.199987,0.725407,-0.571131,0.086067,-0.471395,-0.577123,-0.208649
1203168581,-0.895977,-0.872063,-0.199987,0.725407,-0.571131,0.086067,-0.471395,-0.577862,-0.208649
1203168586,-0.895977,-0.872063,-0.199987,0.725407,-0.572580,0.086067,-0.471395,-0.576753,-0.208649
1203168591,-0.895977,-0.872063,-0.199987,0.725407,-0.571711,0.086067,-0.471395,-0.579218,-0.208649
1203168595,-0.895977,-0.872063,-0.199987,0.725407,-0.568813,0.086067,-0.471395,-0.577369,-0.208649
1203168600,-0.895977,-0.872063,-0.199987,0.725407,-0.570262,0.086067,-0.471395,-0.579095,-0.208649
1203168605,-0.895977,-0.872063,-0.199987,0.725407,-0.568813,0.086067,-0.471395,-0.578848,-0.208649
1203168609,-0.895977,-0.872063,-0.199987,0.725407,-0.568813,0.086067,-0.471395,-0.579957,-0.208649
1203168614,-0.895977,-0.872063,-0.199987,0.725407,-0.577217,0.086067,-0.471395,-0.581066,-0.208649
1203168618,-0.895977,-0.872063,-0.199987,0.725407,-0.572580,0.086067,-0.471395,-0.581683,-0.208649
1203168623,-0.895977,-0.872063,-0.199987,0.725407,-0.572870,0.086067,-0.471395,-0.577369,-0.208649
1203168626,-0.895977,-0.872063,-0.199987,0.725407,-0.577217,0.086067,-0.471395,-0.578602,-0.208649
1203168631,-0.895977,-0.872063,-0.199987,0.725407,-0.571711,0.086067,-0.471395,-0.580820,-0.208649
1203168635,-0.895977,-0.872063,-0.199987,0.725407,-0.573740,0.086067,-0.471395,-0.578355,-0.208649
1203168640,-0.895977,-0.872063,-0.199987,0.725407,-0.575188,0.086067,-0.471395,-0.579218,-0.208649
1203168645,-0.895977,-0.872063,-0.199987,0.725407,-0.571131,0.086067,-0.471395,-0.579095,-0.208649
1203168649,-0.895977,-0.872063,-0.199987,0.725407,-0.568233,0.086067,-0.471395,-0.577986,-0.208649
1203168654,-0.895977,-0.872063,-0.199987,0.725407,-0.571711,0.086067,-0.471395,-0.578232,-0.208649
1203168659,-0.895977,-0.872063,-0.199987,0.725407,-0.573450,0.086067,-0.471395,-0.578109,-0.208649
1203168663,-0.895977,-0.872063,-0.199987,0.725407,-0.572001,0.086067,-0.471395,-0.578109,-0.208649
1203168668,-0.895977,-0.872063,-0.199987,0.725407,-0.573450,0.086067,-0.471395,-0.577616,-0.208649
1203168672,-0.895977,-0.872063,-0.199987,0.725407,-0.569972,0.086067,-0.471395,-0.578478,-0.208649
1203168677,-0.895977,-0.872063,-0.199987,0.725407,-0.573450,0.086067,-0.471395,-0.575521,-0.208649
1203168680,-0.895977,-0.872063,-0.199987,0.725407,-0.575478,0.086067,-0.471395,-0.574535,-0.208649
1203168685,-0.895977,-0.872063,-0.199987,0.725407,-0.572001,0.086067,-0.471395,-0.577616,-0.208649
1203168689,-0.895977,-0.872063,-0.199987,0.725407,-0.570262,0.086067,-0.471395,-0.578355,-0.208649
1203168694,-0.895977,-0.872063,-0.199987,0.725407,-0.570841,0.086067,-0.471395,-0.579834,-0.208649
1203168699,-0.895977,-0.872063,-0.199987,0.725407,-0.572870,0.086067,-0.471395,-0.579095,-0.208649
1203168703,-0.895977,-0.872063,-0.199987,0.725407,-0.575478,0.086067,-0.471395,-0.578725,-0.208649
1203168708,-0.895977,-0.872063,-0.199987,0.725407,-0.572001,0.086067,-0.471395,-0.579341,-0.208649
1203168713,-0.895977,-0.872063,-0.199987,0.725407,-0.571711,0.086067,-0.471395,-0.577493,-0.208649
1203168717,-0.895977,-0.872063,-0.199987,0.725407,-0.572580,0.086067,-0.471395,-0.577862,-0.208649
1203168722,-0.895977,-0.872063,-0.199987,0.725407,-0.575478,0.086067,-0.471395,-0.579095,-0.208649
1203168731,-0.895977,-0.872063,-0.199987,0.725407,-0.577797,0.086067,-0.471395,-0.577246,-0.208649
1203168734,-0.895977,-0.872063,-0.199987,0.725407,-0.572580,0.086067,-0.471395,-0.580820,-0.208649
1203168739,-0.895977,-0.872063,-0.199987,0.725407,-0.574609,0.086067,-0.471395,-0.578725,-0.208649
1203168743,-0.895977,-0.872063,-0.199987,0.725407,-0.574609,0.086067,-0.471395,-0.580573,-0.208649
1203168748,-0.895977,-0.872063,-0.199987,0.725407,-0.573450,0.086067,-0.471395,-0.577739,-0.208649
1203168757,-0.895977,-0.872063,-0.199987,0.725407,-0.575478,0.086067,-0.471395,-0.577493,-0.208649
1203168762,-0.895977,-0.872063,-0.199987,0.725407,-0.573740,0.086067,-0.471395,-0.577986,-0.208649
1203168767,-0.895977,-0.872063,-0.199987,0.725407,-0.575478,0.086067,-0.471395,-0.578848,-0.208649
1203168771,-0.895977,-0.872063,-0.199987,0.725407,-0.575478,0.086067,-0.471395,-0.577616,-0.208649
1203168776,-0.895977,-0.872063,-0.199987,0.725407,-0.573740,0.086067,-0.471395,-0.577493,-0.208649
1203168785,-0.895977,-0.872063,-0.199987,0.725407,-0.576058,0.086067,-0.471395,-0.580327,-0.208649
1203168788,-0.895977,-0.872063,-0.199987,0.725407,-0.575478,0.086067,-0.471395,-0.578232,-0.208649
1203168793,-0.895977,-0.872063,-0.199987,0.725407,-0.573740,0.086067,-0.471395,-0.578848,-0.208649
1203168797,-0.895977,-0.872063,-0.199987,0.725407,-0.578087,0.086067,-0.471395,-0.579464,-0.208649
1203168802,-0.895977,-0.872063,-0.199987,0.725407,-0.572580,0.086067,-0.471395,-0.577986,-0.208649
1203168806,-0.895977,-0.872063,-0.199987,0.725407,-0.574609,0.086067,-0.471395,-0.580943,-0.208649
1203168811,-0.895977,-0.872063,-0.199987,0.725407,-0.572580,0.086067,-0.471395,-0.579588,-0.208649
1203168816,-0.895977,-0.872063,-0.199987,0.725407,-0.572001,0.086067,-0.471395,-0.584271,-0.208649
1203168821,-0.895977,-0.872063,-0.199987,0.725407,-0.574319,0.086067,-0.471395,-0.579095,-0.208649
1203168825,-0.895977,-0.872063,-0.199987,0.725407,-0.575188,0.086067,-0.471395,-0.578602,-0.208649
1203168830,-0.895977,-0.872063,-0.199987,0.725407,-0.573740,0.086067,-0.471395,-0.575644,-0.208649
1203168834,-0.895977,-0.872063,-0.199987,0.725407,-0.572870,0.086067,-0.471395,-0.582052,-0.208649
1203168839,-0.895977,-0.872063,-0.199987,0.725407,-0.572870,0.086067,-0.471395,-0.579464,-0.208649
1203168842,-0.895977,-0.872063,-0.199987,0.725407,-0.573450,0.086067,-0.471395,-0.580573,-0.208649
1203168847,-0.895977,-0.872063,-0.199987,0.725407,-0.576348,0.086067,-0.471395,-0.578971,-0.208649
1203168851,-0.895977,-0.872063,-0.199987,0.725407,-0.574319,0.086067,-0.471395,-0.577123,-0.208649
1203168856,-0.895977,-0.872063,-0.199987,0.725407,-0.575188,0.086067,-0.471395,-0.577000,-0.208649
1203168860,-0.895977,-0.872063,-0.199987,0.725407,-0.575188,0.086067,-0.471395,-0.579588,-0.208649
1203168865,-0.895977,-0.872063,-0.199987,0.725407,-0.572870,0.086067,-0.471395,-0.578602,-0.208649
1203168870,-0.895977,-0.872063,-0.199987,0.725407,-0.573450,0.086067,-0.471395,-0.576014,-0.208649
1203168875,-0.895977,-0.872063,-0.199987,0.725407,-0.570841,0.086067,-0.471395,-0.576507,-0.208649
1203168879,-0.895977,-0.872063,-0.199987,0.725407,-0.569972,0.086067,-0.471395,-0.577369,-0.208649
1203168884,-0.895977,-0.872063,-0.199987,0.725407,-0.570262,0.086067,-0.471395,-0.579834,-0.208649
1203168888,-0.895977,-0.872063,-0.199987,0.725407,-0.573450,0.086067,-0.471395,-0.578971,-0.208649
1203168893,-0.895977,-0.872063,-0.199987,0.725407,-0.575188,0.086067,-0.471395,-0.579711,-0.208649
1203168896,-0.895977,-0.872063,-0.199987,0.725407,-0.572870,0.086067,-0.471395,-0.580573,-0.208649
1203168901,-0.895977,-0.872063,-0.199987,0.725407,-0.571711,0.086067,-0.471395,-0.578602,-0.208649
1203168905,-0.895977,-0.872063,-0.199987,0.725407,-0.574609,0.086067,-0.471395,-0.579588,-0.208649
1203168910,-0.895977,-0.872063,-0.199987,0.725407,-0.571711,0.086067,-0.471395,-0.579957,-0.208649
1203168914,-0.895977,-0.872063,-0.199987,0.725407,-0.574609,0.086067,-0.471395,-0.579711,-0.208649
1203168919,-0.895977,-0.872063,-0.199987,0.725407,-0.575188,0.086067,-0.471395,-0.579341,-0.208649
1203168924,-0.895977,-0.872063,-0.199987,0.725407,-0.575188,0.086067,-0.471395,-0.580327,-0.208649
1203168929,-0.895977,-0.872063,-0.199987,0.725407,-0.573740,0.086067,-0.471395,-0.581806,-0.208649
1203168933,-0.895977,-0.872063,-0.199987,0.725407,-0.576058,0.086067,-0.471395,-0.582668,-0.208649
1203168938,-0.895977,-0.872063,-0.199987,0.725407,-0.573450,0.086067,-0.471395,-0.579957,-0.208649
1203168942,-0.895977,-0.872063,-0.199987,0.725407,-0.573740,0.086067,-0.471395,-0.580943,-0.208649
1203168947,-0.895977,-0.872063,-0.199987,0.725407,-0.576348,0.086067,-0.471395,-0.580081,-0.208649
1203168950,-0.895977,-0.872063,-0.199987,0.725407,-0.574609,0.086067,-0.471395,-0.580697,-0.208649
1203168955,-0.895977,-0.872063,-0.199987,0.725407,-0.573450,0.086067,-0.471395,-0.580081,-0.208649
1203168964,-0.895977,-0.872063,-0.199987,0.725407,-0.569682,0.086067,-0.471395,-0.579957,-0.208649
1203168968,-0.895977,-0.872063,-0.199987,0.725407,-0.571711,0.086067,-0.471395,-0.579957,-0.208649
1203168973,-0.895977,-0.872063,-0.199987,0.725407,-0.572001,0.086067,-0.471395,-0.578355,-0.208649
1203168978,-0.895977,-0.872063,-0.199987,0.725407,-0.573740,0.086067,-0.471395,-0.578602,-0.208649
1203168983,-0.895977,-0.872063,-0.199987,0.725407,-0.569103,0.086067,-0.471395,-0.579711,-0.208649
1203168992,-0.895977,-0.872063,-0.199987,0.725407,-0.574609,0.086067,-0.471395,-0.581190,-0.208649
1203168996,-0.895977,-0.872063,-0.199987,0.725407,-0.571131,0.086067,-0.471395,-0.579341,-0.208649
1203169001,-0.895977,-0.872063,-0.199987,0.725407,-0.573740,0.086067,-0.471395,-0.581929,-0.208649
1203169004,-0.895977,-0.872063,-0.199987,0.725407,-0.573740,0.086067,-0.471395,-0.580204,-0.208649
1203169009,-0.895977,-0.872063,-0.199987,0.725407,-0.573450,0.086067,-0.471395,-0.580450,-0.208649
1203169013,-0.895977,-0.872063,-0.199987,0.725407,-0.572580,0.086067,-0.471395,-0.579218,-0.208649
1203169018,-0.895977,-0.872063,-0.199987,0.725407,-0.571131,0.086067,-0.471395,-0.580820,-0.208649
1203169023,-0.895977,-0.872063,-0.199987,0.725407,-0.574609,0.086067,-0.471395,-0.577123,-0.208649
1203169027,-0.895977,-0.872063,-0.199987,0.725407,-0.572580,0.086067,-0.471395,-0.579711,-0.208649
1203169032,-0.895977,-0.872063,-0.199987,0.725407,-0.575188,0.086067,-0.471395,-0.577986,-0.208649
1203169037,-0.895977,-0.872063,-0.199987,0.725407,-0.573450,0.086067,-0.471395,-0.578971,-0.208649
1203169041,-0.895977,-0.872063,-0.199987,0.725407,-0.575188,0.086067,-0.471395,-0.579711,-0.208649
1203169046,-0.895977,-0.872063,-0.199987,0.725407,-0.572870,0.086067,-0.471395,-0.581190,-0.208649
1203169050,-0.895977,-0.872063,-0.199987,0.725407,-0.572580,0.086067,-0.471395,-0.580081,-0.208649
1203169055,-0.895977,-0.872063,-0.199987,0.725407,-0.572580,0.086067,-0.471395,-0.580820,-0.208649
1203169058,-0.895977,-0.872063,-0.199987,0.725407,-0.573450,0.086067,-0.471395,-0.579711,-0.208649
1203169063,-0.895977,-0.872063,-0.199987,0.725407,-0.570841,0.086067,-0.471395,-0.580573,-0.208649
1203169067,-0.895977,-0.872063,-0.199987,0.725407,-0.574609,0.086067,-0.471395,-0.580697,-0.208649
1203169072,-0.895977,-0.872063,-0.199987,0.725407,-0.573450,0.086067,-0.471395,-0.583161,-0.208649
1203169077,-0.895977,-0.872063,-0.199987,0.725407,-0.571131,0.086067,-0.471395,-0.583038,-0.208649
1203169081,-0.895977,-0.872063,-0.199987,0.725407,-0.572580,0.086067,-0.471395,-0.582299,-0.208649
1203169086,-0.895977,-0.872063,-0.199987,0.725407,-0.574609,0.086067,-0.471395,-0.579711,-0.208649
1203169091,-0.895977,-0.872063,-0.199987,0.725407,-0.576058,0.086067,-0.471395,-0.580943,-0.208649
1203169095,-0.895977,-0.872063,-0.199987,0.725407,-0.571131,0.086067,-0.471395,-0.580820,-0.208649
1203169100,-0.895977,-0.872063,-0.199987,0.725407,-0.569682,0.086067,-0.471395,-0.580820,-0.208649
1203169104,-0.895977,-0.872063,-0.199987,0.725407,-0.572001,0.086067,-0.471395,-0.581929,-0.208649
1203169109,-0.895977,-0.872063,-0.199987,0.725407,-0.569682,0.086067,-0.471395,-0.583408,-0.208649
1203169112,-0.895977,-0.872063,-0.199987,0.725407,-0.569972,0.086067,-0.471395,-0.582792,-0.208649
1203169117,-0.895977,-0.872063,-0.199987,0.725407,-0.572001,0.086067,-0.471395,-0.576876,-0.208649
1203169121,-0.895977,-0.872063,-0.199987,0.725407,-0.569682,0.086067,-0.471395,-0.579957,-0.208649
1203169126,-0.895977,-0.872063,-0.199987,0.725407,-0.575188,0.086067,-0.471395,-0.579588,-0.208649
1203169131,-0.895977,-0.872063,-0.199987,0.725407,-0.572001,0.086067,-0.471395,-0.579218,-0.208649
1203169135,-0.895977,-0.872063,-0.199987,0.725407,-0.571131,0.086067,-0.471395,-0.581559,-0.208649
1203169140,-0.895977,-0.872063,-0.199987,0.725407,-0.573450,0.086067,-0.471395,-0.579218,-0.208649
1203169145,-0.895977,-0.872063,-0.199987,0.725407,-0.571711,0.086067,-0.471395,-0.579834,-0.208649
1203169149,-0.895977,-0.872063,-0.199987,0.725407,-0.573450,0.086067,-0.471395,-0.579588,-0.208649
1203169154,-0.895977,-0.872063,-0.199987,0.725407,-0.568813,0.086067,-0.471395,-0.578725,-0.208649
1203169158,-0.895977,-0.872063,-0.199987,0.725407,-0.571711,0.086067,-0.471395,-0.581806,-0.208649
1203169163,-0.895977,-0.872063,-0.199987,0.725407,-0.569682,0.086067,-0.471395,-0.581313,-0.208649
1203169171,-0.895977,-0.872063,-0.199987,0.725407,-0.570841,0.086067,-0.471395,-0.581436,-0.208649
1203169175,-0.895977,-0.872063,-0.199987,0.725407,-0.568813,0.086067,-0.471395,-0.579834,-0.208649
1203169180,-0.895977,-0.872063,-0.199987,0.725407,-0.572580,0.086067,-0.471395,-0.582915,-0.208649
1203169185,-0.895977,-0.872063,-0.199987,0.725407,-0.573740,0.086067,-0.471395,-0.579957,-0.208649
1203169189,-0.895977,-0.872063,-0.199987,0.725407,-0.571711,0.086067,-0.471395,-0.580943,-0.208649
1203169199,-0.895977,-0.872063,-0.199987,0.725407,-0.570841,0.086067,-0.471395,-0.582545,-0.208649
1203169203,-0.895977,-0.872063,-0.199987,0.725407,-0.573450,0.086067,-0.471395,-0.580450,-0.208649
1203169208,-0.895977,-0.872063,-0.199987,0.725407,-0.567364,0.086067,-0.471395,-0.578848,-0.208649
1203169212,-0.895977,-0.872063,-0.199987,0.725407,-0.569972,0.086067,-0.471395,-0.577862,-0.208649
1203169217,-0.895977,-0.872063,-0.199987,0.725407,-0.569682,0.086067,-0.471395,-0.579834,-0.208649
1203169225,-0.895977,-0.872063,-0.199987,0.725407,-0.576058,0.086067,-0.471395,-0.579957,-0.208649
1203169229,-0.895977,-0.872063,-0.199987,0.725407,-0.572870,0.086067,-0.471395,-0.578478,-0.208649
1203169234,-0.895977,-0.872063,-0.199987,0.725407,-0.576058,0.086067,-0.471395,-0.576507,-0.208649
1203169239,-0.895977,-0.872063,-0.199987,0.725407,-0.573450,0.086067,-0.471395,-0.575891,-0.208649
1203169243,-0.895977,-0.872063,-0.199987,0.725407,-0.574319,0.086067,-0.471395,-0.578478,-0.208649
1203169248,-0.895977,-0.872063,-0.199987,0.725407,-0.571131,0.086067,-0.471395,-0.579834,-0.208649
1203169253,-0.895977,-0.872063,-0.199987,0.725407,-0.572001,0.086067,-0.471395,-0.579095,-0.208649
1203169257,-0.895977,-0.872063,-0.199987,0.725407,-0.568233,0.086067,-0.471395,-0.578725,-0.208649
1203169262,-0.895977,-0.872063,-0.199987,0.725407,-0.571711,0.086067,-0.471395,-0.577123,-0.208649
1203169266,-0.895977,-0.872063,-0.199987,0.725407,-0.572870,0.086067,-0.471395,-0.576753,-0.208649
1203169271,-0.895977,-0.872063,-0.199987,0.725407,-0.569103,0.086067,-0.471395,-0.579095,-0.208649
1203169274,-0.895977,-0.872063,-0.199987,0.725407,-0.570841,0.086067,-0.471395,-0.579711,-0.208649
1203169279,-0.895977,-0.872063,-0.199987,0.725407,-0.567074,0.086067,-0.471395,-0.577616,-0.208649
1203169283,-0.895977,-0.872063,-0.199987,0.725407,-0.571131,0.086067,-0.471395,-0.578355,-0.208649
1203169288,-0.895977,-0.872063,-0.199987,0.725407,-0.569103,0.086067,-0.471395,-0.578478,-0.208649
1203169293,-0.895977,-0.872063,-0.199987,0.725407,-0.569103,0.086067,-0.471395,-0.577739,-0.208649
1203169297,-0.895977,-0.872063,-0.199987,0.725407,-0.569972,0.086067,-0.471395,-0.580943,-0.208649
1203169302,-0.895977,-0.872063,-0.199987,0.725407,-0.569972,0.086067,-0.471395,-0.578232,-0.208649
1203169307,-0.895977,-0.872063,-0.199987,0.725407,-0.569103,0.086067,-0.471395,-0.575028,-0.208649
1203169311,-0.895977,-0.872063,-0.199987,0.725407,-0.572580,0.086067,-0.471395,-0.576383,-0.208649
1203169316,-0.895977,-0.872063,-0.199987,0.725407,-0.571711,0.086067,-0.471395,-0.578848,-0.208649
1203169320,-0.895977,-0.872063,-0.199987,0.725407,-0.570841,0.086067,-0.471395,-0.578725,-0.208649
1203169325,-0.895977,-0.872063,-0.199987,0.725407,-0.567364,0.086067,-0.471395,-0.578478,-0.208649
1203169328,-0.895977,-0.872063,-0.199987,0.725407,-0.571131,0.086067,-0.471395,-0.577862,-0.208649
1203169333,-0.895977,-0.872063,-0.199987,0.725407,-0.569103,0.086067,-0.471395,-0.578848,-0.208649
1203169337,-0.895977,-0.872063,-0.199987,0.725407,-0.567943,0.086067,-0.471395,-0.579834,-0.208649
1203169342,-0.895977,-0.872063,-0.199987,0.725407,-0.572870,0.086067,-0.471395,-0.580081,-0.208649
1203169347,-0.895977,-0.872063,-0.199987,0.725407,-0.568813,0.086067,-0.471395,-0.576753,-0.208649
1203169351,-0.895977,-0.872063,-0.199987,0.725407,-0.572001,0.086067,-0.471395,-0.577739,-0.208649
1203169356,-0.895977,-0.872063,-0.199987,0.725407,-0.571131,0.086067,-0.471395,-0.578355,-0.208649
1203169361,-0.895977,-0.872063,-0.199987,0.725407,-0.570841,0.086067,-0.471395,-0.578725,-0.208649
1203169365,-0.895977,-0.872063,-0.199987,0.725407,-0.572580,0.086067,-0.471395,-0.578971,-0.208649
1203169370,-0.895977,-0.872063,-0.199987,0.725407,-0.571711,0.086067,-0.471395,-0.577493,-0.208649
1203169374,-0.895977,-0.872063,-0.199987,0.725407,-0.569972,0.086067,-0.471395,-0.577986,-0.208649
1203169379,-0.895977,-0.872063,-0.199987,0.725407,-0.571131,0.086067,-0.471395,-0.578109,-0.208649
1203169382,-0.895977,-0.872063,-0.199987,0.725407,-0.567364,0.086067,-0.471395,-0.575767,-0.208649
1203169387,-0.895977,-0.872063,-0.199987,0.725407,-0.573450,0.086067,-0.471395,-0.577862,-0.208649
1203169391,-0.895977,-0.872063,-0.199987,0.725407,-0.570262,0.086067,-0.471395,-0.580697,-0.208649
1203169396,-0.895977,-0.872063,-0.199987,0.725407,-0.570262,0.086067,-0.471395,-0.577986,-0.208649
1203169405,-0.895977,-0.872063,-0.199987,0.725407,-0.573740,0.086067,-0.471395,-0.579095,-0.208649
1203169410,-0.895977,-0.872063,-0.199987,0.725407,-0.573450,0.086067,-0.471395,-0.578848,-0.208649
1203169415,-0.895977,-0.872063,-0.199987,0.725407,-0.572001,0.086067,-0.471395,-0.579341,-0.208649
1203169419,-0.895977,-0.872063,-0.199987,0.725407,-0.568233,0.086067,-0.471395,-0.579341,-0.208649
1203169424,-0.895977,-0.872063,-0.199987,0.725407,-0.572580,0.086067,-0.471395,-0.578602,-0.208649
1203169433,-0.895977,-0.872063,-0.199987,0.725407,-0.574609,0.086067,-0.471395,-0.578355,-0.208649
1203169436,-0.895977,-0.872063,-0.199987,0.725407,-0.576348,0.086067,-0.471395,-0.579095,-0.208649
1203169441,-0.895977,-0.872063,-0.199987,0.725407,-0.571131,0.086067,-0.471395,-0.578232,-0.208649
1203169445,-0.895977,-0.872063,-0.199987,0.725407,-0.575478,0.086067,-0.471395,-0.577123,-0.208649
1203169450,-0.895977,-0.872063,-0.199987,0.725407,-0.572580,0.086067,-0.471395,-0.579218,-0.208649
1203169459,-0.895977,-0.872063,-0.199987,0.725407,-0.569103,0.086067,-0.471395,-0.577123,-0.208649
1203169464,-0.895977,-0.872063,-0.199987,0.725407,-0.572580,0.086067,-0.471395,-0.574905,-0.208649
1203169469,-0.895977,-0.872063,-0.199987,0.725407,-0.572870,0.086067,-0.471395,-0.576137,-0.208649
1203169473,-0.895977,-0.872063,-0.199987,0.725407,-0.568813,0.086067,-0.471395,-0.579341,-0.208649
1203169478,-0.895977,-0.872063,-0.199987,0.725407,-0.573740,0.086067,-0.471395,-0.577739,-0.208649
1203169482,-0.895977,-0.872063,-0.199987,0.725407,-0.573450,0.086067,-0.471395,-0.575028,-0.208649
1203169487,-0.895977,-0.872063,-0.199987,0.725407,-0.575188,0.086067,-0.471395,-0.577986,-0.208649
1203169490,-0.895977,-0.872063,-0.199987,0.725407,-0.570262,0.086067,-0.471395,-0.579218,-0.208649
1203169495,-0.895977,-0.872063,-0.199987,0.725407,-0.572870,0.086067,-0.471395,-0.580450,-0.208649
1203169499,-0.895977,-0.872063,-0.199987,0.725407,-0.575478,0.086067,-0.471395,-0.579834,-0.208649
1203169504,-0.895977,-0.872063,-0.199987,0.725407,-0.570262,0.086067,-0.471395,-0.581683,-0.208649
1203169508,-0.895977,-0.872063,-0.199987,0.725407,-0.572580,0.086067,-0.471395,-0.578232,-0.208649
1203169513,-0.895977,-0.872063,-0.199987,0.725407,-0.572580,0.086067,-0.471395,-0.577246,-0.208649
1203169518,-0.895977,-0.872063,-0.199987,0.725407,-0.574609,0.086067,-0.471395,-0.579957,-0.208649
1203169523,-0.895977,-0.872063,-0.199987,0.725407,-0.571131,0.086067,-0.471395,-0.579464,-0.208649
1203169527,-0.895977,-0.872063,-0.199987,0.725407,-0.574319,0.086067,-0.471395,-0.577000,-0.208649
1203169532,-0.895977,-0.872063,-0.199987,0.725407,-0.573740,0.086067,-0.471395,-0.578232,-0.208649
1203169536,-0.895977,-0.872063,-0.199987,0.725407,-0.569103,0.086067,-0.471395,-0.578602,-0.208649
1203169541,-0.895977,-0.872063,-0.199987,0.725407,-0.575188,0.086067,-0.471395,-0.579464,-0.208649
1203169544,-0.895977,-0.872063,-0.199987,0.725407,-0.573450,0.086067,-0.471395,-0.580820,-0.208649
1203169549,-0.895977,-0.872063,-0.199987,0.725407,-0.575478,0.086067,-0.471395,-0.579588,-0.208649
1203169553,-0.895977,-0.872063,-0.199987,0.725407,-0.569103,0.086067,-0.471395,-0.579341,-0.208649
1203169558,-0.895977,-0.872063,-0.199987,0.725407,-0.572580,0.086067,-0.471395,-0.577739,-0.208649
1203169562,-0.895977,-0.872063,-0.199987,0.725407,-0.568233,0.086067,-0.471395,-0.580081,-0.208649
1203169567,-0.895977,-0.872063,-0.199987,0.725407,-0.572870,0.086067,-0.471395,-0.581066,-0.208649
1203169572,-0.895977,-0.872063,-0.199987,0.725407,-0.573450,0.086067,-0.471395,-0.580450,-0.208649
1203169577,-0.895977,-0.872063,-0.199987,0.725407,-0.570262,0.086067,-0.471395,-0.579341,-0.208649
1203169581,-0.895977,-0.872063,-0.199987,0.725407,-0.571711,0.086067,-0.471395,-0.577493,-0.208649
1203169586,-0.895977,-0.872063,-0.199987,0.725407,-0.571711,0.086067,-0.471395,-0.577000,-0.208649
1203169590,-0.895977,-0.872063,-0.199987,0.725407,-0.573450,0.086067,-0.471395,-0.578232,-0.208649
1203169595,-0.895977,-0.872063,-0.199987,0.725407,-0.569682,0.086067,-0.471395,-0.581313,-0.208649
1203169598,-0.895977,-0.872063,-0.199987,0.725407,-0.573450,0.086067,-0.471395,-0.579341,-0.208649
1203169603,-0.895977,-0.872063,-0.199987,0.725407,-0.572580,0.086067,-0.471395,-0.577986,-0.208649
1203169607,-0.895977,-0.872063,-0.199987,0.725407,-0.572001,0.086067,-0.471395,-0.579341,-0.208649
1203169612,-0.895977,-0.872063,-0.199987,0.725407,-0.573450,0.086067,-0.471395,-0.582052,-0.208649
1203169616,-0.895977,-0.872063,-0.199987,0.725407,-0.571131,0.086067,-0.471395,-0.577369,-0.208649
1203169621,-0.895977,-0.872063,-0.199987,0.725407,-0.571711,0.086067,-0.471395,-0.578602,-0.208649
1203169626,-0.895977,-0.872063,-0.199987,0.725407,-0.571711,0.086067,-0.471395,-0.581806,-0.208649
1203169631,-0.895977,-0.872063,-0.199987,0.725407,-0.571131,0.086067,-0.471395,-0.578478,-0.208649
1203169640,-0.895977,-0.872063,-0.199987,0.725407,-0.570841,0.086067,-0.471395,-0.580697,-0.208649
1203169644,-0.895977,-0.872063,-0.199987,0.725407,-0.571131,0.086067,-0.471395,-0.579218,-0.208649
1203169649,-0.895977,-0.872063,-0.199987,0.725407,-0.570841,0.086067,-0.471395,-0.578848,-0.208649
1203169652,-0.895977,-0.872063,-0.199987,0.725407,-0.572001,0.086067,-0.471395,-0.579341,-0.208649
1203169657,-0.895977,-0.872063,-0.199987,0.725407,-0.572870,0.086067,-0.471395,-0.578232,-0.208649
1203169666,-0.895977,-0.872063,-0.199987,0.725407,-0.570841,0.086067,-0.471395,-0.579341,-0.208649
1203169670,-0.895977,-0.872063,-0.199987,0.725407,-0.569682,0.086067,-0.471395,-0.579957,-0.208649
1203169675,-0.895977,-0.872063,-0.199987,0.725407,-0.572870,0.086067,-0.471395,-0.578355,-0.208649
1203169680,-0.895977,-0.872063,-0.199987,0.725407,-0.570841,0.086067,-0.471395,-0.578725,-0.208649
1203169685,-0.895977,-0.872063,-0.199987,0.725407,-0.574319,0.086067,-0.471395,-0.579711,-0.208649
1203169689,-0.895977,-0.872063,-0.199987,0.725407,-0.572001,0.086067,-0.471395,-0.579095,-0.208649
1203169694,-0.895977,-0.872063,-0.199987,0.725407,-0.574609,0.086067,-0.471395,-0.578725,-0.208649
1203169698,-0.895977,-0.872063,-0.199987,0.725407,-0.573740,0.086067,-0.471395,-0.576753,-0.208649
1203169703,-0.895977,-0.872063,-0.199987,0.725407,-0.575188,0.086067,-0.471395,-0.578725,-0.208649
1203169706,-0.895977,-0.872063,-0.199987,0.725407,-0.570262,0.086067,-0.471395,-0.578848,-0.208649
1203169711,-0.895977,-0.872063,-0.199987,0.725407,-0.571711,0.086067,-0.471395,-0.579711,-0.208649
1203169715,-0.895977,-0.872063,-0.199987,0.725407,-0.573450,0.086067,-0.471395,-0.579341,-0.208649
1203169720,-0.895977,-0.872063,-0.199987,0.725407,-0.576348,0.086067,-0.471395,-0.580697,-0.208649
1203169725,-0.895977,-0.872063,-0.199987,0.725407,-0.572870,0.086067,-0.471395,-0.581313,-0.208649
1203169729,-0.895977,-0.872063,-0.199987,0.725407,-0.572001,0.086067,-0.471395,-0.582422,-0.208649
1203169734,-0.895977,-0.872063,-0.199987,0.725407,-0.573450,0.086067,-0.471395,-0.581559,-0.208649
1203169739,-0.895977,-0.872063,-0.199987,0.725407,-0.574319,0.086067,-0.471395,-0.581313,-0.208649
1203169743,-0.895977,-0.872063,-0.199987,0.725407,-0.575478,0.086067,-0.471395,-0.579218,-0.208649
1203169748,-0.895977,-0.872063,-0.199987,0.725407,-0.574609,0.086067,-0.471395,-0.579588,-0.208649
1203169752,-0.895977,-0.872063,-0.199987,0.725407,-0.571711,0.086067,-0.471395,-0.581559,-0.208649
1203169757,-0.895977,-0.872063,-0.199987,0.725407,-0.575478,0.086067,-0.471395,-0.582422,-0.208649
1203169760,-0.895977,-0.872063,-0.199987,0.725407,-0.570262,0.086067,-0.471395,-0.580943,-0.208649
1203169765,-0.895977,-0.872063,-0.199987,0.725407,-0.572580,0.086067,-0.471395,-0.583285,-0.208649
1203169769,-0.895977,-0.872063,-0.199987,0.725407,-0.575478,0.086067,-0.471395,-0.581559,-0.208649
1203169774,-0.895977,-0.872063,-0.199987,0.725407,-0.575188,0.086067,-0.471395,-0.580820,-0.208649
1203169779,-0.895977,-0.872063,-0.199987,0.725407,-0.570262,0.086067,-0.471395,-0.579464,-0.208649
1203169783,-0.895977,-0.872063,-0.199987,0.725407,-0.569972,0.086067,-0.471395,-0.579341,-0.208649
1203169788,-0.895977,-0.872063,-0.199987,0.725407,-0.569972,0.086067,-0.471395,-0.582422,-0.208649
1203169793,-0.895977,-0.872063,-0.199987,0.725407,-0.574609,0.086067,-0.471395,-0.578109,-0.208649
1203169797,-0.895977,-0.872063,-0.199987,0.725407,-0.571131,0.086067,-0.471395,-0.576630,-0.208649
1203169802,-0.895977,-0.872063,-0.199987,0.725407,-0.575478,0.086067,-0.471395,-0.578355,-0.208649
1203169806,-0.895977,-0.872063,-0.199987,0.725407,-0.573450,0.086067,-0.471395,-0.577739,-0.208649
1203169811,-0.895977,-0.872063,-0.199987,0.725407,-0.575478,0.086067,-0.471395,-0.579341,-0.208649
1203169814,-0.895977,-0.872063,-0.199987,0.725407,-0.575188,0.086067,-0.471395,-0.580573,-0.208649
1203169819,-0.895977,-0.872063,-0.199987,0.725407,-0.574319,0.086067,-0.471395,-0.578478,-0.208649
1203169823,-0.895977,-0.872063,-0.199987,0.725407,-0.576058,0.086067,-0.471395,-0.578848,-0.208649
1203169828,-0.895977,-0.872063,-0.199987,0.725407,-0.570262,0.086067,-0.471395,-0.580450,-0.208649
1203169833,-0.895977,-0.872063,-0.199987,0.725407,-0.573450,0.086067,-0.471395,-0.579095,-0.208649
1203169837,-0.895977,-0.872063,-0.199987,0.725407,-0.577797,0.086067,-0.471395,-0.580327,-0.208649
1203169847,-0.895977,-0.872063,-0.199987,0.725407,-0.570841,0.086067,-0.471395,-0.583778,-0.208649
1203169851,-0.895977,-0.872063,-0.199987,0.725407,-0.571131,0.086067,-0.471395,-0.578725,-0.208649
1203169856,-0.895977,-0.872063,-0.199987,0.725407,-0.569682,0.086067,-0.471395,-0.580573,-0.208649
1203169860,-0.895977,-0.872063,-0.199987,0.725407,-0.576927,0.086067,-0.471395,-0.582052,-0.208649
1203169865,-0.895977,-0.872063,-0.199987,0.725407,-0.569972,0.086067,-0.471395,-0.580081,-0.208649
1203169873,-0.895977,-0.872063,-0.199987,0.725407,-0.568813,0.086067,-0.471395,-0.582422,-0.208649
1203169877,-0.895977,-0.872063,-0.199987,0.725407,-0.569103,0.086067,-0.471395,-0.579834,-0.208649
1203169882,-0.895977,-0.872063,-0.199987,0.725407,-0.569103,0.086067,-0.471395,-0.581929,-0.208649
1203169887,-0.895977,-0.872063,-0.199987,0.725407,-0.569972,0.086067,-0.471395,-0.578725,-0.208649
1203169891,-0.895977,-0.872063,-0.199987,0.725407,-0.569682,0.086067,-0.471395,-0.581929,-0.208649
1203169901,-0.895977,-0.872063,-0.199987,0.725407,-0.572001,0.086067,-0.471395,-0.578602,-0.208649
1203169905,-0.895977,-0.872063,-0.199987,0.725407,-0.568233,0.086067,-0.471395,-0.582422,-0.208649
1203169910,-0.895977,-0.872063,-0.199987,0.725407,-0.569682,0.086067,-0.471395,-0.580081,-0.208649
1203169914,-0.895977,-0.872063,-0.199987,0.725407,-0.567074,0.086067,-0.471395,-0.581806,-0.208649
1203169919,-0.895977,-0.872063,-0.199987,0.725407,-0.570841,0.086067,-0.471395,-0.578478,-0.208649
1203169922,-0.895977,-0.872063,-0.199987,0.725407,-0.570262,0.086067,-0.471395,-0.580943,-0.208649
1203169927,-0.895977,-0.872063,-0.199987,0.725407,-0.572001,0.086067,-0.471395,-0.580820,-0.208649
1203169931,-0.895977,-0.872063,-0.199987,0.725407,-0.571711,0.086067,-0.471395,-0.583531,-0.208649
1203169936,-0.895977,-0.872063,-0.199987,0.725407,-0.570262,0.086067,-0.471395,-0.581313,-0.208649
1203169941,-0.895977,-0.872063,-0.199987,0.725407,-0.571131,0.086067,-0.471395,-0.582052,-0.208649
1203169945,-0.895977,-0.872063,-0.199987,0.725407,-0.572001,0.086067,-0.471395,-0.580450,-0.208649
1203169950,-0.895977,-0.872063,-0.199987,0.725407,-0.572580,0.086067,-0.471395,-0.581929,-0.208649
1203169955,-0.895977,-0.872063,-0.199987,0.725407,-0.571711,0.086067,-0.471395,-0.575398,-0.208649
1203169959,-0.895977,-0.872063,-0.199987,0.725407,-0.569103,0.086067,-0.471395,-0.578602,-0.208649
1203169964,-0.895977,-0.872063,-0.199987,0.725407,-0.571131,0.086067,-0.471395,-0.577986,-0.208649
1203169968,-0.895977,-0.872063,-0.199987,0.725407,-0.569972,0.086067,-0.471395,-0.581066,-0.208649
1203169973,-0.895977,-0.872063,-0.199987,0.725407,-0.574609,0.086067,-0.471395,-0.580327,-0.208649
1203169976,-0.895977,-0.872063,-0.199987,0.725407,-0.570841,0.086067,-0.471395,-0.578232,-0.208649
1203169981,-0.895977,-0.872063,-0.199987,0.725407,-0.572001,0.086067,-0.471395,-0.577369,-0.208649
1203169985,-0.895977,-0.872063,-0.199987,0.725407,-0.570841,0.086067,-0.471395,-0.575521,-0.208649
1203169990,-0.895977,-0.872063,-0.199987,0.725407,-0.569682,0.086067,-0.471395,-0.578109,-0.208649
1203169995,-0.895977,-0.872063,-0.199987,0.725407,-0.571711,0.086067,-0.471395,-0.577739,-0.208649
1203169999,-0.895977,-0.872063,-0.199987,0.725407,-0.569103,0.086067,-0.471395,-0.575028,-0.208649
1203170004,-0.895977,-0.872063,-0.199987,0.725407,-0.569972,0.086067,-0.471395,-0.577246,-0.208649
1203170009,-0.895977,-0.872063,-0.199987,0.725407,-0.567943,0.086067,-0.471395,-0.578848,-0.208649
1203170013,-0.895977,-0.872063,-0.199987,0.725407,-0.570262,0.086067,-0.471395,-0.579464,-0.208649
1203170018,-0.895977,-0.872063,-0.199987,0.725407,-0.570841,0.086067,-0.471395,-0.579834,-0.208649
1203170022,-0.895977,-0.872063,-0.199987,0.725407,-0.568233,0.086067,-0.471395,-0.577369,-0.208649
1203170027,-0.895977,-0.872063,-0.199987,0.725407,-0.563596,0.086067,-0.471395,-0.579341,-0.208649
1203170030,-0.895977,-0.872063,-0.199987,0.725407,-0.574319,0.086067,-0.471395,-0.579218,-0.208649
1203170035,-0.895977,-0.872063,-0.199987,0.725407,-0.570841,0.086067,-0.471395,-0.580081,-0.208649
1203170039,-0.895977,-0.872063,-0.199987,0.725407,-0.568813,0.086067,-0.471395,-0.577493,-0.208649
1203170044,-0.895977,-0.872063,-0.199987,0.725407,-0.570262,0.086067,-0.471395,-0.580820,-0.208649
1203170049,-0.895977,-0.872063,-0.199987,0.725407,-0.568813,0.086067,-0.471395,-0.584271,-0.208649
1203170053,-0.895977,-0.872063,-0.199987,0.725407,-0.571131,0.086067,-0.471395,-0.579957,-0.208649
1203170058,-0.895977,-0.872063,-0.199987,0.725407,-0.572001,0.086067,-0.471395,-0.580573,-0.208649
1203170063,-0.895977,-0.872063,-0.199987,0.725407,-0.568813,0.086067,-0.471395,-0.581559,-0.208649
1203170067,-0.895977,-0.872063,-0.199987,0.725407,-0.569103,0.086067,-0.471395,-0.579957,-0.208649
1203170072,-0.895977,-0.872063,-0.199987,0.725407,-0.569103,0.086067,-0.471395,-0.579834,-0.208649
1203170081,-0.895977,-0.872063,-0.199987,0.725407,-0.570841,0.086067,-0.471395,-0.581806,-0.208649
1203170084,-0.895977,-0.872063,-0.199987,0.725407,-0.565625,0.086067,-0.471395,-0.581436,-0.208649
1203170089,-0.895977,-0.872063,-0.199987,0.725407,-0.571131,0.086067,-0.471395,-0.582299,-0.208649
1203170093,-0.895977,-0.872063,-0.199987,0.725407,-0.572870,0.086067,-0.471395,-0.582052,-0.208649
1203170098,-0.895977,-0.872063,-0.199987,0.725407,-0.570262,0.086067,-0.471395,-0.582792,-0.208649
1203170107,-0.895977,-0.872063,-0.199987,0.725407,-0.572580,0.086067,-0.471395,-0.580327,-0.208649
1203170112,-0.895977,-0.872063,-0.199987,0.725407,-0.572870,0.086067,-0.471395,-0.579464,-0.208649
1203170117,-0.895977,-0.872063,-0.199987,0.725407,-0.570262,0.086067,-0.471395,-0.578232,-0.208649
1203170121,-0.895977,-0.872063,-0.199987,0.725407,-0.569972,0.086067,-0.471395,-0.580697,-0.208649
1203170126,-0.895977,-0.872063,-0.199987,0.725407,-0.572001,0.086067,-0.471395,-0.580327,-0.208649
1203170135,-0.895977,-0.872063,-0.199987,0.725407,-0.572580,0.086067,-0.471395,-0.579464,-0.208649
1203170138,-0.895977,-0.872063,-0.199987,0.725407,-0.569682,0.086067,-0.471395,-0.581929,-0.208649
1203170143,-0.895977,-0.872063,-0.199987,0.725407,-0.571711,0.086067,-0.471395,-0.583901,-0.208649
1203170147,-0.895977,-0.872063,-0.199987,0.725407,-0.570262,0.086067,-0.471395,-0.582792,-0.208649
1203170152,-0.895977,-0.872063,-0.199987,0.725407,-0.569103,0.086067,-0.471395,-0.582792,-0.208649
1203170156,-0.895977,-0.872063,-0.199987,0.725407,-0.573450,0.086067,-0.471395,-0.579834,-0.208649
1203170161,-0.895977,-0.872063,-0.199987,0.725407,-0.571711,0.086067,-0.471395,-0.580573,-0.208649
1203170166,-0.895977,-0.872063,-0.199987,0.725407,-0.567943,0.086067,-0.471395,-0.577986,-0.208649
1203170171,-0.895977,-0.872063,-0.199987,0.725407,-0.569682,0.086067,-0.471395,-0.581806,-0.208649
1203170175,-0.895977,-0.872063,-0.199987,0.725407,-0.573740,0.086067,-0.471395,-0.581190,-0.208649
1203170180,-0.895977,-0.872063,-0.199987,0.725407,-0.571711,0.086067,-0.471395,-0.582052,-0.208649
1203170184,-0.895977,-0.872063,-0.199987,0.725407,-0.569682,0.086067,-0.471395,-0.582545,-0.208649
1203170189,-0.895977,-0.872063,-0.199987,0.725407,-0.573450,0.086067,-0.471395,-0.580573,-0.208649
1203170192,-0.895977,-0.872063,-0.199987,0.725407,-0.569103,0.086067,-0.471395,-0.577986,-0.208649
1203170197,-0.895977,-0.872063,-0.199987,0.725407,-0.572870,0.086067,-0.471395,-0.577123,-0.208649
1203170201,-0.895977,-0.872063,-0.199987,0.725407,-0.570841,0.086067,-0.471395,-0.578602,-0.208649
1203170206,-0.895977,-0.872063,-0.199987,0.725407,-0.576058,0.086067,-0.471395,-0.576507,-0.208649
1203170210,-0.895977,-0.872063,-0.199987,0.725407,-0.569972,0.086067,-0.471395,-0.579834,-0.208649
1203170215,-0.895977,-0.872063,-0.199987,0.725407,-0.565625,0.086067,-0.471395,-0.581436,-0.208649
1203170220,-0.895977,-0.872063,-0.199987,0.725407,-0.569103,0.086067,-0.471395,-0.581190,-0.208649
1203170225,-0.895977,-0.872063,-0.199987,0.725407,-0.568813,0.086067,-0.471395,-0.580573,-0.208649
1203170229,-0.895977,-0.872063,-0.199987,0.725407,-0.572001,0.086067,-0.471395,-0.579588,-0.208649
1203170234,-0.895977,-0.872063,-0.199987,0.725407,-0.570262,0.086067,-0.471395,-0.578602,-0.208649
1203170238,-0.895977,-0.872063,-0.199987,0.725407,-0.569972,0.086067,-0.471395,-0.579834,-0.208649
1203170243,-0.895977,-0.872063,-0.199987,0.725407,-0.569103,0.086067,-0.471395,-0.580943,-0.208649
1203170246,-0.895977,-0.872063,-0.199987,0.725407,-0.572870,0.086067,-0.471395,-0.585503,-0.208649
1203170251,-0.895977,-0.872063,-0.199987,0.725407,-0.572001,0.086067,-0.471395,-0.581683,-0.208649
1203170255,-0.895977,-0.872063,-0.199987,0.725407,-0.571131,0.086067,-0.471395,-0.578725,-0.208649
1203170260,-0.895977,-0.872063,-0.199987,0.725407,-0.571711,0.086067,-0.471395,-0.580450,-0.208649
1203170264,-0.895977,-0.872063,-0.199987,0.725407,-0.569682,0.086067,-0.471395,-0.579464,-0.208649
1203170269,-0.895977,-0.872063,-0.199987,0.725407,-0.572870,0.086067,-0.471395,-0.581806,-0.208649
1203170274,-0.895977,-0.872063,-0.199987,0.725407,-0.567364,0.086067,-0.471395,-0.580327,-0.208649
1203170279,-0.895977,-0.872063,-0.199987,0.725407,-0.569682,0.086067,-0.471395,-0.582176,-0.208649
1203170283,-0.895977,-0.872063,-0.199987,0.725407,-0.569103,0.086067,-0.471395,-0.580697,-0.208649
1203170288,-0.895977,-0.872063,-0.199987,0.725407,-0.570262,0.086067,-0.471395,-0.580573,-0.208649
1203170292,-0.895977,-0.872063,-0.199987,0.725407,-0.569682,0.086067,-0.471395,-0.579588,-0.208649
1203170297,-0.895977,-0.872063,-0.199987,0.725407,-0.567943,0.086067,-0.471395,-0.579341,-0.208649
1203170300,-0.895977,-0.872063,-0.199987,0.725407,-0.570262,0.086067,-0.471395,-0.580943,-0.208649
1203170305,-0.895977,-0.872063,-0.199987,0.725407,-0.572001,0.086067,-0.471395,-0.582052,-0.208649
1203170314,-0.895977,-0.872063,-0.199987,0.725407,-0.569682,0.086067,-0.471395,-0.582052,-0.208649
1203170318,-0.895977,-0.872063,-0.199987,0.725407,-0.572580,0.086067,-0.471395,-0.583408,-0.208649
1203170323,-0.895977,-0.872063,-0.199987,0.725407,-0.573740,0.086067,-0.471395,-0.581683,-0.208649
1203170328,-0.895977,-0.872063,-0.199987,0.725407,-0.575188,0.086067,-0.471395,-0.585380,-0.208649
1203170333,-0.895977,-0.872063,-0.199987,0.725407,-0.571711,0.086067,-0.471395,-0.582052,-0.208649
1203170342,-0.895977,-0.872063,-0.199987,0.725407,-0.570262,0.086067,-0.471395,-0.579957,-0.208649
1203170346,-0.895977,-0.872063,-0.199987,0.725407,-0.567364,0.086067,-0.471395,-0.579711,-0.208649
1203170351,-0.895977,-0.872063,-0.199987,0.725407,-0.572870,0.086067,-0.471395,-0.582545,-0.208649
1203170354,-0.895977,-0.872063,-0.199987,0.725407,-0.570841,0.086067,-0.471395,-0.583161,-0.208649
1203170359,-0.895977,-0.872063,-0.199987,0.725407,-0.570262,0.086067,-0.471395,-0.580943,-0.208649
1203170363,-0.895977,-0.872063,-0.199987,0.725407,-0.571131,0.086067,-0.471395,-0.581559,-0.208649
1203170368,-0.895977,-0.872063,-0.199987,0.725407,-0.573450,0.086067,-0.471395,-0.582422,-0.208649
1203170373,-0.895977,-0.872063,-0.199987,0.725407,-0.569682,0.086067,-0.471395,-0.583654,-0.208649
1203170377,-0.895977,-0.872063,-0.199987,0.725407,-0.572870,0.086067,-0.471395,-0.582176,-0.208649
1203170382,-0.895977,-0.872063,-0.199987,0.725407,-0.571711,0.086067,-0.471395,-0.583778,-0.208649
1203170387,-0.895977,-0.872063,-0.199987,0.725407,-0.569972,0.086067,-0.471395,-0.582176,-0.208649
1203170391,-0.895977,-0.872063,-0.199987,0.725407,-0.571711,0.086067,-0.471395,-0.581313,-0.208649
1203170396,-0.895977,-0.872063,-0.199987,0.725407,-0.568813,0.086067,-0.471395,-0.581066,-0.208649
1203170400,-0.895977,-0.872063,-0.199987,0.725407,-0.576058,0.086067,-0.471395,-0.583038,-0.208649
1203170405,-0.895977,-0.872063,-0.199987,0.725407,-0.570841,0.086067,-0.471395,-0.582052,-0.208649
1203170408,-0.895977,-0.872063,-0.199987,0.725407,-0.571711,0.086067,-0.471395,-0.581313,-0.208649
1203170413,-0.895977,-0.872063,-0.199987,0.725407,-0.573450,0.086067,-0.471395,-0.583038,-0.208649
1203170417,-0.895977,-0.872063,-0.199987,0.725407,-0.572001,0.086067,-0.471395,-0.581929,-0.208649
1203170422,-0.895977,-0.872063,-0.199987,0.725407,-0.568813,0.086067,-0.471395,-0.581806,-0.208649
1203170427,-0.895977,-0.872063,-0.199987,0.725407,-0.569682,0.086067,-0.471395,-0.582668,-0.208649
1203170431,-0.895977,-0.872063,-0.199987,0.725407,-0.570841,0.086067,-0.471395,-0.582052,-0.208649
1203170436,-0.895977,-0.872063,-0.199987,0.725407,-0.572580,0.086067,-0.471395,-0.583654,-0.208649
1203170441,-0.895977,-0.872063,-0.199987,0.725407,-0.572870,0.086067,-0.471395,-0.581929,-0.208649
1203170445,-0.895977,-0.872063,-0.199987,0.725407,-0.572580,0.086067,-0.471395,-0.580697,-0.208649
1203170450,-0.895977,-0.872063,-0.199987,0.725407,-0.570262,0.086067,-0.471395,-0.580450,-0.208649
1203170454,-0.895977,-0.872063,-0.199987,0.725407,-0.572580,0.086067,-0.471395,-0.581190,-0.208649
1203170459,-0.895977,-0.872063,-0.199987,0.725407,-0.571131,0.086067,-0.471395,-0.579957,-0.208649
1203170462,-0.895977,-0.872063,-0.199987,0.725407,-0.572580,0.086067,-0.471395,-0.582545,-0.208649
1203170467,-0.895977,-0.872063,-0.199987,0.725407,-0.572580,0.086067,-0.471395,-0.579711,-0.208649
1203170471,-0.895977,-0.872063,-0.199987,0.725407,-0.571711,0.086067,-0.471395,-0.577369,-0.208649
1203170476,-0.895977,-0.872063,-0.199987,0.725407,-0.567364,0.086067,-0.471395,-0.580204,-0.208649
1203170481,-0.895977,-0.872063,-0.199987,0.725407,-0.576927,0.086067,-0.471395,-0.579218,-0.208649
1203170485,-0.895977,-0.872063,-0.199987,0.725407,-0.573740,0.086067,-0.471395,-0.582422,-0.208649
1203170490,-0.895977,-0.872063,-0.199987,0.725407,-0.572870,0.086067,-0.471395,-0.579218,-0.208649
1203170495,-0.895977,-0.872063,-0.199987,0.725407,-0.569682,0.086067,-0.471395,-0.580573,-0.208649
1203170499,-0.895977,-0.872063,-0.199987,0.725407,-0.571131,0.086067,-0.471395,-0.581190,-0.208649
1203170504,-0.895977,-0.872063,-0.199987,0.725407,-0.568233,0.086067,-0.471395,-0.580697,-0.208649
1203170508,-0.895977,-0.872063,-0.199987,0.725407,-0.570841,0.086067,-0.471395,-0.579588,-0.208649
1203170513,-0.895977,-0.872063,-0.199987,0.725407,-0.572870,0.086067,-0.471395,-0.580697,-0.208649
1203170521,-0.895977,-0.872063,-0.199987,0.725407,-0.568813,0.086067,-0.471395,-0.578971,-0.208649
1203170525,-0.895977,-0.872063,-0.199987,0.725407,-0.572870,0.086067,-0.471395,-0.579957,-0.208649
1203170530,-0.895977,-0.872063,-0.199987,0.725407,-0.570262,0.086067,-0.471395,-0.582422,-0.208649
1203170535,-0.895977,-0.872063,-0.199987,0.725407,-0.569682,0.086067,-0.471395,-0.579341,-0.208649
1203170539,-0.895977,-0.872063,-0.199987,0.725407,-0.574319,0.086067,-0.471395,-0.584024,-0.208649
1203170549,-0.895977,-0.872063,-0.199987,0.725407,-0.572580,0.086067,-0.471395,-0.582545,-0.208649
1203170553,-0.895977,-0.872063,-0.199987,0.725407,-0.568813,0.086067,-0.471395,-0.578602,-0.208649
1203170558,-0.895977,-0.872063,-0.199987,0.725407,-0.572001,0.086067,-0.471395,-0.580450,-0.208649
1203170562,-0.895977,-0.872063,-0.199987,0.725407,-0.573450,0.086067,-0.471395,-0.579711,-0.208649
1203170567,-0.895977,-0.872063,-0.199987,0.725407,-0.572001,0.086067,-0.471395,-0.581559,-0.208649
1203170575,-0.895977,-0.872063,-0.199987,0.725407,-0.572001,0.086067,-0.471395,-0.579711,-0.208649
1203170579,-0.895977,-0.872063,-0.199987,0.725407,-0.571711,0.086067,-0.471395,-0.580327,-0.208649
1203170584,-0.895977,-0.872063,-0.199987,0.725407,-0.572580,0.086067,-0.471395,-0.581313,-0.208649
1203170589,-0.895977,-0.872063,-0.199987,0.725407,-0.573740,0.086067,-0.471395,-0.581313,-0.208649
1203170593,-0.895977,-0.872063,-0.199987,0.725407,-0.573740,0.086067,-0.471395,-0.579341,-0.208649
1203170598,-0.895977,-0.872063,-0.199987,0.725407,-0.572580,0.086067,-0.471395,-0.582422,-0.208649
1203170603,-0.895977,-0.872063,-0.199987,0.725407,-0.571711,0.086067,-0.471395,-0.581683,-0.208649
1203170607,-0.895977,-0.872063,-0.199987,0.725407,-0.574609,0.086067,-0.471395,-0.583038,-0.208649
1203170612,-0.895977,-0.872063,-0.199987,0.725407,-0.570841,0.086067,-0.471395,-0.581190,-0.208649
1203170616,-0.895977,-0.872063,-0.199987,0.725407,-0.569682,0.086067,-0.471395,-0.581190,-0.208649
1203170621,-0.895977,-0.872063,-0.199987,0.725407,-0.572580,0.086067,-0.471395,-0.580943,-0.208649
1203170624,-0.895977,-0.872063,-0.199987,0.725407,-0.572870,0.086067,-0.471395,-0.580820,-0.208649
1203170629,-0.895977,-0.872063,-0.199987,0.725407,-0.570841,0.086067,-0.471395,-0.578478,-0.208649
1203170633,-0.895977,-0.872063,-0.199987,0.725407,-0.572870,0.086067,-0.471395,-0.580943,-0.208649
1203170638,-0.895977,-0.872063,-0.199987,0.725407,-0.570262,0.086067,-0.471395,-0.577246,-0.208649
1203170643,-0.895977,-0.872063,-0.199987,0.725407,-0.573740,0.086067,-0.471395,-0.576260,-0.208649
1203170647,-0.895977,-0.872063,-0.199987,0.725407,-0.572580,0.086067,-0.471395,-0.581436,-0.208649
1203170652,-0.895977,-0.872063,-0.199987,0.725407,-0.572580,0.086067,-0.471395,-0.581436,-0.208649
1203170657,-0.895977,-0.872063,-0.199987,0.725407,-0.573740,0.086067,-0.471395,-0.579464,-0.208649
1203170661,-0.895977,-0.872063,-0.199987,0.725407,-0.572580,0.086067,-0.471395,-0.577616,-0.208649
1203170666,-0.895977,-0.872063,-0.199987,0.725407,-0.571711,0.086067,-0.471395,-0.580081,-0.208649
1203170670,-0.895977,-0.872063,-0.199987,0.725407,-0.572580,0.086067,-0.471395,-0.579464,-0.208649
1203170675,-0.895977,-0.872063,-0.199987,0.725407,-0.572580,0.086067,-0.471395,-0.577369,-0.208649
1203170678,-0.895977,-0.872063,-0.199987,0.725407,-0.571711,0.086067,-0.471395,-0.581436,-0.208649
1203170683,-0.895977,-0.872063,-0.199987,0.725407,-0.572870,0.086067,-0.471395,-0.580327,-0.208649
1203170687,-0.895977,-0.872063,-0.199987,0.725407,-0.570262,0.086067,-0.471395,-0.577369,-0.208649
1203170692,-0.895977,-0.872063,-0.199987,0.725407,-0.572870,0.086067,-0.471395,-0.578232,-0.208649
1203170697,-0.895977,-0.872063,-0.199987,0.725407,-0.571711,0.086067,-0.471395,-0.578971,-0.208649
1203170701,-0.895977,-0.872063,-0.199987,0.725407,-0.572580,0.086067,-0.471395,-0.578602,-0.208649
1203170706,-0.895977,-0.872063,-0.199987,0.725407,-0.573740,0.086067,-0.471395,-0.579464,-0.208649
1203170711,-0.895977,-0.872063,-0.199987,0.725407,-0.571711,0.086067,-0.471395,-0.579341,-0.208649
1203170715,-0.895977,-0.872063,-0.199987,0.725407,-0.569103,0.086067,-0.471395,-0.577000,-0.208649
1203170720,-0.895977,-0.872063,-0.199987,0.725407,-0.572870,0.086067,-0.471395,-0.575028,-0.208649
1203170724,-0.895977,-0.872063,-0.199987,0.725407,-0.575188,0.086067,-0.471395,-0.578232,-0.208649
1203170729,-0.895977,-0.872063,-0.199987,0.725407,-0.571711,0.086067,-0.471395,-0.576630,-0.208649
1203170732,-0.895977,-0.872063,-0.199987,0.725407,-0.571711,0.086067,-0.471395,-0.576507,-0.208649
1203170737,-0.895977,-0.872063,-0.199987,0.725407,-0.572870,0.086067,-0.471395,-0.578355,-0.208649
1203170741,-0.895977,-0.872063,-0.199987,0.725407,-0.572870,0.086067,-0.471395,-0.576630,-0.208649
1203170746,-0.895977,-0.872063,-0.199987,0.725407,-0.575478,0.086067,-0.471395,-0.579834,-0.208649
1203170755,-0.895977,-0.872063,-0.199987,0.725407,-0.574609,0.086067,-0.471395,-0.580081,-0.208649
1203170760,-0.895977,-0.872063,-0.199987,0.725407,-0.571711,0.086067,-0.471395,-0.578848,-0.208649
1203170765,-0.895977,-0.872063,-0.199987,0.725407,-0.570262,0.086067,-0.471395,-0.579834,-0.208649
1203170769,-0.895977,-0.872063,-0.199987,0.725407,-0.570262,0.086067,-0.471395,-0.580697,-0.208649
1203170774,-0.895977,-0.872063,-0.199987,0.725407,-0.572001,0.086067,-0.471395,-0.581683,-0.208649
1203170783,-0.895977,-0.872063,-0.199987,0.725407,-0.574319,0.086067,-0.471395,-0.580697,-0.208649
1203170786,-0.895977,-0.872063,-0.199987,0.725407,-0.573450,0.086067,-0.471395,-0.579341,-0.208649
1203170791,-0.895977,-0.872063,-0.199987,0.725407,-0.573740,0.086067,-0.471395,-0.580327,-0.208649
1203170795,-0.895977,-0.872063,-0.199987,0.725407,-0.570262,0.086067,-0.471395,-0.580943,-0.208649
1203170800,-0.895977,-0.872063,-0.199987,0.725407,-0.569103,0.086067,-0.471395,-0.580327,-0.208649
1203170809,-0.895977,-0.872063,-0.199987,0.725407,-0.573740,0.086067,-0.471395,-0.579095,-0.208649
1203170814,-0.895977,-0.872063,-0.199987,0.725407,-0.574319,0.086067,-0.471395,-0.579341,-0.208649
1203170819,-0.895977,-0.872063,-0.199987,0.725407,-0.572580,0.086067,-0.471395,-0.577369,-0.208649
1203170823,-0.895977,-0.872063,-0.199987,0.725407,-0.573740,0.086067,-0.471395,-0.577369,-0.208649
1203170828,-0.895977,-0.872063,-0.199987,0.725407,-0.576058,0.086067,-0.471395,-0.577986,-0.208649
1203170832,-0.895977,-0.872063,-0.199987,0.725407,-0.575188,0.086067,-0.471395,-0.576753,-0.208649
1203170837,-0.895977,-0.872063,-0.199987,0.725407,-0.572001,0.086067,-0.471395,-0.579218,-0.208649
1203170840,-0.895977,-0.872063,-0.199987,0.725407,-0.572870,0.086067,-0.471395,-0.574535,-0.208649
1203170845,-0.895977,-0.872063,-0.199987,0.725407,-0.574609,0.086067,-0.471395,-0.579095,-0.208649
1203170849,-0.895977,-0.872063,-0.199987,0.725407,-0.572001,0.086067,-0.471395,-0.577616,-0.208649
1203170854,-0.895977,-0.872063,-0.199987,0.725407,-0.574319,0.086067,-0.471395,-0.575028,-0.208649
1203170858,-0.895977,-0.872063,-0.199987,0.725407,-0.574319,0.086067,-0.471395,-0.578232,-0.208649
1203170863,-0.895977,-0.872063,-0.199987,0.725407,-0.577217,0.086067,-0.471395,-0.577862,-0.208649
1203170868,-0.895977,-0.872063,-0.199987,0.725407,-0.576348,0.086067,-0.471395,-0.577369,-0.208649
1203170873,-0.895977,-0.872063,-0.199987,0.725407,-0.573740,0.086067,-0.471395,-0.580081,-0.208649
1203170877,-0.895977,-0.872063,-0.199987,0.725407,-0.573740,0.086067,-0.471395,-0.578725,-0.208649
1203170882,-0.895977,-0.872063,-0.199987,0.725407,-0.572580,0.086067,-0.471395,-0.578109,-0.208649
1203170886,-0.895977,-0.872063,-0.199987,0.725407,-0.570262,0.086067,-0.471395,-0.577246,-0.208649
1203170891,-0.895977,-0.872063,-0.199987,0.725407,-0.574609,0.086067,-0.471395,-0.579095,-0.208649
1203170894,-0.895977,-0.872063,-0.199987,0.725407,-0.572580,0.086067,-0.471395,-0.581190,-0.208649
1203170899,-0.895977,-0.872063,-0.199987,0.725407,-0.575188,0.086067,-0.471395,-0.579341,-0.208649
1203170903,-0.895977,-0.872063,-0.199987,0.725407,-0.572580,0.086067,-0.471395,-0.578848,-0.208649
1203170908,-0.895977,-0.872063,-0.199987,0.725407,-0.572580,0.086067,-0.471395,-0.583038,-0.208649
1203170912,-0.895977,-0.872063,-0.199987,0.725407,-0.572870,0.086067,-0.471395,-0.580450,-0.208649
1203170917,-0.895977,-0.872063,-0.199987,0.725407,-0.575478,0.086067,-0.471395,-0.578478,-0.208649
1203170922,-0.895977,-0.872063,-0.199987,0.725407,-0.575188,0.086067,-0.471395,-0.577739,-0.208649
1203170927,-0.895977,-0.872063,-0.199987,0.725407,-0.573450,0.086067,-0.471395,-0.579341,-0.208649
1203170931,-0.895977,-0.872063,-0.199987,0.725407,-0.571131,0.086067,-0.471395,-0.581066,-0.208649
1203170936,-0.895977,-0.872063,-0.199987,0.725407,-0.572870,0.086067,-0.471395,-0.582422,-0.208649
1203170940,-0.895977,-0.872063,-0.199987,0.725407,-0.573450,0.086067,-0.471395,-0.581066,-0.208649
1203170945,-0.895977,-0.872063,-0.199987,0.725407,-0.570841,0.086067,-0.471395,-0.578848,-0.208649
1203170948,-0.895977,-0.872063,-0.199987,0.725407,-0.572001,0.086067,-0.471395,-0.581313,-0.208649
1203170953,-0.895977,-0.872063,-0.199987,0.725407,-0.572001,0.086067,-0.471395,-0.577862,-0.208649
1203170957,-0.895977,-0.872063,-0.199987,0.725407,-0.571711,0.086067,-0.471395,-0.579464,-0.208649
1203170962,-0.895977,-0.872063,-0.199987,0.725407,-0.575188,0.086067,-0.471395,-0.583531,-0.208649
1203170966,-0.895977,-0.872063,-0.199987,0.725407,-0.572001,0.086067,-0.471395,-0.583778,-0.208649
1203170971,-0.895977,-0.872063,-0.199987,0.725407,-0.572001,0.086067,-0.471395,-0.578848,-0.208649
1203170976,-0.895977,-0.872063,-0.199987,0.725407,-0.572580,0.086067,-0.471395,-0.580820,-0.208649
1203170981,-0.895977,-0.872063,-0.199987,0.725407,-0.574319,0.086067,-0.471395,-0.581806,-0.208649
1203170990,-0.895977,-0.872063,-0.199987,0.725407,-0.577217,0.086067,-0.471395,-0.580943,-0.208649
1203170994,-0.895977,-0.872063,-0.199987,0.725407,-0.572001,0.086067,-0.471395,-0.580820,-0.208649
1203170999,-0.895977,-0.872063,-0.199987,0.725407,-0.572001,0.086067,-0.471395,-0.579957,-0.208649
1203171002,-0.895977,-0.872063,-0.199987,0.725407,-0.574319,0.086067,-0.471395,-0.581806,-0.208649
1203171007,-0.895977,-0.872063,-0.199987,0.725407,-0.578666,0.086067,-0.471395,-0.580327,-0.208649
1203171016,-0.895977,-0.872063,-0.199987,0.725407,-0.571711,0.086067,-0.471395,-0.580450,-0.208649
1203171020,-0.895977,-0.872063,-0.199987,0.725407,-0.572580,0.086067,-0.471395,-0.581190,-0.208649
1203171025,-0.895977,-0.872063,-0.199987,0.725407,-0.573450,0.086067,-0.471395,-0.579218,-0.208649
1203171030,-0.895977,-0.872063,-0.199987,0.725407,-0.572001,0.086067,-0.471395,-0.577986,-0.208649
1203171035,-0.895977,-0.872063,-0.199987,0.725407,-0.574319,0.086067,-0.471395,-0.578355,-0.208649
1203171039,-0.895977,-0.872063,-0.199987,0.725407,-0.574319,0.086067,-0.471395,-0.579095,-0.208649
1203171044,-0.895977,-0.872063,-0.199987,0.725407,-0.575188,0.086067,-0.471395,-0.580204,-0.208649
1203171048,-0.895977,-0.872063,-0.199987,0.725407,-0.577217,0.086067,-0.471395,-0.578848,-0.208649
1203171053,-0.895977,-0.872063,-0.199987,0.725407,-0.570841,0.086067,-0.471395,-0.579218,-0.208649
1203171056,-0.895977,-0.872063,-0.199987,0.725407,-0.572870,0.086067,-0.471395,-0.580820,-0.208649
1203171061,-0.895977,-0.872063,-0.199987,0.725407,-0.573450,0.086067,-0.471395,-0.581436,-0.208649
1203171065,-0.895977,-0.872063,-0.199987,0.725407,-0.574609,0.086067,-0.471395,-0.581683,-0.208649
1203171070,-0.895977,-0.872063,-0.199987,0.725407,-0.573450,0.086067,-0.471395,-0.578355,-0.208649
1203171075,-0.895977,-0.872063,-0.199987,0.725407,-0.574319,0.086067,-0.471395,-0.581806,-0.208649
1203171079,-0.895977,-0.872063,-0.199987,0.725407,-0.572870,0.086067,-0.471395,-0.581436,-0.208649
1203171084,-0.895977,-0.872063,-0.199987,0.725407,-0.572580,0.086067,-0.471395,-0.579341,-0.208649
1203171089,-0.895977,-0.872063,-0.199987,0.725407,-0.571131,0.086067,-0.471395,-0.580820,-0.208649
1203171093,-0.895977,-0.872063,-0.199987,0.725407,-0.572001,0.086067,-0.471395,-0.577000,-0.208649
1203171098,-0.895977,-0.872063,-0.199987,0.725407,-0.571131,0.086067,-0.471395,-0.580450,-0.208649
1203171102,-0.895977,-0.872063,-0.199987,0.725407,-0.572870,0.086067,-0.471395,-0.580204,-0.208649
1203171107,-0.895977,-0.872063,-0.199987,0.725407,-0.571131,0.086067,-0.471395,-0.582792,-0.208649
1203171110,-0.895977,-0.872063,-0.199987,0.725407,-0.574319,0.086067,-0.471395,-0.581190,-0.208649
1203171115,-0.895977,-0.872063,-0.199987,0.725407,-0.568813,0.086067,-0.471395,-0.579464,-0.208649
1203171119,-0.895977,-0.872063,-0.199987,0.725407,-0.572001,0.086067,-0.471395,-0.581436,-0.208649
1203171124,-0.895977,-0.872063,-0.199987,0.725407,-0.572870,0.086067,-0.471395,-0.580697,-0.208649
1203171129,-0.895977,-0.872063,-0.199987,0.725407,-0.570841,0.086067,-0.471395,-0.579957,-0.208649
1203171133,-0.895977,-0.872063,-0.199987,0.725407,-0.569972,0.086067,-0.471395,-0.580820,-0.208649
1203171138,-0.895977,-0.872063,-0.199987,0.725407,-0.572001,0.086067,-0.471395,-0.580450,-0.208649
1203171143,-0.895977,-0.872063,-0.199987,0.725407,-0.571711,0.086067,-0.471395,-0.579218,-0.208649
1203171147,-0.895977,-0.872063,-0.199987,0.725407,-0.576058,0.086067,-0.471395,-0.580450,-0.208649
1203171152,-0.895977,-0.872063,-0.199987,0.725407,-0.574609,0.086067,-0.471395,-0.579341,-0.208649
1203171156,-0.895977,-0.872063,-0.199987,0.725407,-0.571711,0.086067,-0.471395,-0.576876,-0.208649
1203171161,-0.895977,-0.872063,-0.199987,0.725407,-0.573450,0.086067,-0.471395,-0.580327,-0.208649
1203171164,-0.895977,-0.872063,-0.199987,0.725407,-0.569103,0.086067,-0.471395,-0.579834,-0.208649
1203171169,-0.895977,-0.872063,-0.199987,0.725407,-0.573740,0.086067,-0.471395,-0.577369,-0.208649
1203171173,-0.895977,-0.872063,-0.199987,0.725407,-0.575478,0.086067,-0.471395,-0.576753,-0.208649
1203171178,-0.895977,-0.872063,-0.199987,0.725407,-0.572870,0.086067,-0.471395,-0.578109,-0.208649
1203171183,-0.895977,-0.872063,-0.199987,0.725407,-0.573740,0.086067,-0.471395,-0.579464,-0.208649
1203171187,-0.895977,-0.872063,-0.199987,0.725407,-0.573450,0.086067,-0.471395,-0.581683,-0.208649
1203171197,-0.895977,-0.872063,-0.199987,0.725407,-0.573740,0.086067,-0.471395,-0.578602,-0.208649
1203171201,-0.895977,-0.872063,-0.199987,0.725407,-0.576927,0.086067,-0.471395,-0.579711,-0.208649
1203171206,-0.895977,-0.872063,-0.199987,0.725407,-0.579825,0.086067,-0.471395,-0.580573,-0.208649
1203171210,-0.895977,-0.872063,-0.199987,0.725407,-0.572001,0.086067,-0.471395,-0.580081,-0.208649
1203171215,-0.895977,-0.872063,-0.199987,0.725407,-0.572001,0.086067,-0.471395,-0.580697,-0.208649
1203171223,-0.895977,-0.872063,-0.199987,0.725407,-0.574319,0.086067,-0.471395,-0.583778,-0.208649
1203171227,-0.895977,-0.872063,-0.199987,0.725407,-0.572870,0.086067,-0.471395,-0.582545,-0.208649
1203171232,-0.895977,-0.872063,-0.199987,0.725407,-0.575478,0.086067,-0.471395,-0.578109,-0.208649
1203171237,-0.895977,-0.872063,-0.199987,0.725407,-0.572580,0.086067,-0.471395,-0.577246,-0.208649
1203171241,-0.895977,-0.872063,-0.199987,0.725407,-0.573450,0.086067,-0.471395,-0.578848,-0.208649
1203171251,-0.895977,-0.872063,-0.199987,0.725407,-0.574609,0.086067,-0.471395,-0.577986,-0.208649
1203171255,-0.895977,-0.872063,-0.199987,0.725407,-0.571131,0.086067,-0.471395,-0.575767,-0.208649
1203171260,-0.895977,-0.872063,-0.199987,0.725407,-0.573450,0.086067,-0.471395,-0.579957,-0.208649
1203171264,-0.895977,-0.872063,-0.199987,0.725407,-0.573740,0.086067,-0.471395,-0.577493,-0.208649
1203171269,-0.895977,-0.872063,-0.199987,0.725407,-0.575188,0.086067,-0.471395,-0.578848,-0.208649
1203171272,-0.895977,-0.872063,-0.199987,0.725407,-0.572580,0.086067,-0.471395,-0.577000,-0.208649
1203171277,-0.895977,-0.872063,-0.199987,0.725407,-0.572580,0.086067,-0.471395,-0.576753,-0.208649
1203171281,-0.895977,-0.872063,-0.199987,0.725407,-0.571131,0.086067,-0.471395,-0.580450,-0.208649
1203171286,-0.895977,-0.872063,-0.199987,0.725407,-0.576058,0.086067,-0.471395,-0.576507,-0.208649
1203171291,-0.895977,-0.872063,-0.199987,0.725407,-0.572870,0.086067,-0.471395,-0.579834,-0.208649
1203171295,-0.895977,-0.872063,-0.199987,0.725407,-0.572870,0.086067,-0.471395,-0.575398,-0.208649
1203171300,-0.895977,-0.872063,-0.199987,0.725407,-0.573450,0.086067,-0.471395,-0.576630,-0.208649
1203171305,-0.895977,-0.872063,-0.199987,0.725407,-0.572870,0.086067,-0.471395,-0.577739,-0.208649
1203171309,-0.895977,-0.872063,-0.199987,0.725407,-0.572870,0.086067,-0.471395,-0.579095,-0.208649
1203171314,-0.895977,-0.872063,-0.199987,0.725407,-0.575188,0.086067,-0.471395,-0.579341,-0.208649
1203171318,-0.895977,-0.872063,-0.199987,0.725407,-0.575188,0.086067,-0.471395,-0.577616,-0.208649
1203171323,-0.895977,-0.872063,-0.199987,0.725407,-0.576058,0.086067,-0.471395,-0.578848,-0.208649
1203171326,-0.895977,-0.872063,-0.199987,0.725407,-0.575188,0.086067,-0.471395,-0.578109,-0.208649
1203171331,-0.895977,-0.872063,-0.199987,0.725407,-0.573740,0.086067,-0.471395,-0.580450,-0.208649
1203171335,-0.895977,-0.872063,-0.199987,0.725407,-0.576348,0.086067,-0.471395,-0.580450,-0.208649
1203171340,-0.895977,-0.872063,-0.199987,0.725407,-0.571711,0.086067,-0.471395,-0.583778,-0.208649
1203171345,-0.895977,-0.872063,-0.199987,0.725407,-0.570262,0.086067,-0.471395,-0.579957,-0.208649
1203171349,-0.895977,-0.872063,-0.199987,0.725407,-0.572001,0.086067,-0.471395,-0.579095,-0.208649
1203171354,-0.895977,-0.872063,-0.199987,0.725407,-0.574609,0.086067,-0.471395,-0.580697,-0.208649
1203171359,-0.895977,-0.872063,-0.199987,0.725407,-0.569972,0.086067,-0.471395,-0.580573,-0.208649
1203171363,-0.895977,-0.872063,-0.199987,0.725407,-0.571131,0.086067,-0.471395,-0.580573,-0.208649
1203171368,-0.895977,-0.872063,-0.199987,0.725407,-0.571711,0.086067,-0.471395,-0.581313,-0.208649
1203171372,-0.895977,-0.872063,-0.199987,0.725407,-0.574609,0.086067,-0.471395,-0.580573,-0.208649
1203171377,-0.895977,-0.872063,-0.199987,0.725407,-0.573740,0.086067,-0.471395,-0.578971,-0.208649
1203171380,-0.895977,-0.872063,-0.199987,0.725407,-0.574609,0.086067,-0.471395,-0.579957,-0.208649
1203171385,-0.895977,-0.872063,-0.199987,0.725407,-0.575478,0.086067,-0.471395,-0.578848,-0.208649
1203171389,-0.895977,-0.872063,-0.199987,0.725407,-0.575188,0.086067,-0.471395,-0.581066,-0.208649
1203171394,-0.895977,-0.916330,-0.199987,0.725407,-0.572580,0.086067,-0.471395,-0.579095,-0.208649
1203171399,-0.895977,-0.916330,-0.199987,0.725407,-0.573450,0.086067,-0.471395,-0.578355,-0.208649
1203171403,-0.895977,-0.916330,-0.199987,0.725407,-0.576927,0.086067,-0.471395,-0.577493,-0.208649
1203171408,-0.895977,-0.916330,-0.199987,0.725407,-0.577217,0.086067,-0.471395,-0.580943,-0.208649
1203171413,-0.895977,-0.916330,-0.199987,0.725407,-0.576058,0.086067,-0.471395,-0.579957,-0.208649
1203171417,-0.895977,-0.916330,-0.199987,0.725407,-0.571131,0.086067,-0.471395,-0.579218,-0.208649
1203171422,-0.895977,-0.916330,-0.199987,0.725407,-0.577217,0.086067,-0.471395,-0.581313,-0.208649
1203171431,-0.895977,-0.916330,-0.199987,0.725407,-0.576927,0.086067,-0.471395,-0.579588,-0.208649
1203171434,-0.895977,-0.916330,-0.199987,0.725407,-0.573450,0.086067,-0.471395,-0.580081,-0.208649
1203171439,-0.895977,-0.916330,-0.199987,0.725407,-0.571711,0.086067,-0.471395,-0.582052,-0.208649
1203171443,-0.895977,-0.916330,-0.199987,0.725407,-0.571131,0.086067,-0.471395,-0.579834,-0.208649
1203171448,-0.895977,-0.916330,-0.199987,0.725407,-0.573450,0.086067,-0.471395,-0.580697,-0.208649
1203171457,-0.895977,-0.916330,-0.199987,0.725407,-0.572870,0.086067,-0.471395,-0.578848,-0.208649
1203171462,-0.895977,-0.916330,-0.199987,0.725407,-0.571711,0.086067,-0.471395,-0.578971,-0.208649
1203171467,-0.895977,-0.916330,-0.199987,0.725407,-0.571131,0.086067,-0.471395,-0.580327,-0.208649
1203171471,-0.895977,-0.916330,-0.199987,0.725407,-0.571131,0.086067,-0.471395,-0.578725,-0.208649
1203171476,-0.895977,-0.916330,-0.199987,0.725407,-0.572580,0.086067,-0.471395,-0.578971,-0.208649
1203171485,-0.895977,-0.916330,-0.199987,0.725407,-0.570262,0.086067,-0.471395,-0.581806,-0.208649
1203171488,-0.895977,-0.916330,-0.199987,0.725407,-0.570841,0.086067,-0.471395,-0.580327,-0.208649
1203171493,-0.895977,-0.916330,-0.199987,0.725407,-0.570262,0.086067,-0.471395,-0.580450,-0.208649
1203171497,-0.895977,-0.916330,-0.199987,0.725407,-0.575188,0.086067,-0.471395,-0.579095,-0.208649
1203171502,-0.895977,-0.916330,-0.199987,0.725407,-0.569972,0.086067,-0.471395,-0.582176,-0.208649
