DATE_TIME,BPOS,DBTM,FLWI,HDTH,HKLD,ROP,RPM,SPPA,WOB
1232437928,43.869864,2667.466344,2983.13178072,2667.466344,160.0636755256,10.055352,129.0,17442.5638429761,2.3178570107
1232437932,43.86072,2667.47244,2983.13178072,2667.47244,160.1362503048,10.055352,129.0,17442.5638429761,2.2498181552
1232437936,43.851576,2667.481584,2983.13178072,2667.481584,160.2133610077,10.055352,129.0,17442.5638429761,2.1681715286
1232437940,43.842432,2667.490728,2983.13178072,2667.490728,160.1589299233,10.055352,129.0,17442.5638429761,2.222602613
1232437944,43.827192,2667.505968,2983.13178072,2667.505968,160.3494387187,10.055352,130.0,17306.6681767278,2.0320938176
1232437948,43.818048,2667.515112,2983.13178072,2667.515112,160.3131513291,10.055352,130.0,17306.6681767278,2.0683812072
1232437952,43.802808,2667.5334,2983.13178072,2667.5334,160.163465847,10.055352,128.0,17396.5758118307,2.2180666893
1232437956,43.793664,2667.539496,2983.13178072,2667.539496,160.0908910678,10.055352,128.0,17396.5758118307,2.2906414685
1232437960,43.78452,2667.54864,2983.13178072,2667.54864,160.3312950239,10.055352,128.0,17396.5758118307,2.0502375124
1232437964,43.775376,2667.557784,2983.13178072,2667.557784,160.2269687788,10.055352,128.0,17396.5758118307,2.1545637575
1232437968,43.760136,2667.573024,2983.13178072,2667.573024,160.1317143811,10.055352,129.0,17334.1782583275,2.2498181552
1232437972,43.750992,2667.582168,2983.13178072,2667.582168,160.0319240597,10.055352,129.0,17334.1782583275,2.3496084766
1232437976,43.735752,2667.600456,2983.13178072,2667.600456,160.2632561684,10.055352,129.0,17334.1782583275,2.1182763679
1232437980,43.726608,2667.606552,2983.13178072,2667.606552,160.1543939996,10.055352,130.0,17434.565924516,2.2271385367
1232437984,43.717464,2667.615696,2983.13178072,2667.615696,160.2677920921,10.052304,130.0,17434.565924516,2.1137404442
1232437988,43.70832,2667.62484,2983.13178072,2667.62484,160.4310853453,10.052304,130.0,17434.565924516,1.950447191
1232437992,43.69308,2667.64008,2983.13178072,2667.64008,160.3176872528,10.052304,130.0,17434.565924516,2.0683812072
1232437996,43.683936,2667.649224,2983.13178072,2667.649224,160.2587202447,10.052304,130.0,17420.6385147838,2.1228122916
1232438000,43.668696,2667.664464,2983.13178072,2667.664464,159.9956366701,10.052304,130.0,17420.6385147838,2.3858958662
1232438004,43.659552,2667.673608,2983.13178072,2667.673608,160.072747373,10.052304,130.0,17420.6385147838,2.3087851633
1232438008,43.650408,2667.682752,2983.13178072,2667.682752,160.208825084,10.052304,129.0,17428.6364332439,2.1727074523
1232438012,43.641264,2667.691896,2983.13178072,2667.691896,160.2451124736,10.052304,129.0,17428.6364332439,2.1364200627
1232438032,43.583352,2667.749808,2983.13178072,2667.749808,160.1543939996,10.052304,130.0,17346.5198738823,2.2271385367
1232438036,43.574208,2667.758952,2983.13178072,2667.758952,160.2859357869,10.052304,130.0,17363.4809768235,2.0955967494
1232438040,43.558968,2667.774192,2983.13178072,2667.774192,160.2042891603,10.049256,130.0,17363.4809768235,2.1817792997
1232438044,43.549824,2667.783336,2983.13178072,2667.783336,160.4174775742,10.049256,130.0,17363.4809768235,1.9640549621
1232438048,43.534584,2667.801624,2983.13178072,2667.801624,160.2859357869,10.049256,128.0,17366.8594078971,2.0955967494
1232438052,43.52544,2667.80772,2983.13178072,2667.80772,160.2269687788,10.049256,128.0,17366.8594078971,2.1545637575
1232438056,43.516296,2667.816864,2983.13178072,2667.816864,160.1770736181,10.049256,128.0,17366.8594078971,2.2044589182
1232438060,43.507152,2667.826008,2983.13178072,2667.826008,160.2224328551,10.049256,128.0,17366.8594078971,2.1590996812
1232438064,43.491912,2667.841248,2983.13178072,2667.841248,160.3721183372,10.049256,130.0,17391.8873768713,2.0094141991
1232438068,43.482768,2667.850392,2983.13178072,2667.850392,160.3857261083,10.049256,130.0,17391.8873768713,1.995806428
1232438072,43.467528,2667.86868,2983.13178072,2667.86868,160.2133610077,10.049256,130.0,17391.8873768713,2.1681715286
1232438076,43.458384,2667.874776,2983.13178072,2667.874776,160.1997532366,10.049256,130.0,17293.361295152,2.1817792997
1232438080,43.44924,2667.88392,2983.13178072,2667.88392,160.3086154054,10.049256,130.0,17293.361295152,2.0729171309
1232438084,43.440096,2667.893064,2983.13178072,2667.893064,160.390262032,10.049256,130.0,17293.361295152,1.9912705043
1232438088,43.424856,2667.908304,2983.13178072,2667.908304,160.3131513291,10.049256,130.0,17311.9081922706,2.0683812072
1232438092,43.415712,2667.917448,2983.13178072,2667.917448,160.3811901846,10.049256,130.0,17311.9081922706,2.0003423517
1232438096,43.400472,2667.932688,2983.13178072,2667.932688,160.1861454655,10.049256,130.0,17311.9081922706,2.1953870708
1232438100,43.391328,2667.941832,2983.13178072,2667.941832,160.1498580759,10.049256,130.0,17311.9081922706,2.2316744604
1232438104,43.382184,2667.950976,2983.13178072,2667.950976,159.9865648227,10.049256,129.0,17357.6204331243,2.3949677136
1232438108,43.376088,2667.96012,2983.13178072,2667.96012,160.1680017707,10.049256,129.0,17357.6204331243,2.2135307656
1232438112,43.3578,2667.97536,2983.13178072,2667.97536,160.0047085175,10.049256,129.0,17357.6204331243,2.3768240188
1232438116,43.348656,2667.984504,2983.13178072,2667.984504,160.3403668713,10.049256,129.0,17479.037109057,2.041165665
1232438120,43.333416,2668.002792,2983.13178072,2668.002792,160.4084057268,10.049256,129.0,17479.037109057,1.9731268095
1232438124,43.324272,2668.008888,2983.13178072,2668.008888,160.1725376944,10.049256,129.0,17479.037109057,2.2089948419
1232438128,43.315128,2668.018032,2983.13178072,2668.018032,160.1589299233,10.049256,129.0,17479.037109057,2.222602613
1232438132,43.309032,2668.027176,2983.13178072,2668.027176,160.0228522123,10.049256,130.0,17423.3964177011,2.358680324
1232438140,43.2816,2668.05156,2983.13178072,2668.05156,160.1090347626,10.049256,130.0,17423.3964177011,2.2724977737
1232438144,43.26636,2668.0668,2983.13178072,2668.0668,160.0818192204,10.049256,130.0,17381.7520836504,2.2997133159
1232438148,43.257216,2668.075944,2983.13178072,2668.075944,159.9774929753,10.049256,130.0,17381.7520836504,2.404039561
1232438152,43.248072,2668.085088,2983.13178072,2668.085088,159.9094541198,10.049256,130.0,17381.7520836504,2.4720784165
1232438156,43.241976,2668.094232,2983.13178072,2668.094232,159.936669662,10.049256,130.0,17381.7520836504,2.449398798
1232438160,43.223688,2668.109472,2983.13178072,2668.109472,159.800591951,10.049256,129.0,17340.0388020267,2.5809405853
1232438164,43.214544,2668.118616,2983.13178072,2668.118616,159.8731667302,10.049256,129.0,17340.0388020267,2.5083658061
1232438168,43.199304,2668.133856,2983.13178072,2668.133856,159.8686308065,10.049256,130.0,17351.7598894251,2.5174376535
1232438172,43.19016,2668.143,2983.13178072,2668.143,159.8232715695,10.049256,130.0,17351.7598894251,2.5582609668
1232438176,43.181016,2668.152144,2983.13178072,2668.152144,159.9593492805,10.049256,130.0,17351.7598894251,2.4221832558
1232438180,43.17492,2668.161288,2983.13178072,2668.161288,159.9321337383,10.049256,130.0,17351.7598894251,2.449398798
1232438184,43.156632,2668.176528,2983.13178072,2668.176528,159.9321337383,10.049256,129.0,17365.963089449,2.4539347217
1232438188,43.147488,2668.185672,2983.13178072,2668.185672,160.0500677545,10.049256,129.0,17365.963089449,2.3314647818
1232438192,43.132248,2668.200912,2983.13178072,2668.200912,160.027388136,10.049256,129.0,17365.963089449,2.3541444003
1232438196,43.123104,2668.210056,2983.13178072,2668.210056,160.0409959071,10.049256,130.0,17395.9552836743,2.3405366292
1232438200,43.11396,2668.2192,2983.13178072,2668.2192,159.9684211279,10.049256,130.0,17395.9552836743,2.4131114084
1232438204,43.107864,2668.228344,2983.13178072,2668.228344,159.7779123325,10.0584,130.0,17395.9552836743,2.6036202038
1232438208,43.089576,2668.243584,2983.13178072,2668.243584,160.0455318308,10.0584,130.0,17395.9552836743,2.3360007055
1232438212,43.080432,2668.252728,2983.13178072,2668.252728,160.0636755256,10.0584,130.0,17435.1864526724,2.3178570107
1232438216,43.065192,2668.271016,2983.13178072,2668.271016,160.2269687788,10.0584,130.0,17435.1864526724,2.1545637575
1232438220,43.056048,2668.277112,2983.13178072,2668.277112,160.1317143811,10.0584,130.0,17435.1864526724,2.2498181552
1232438224,43.046904,2668.286256,2983.13178072,2668.286256,160.1589299233,10.0584,130.0,17359.2062273017,2.222602613
1232438228,43.040808,2668.2954,2983.13178072,2668.2954,160.0455318308,10.0584,130.0,17359.2062273017,2.3360007055
1232438232,43.02252,2668.31064,2983.13178072,2668.31064,160.0409959071,10.0584,130.0,17359.2062273017,2.3405366292
1232438236,43.013376,2668.319784,2983.13178072,2668.319784,160.0999629152,10.0584,130.0,17359.2062273017,2.2815696211
1232438240,42.998136,2668.335024,2983.13178072,2668.335024,160.1271784574,10.0584,130.0,17351.4840991334,2.2543540789
1232438244,42.988992,2668.344168,2983.13178072,2668.344168,160.1090347626,10.0584,130.0,17351.4840991334,2.2724977737
1232438248,42.979848,2668.353312,2983.13178072,2668.353312,160.1271784574,10.0584,130.0,17351.4840991334,2.2543540789
1232438252,42.973752,2668.362456,2983.13178072,2668.362456,160.0364599834,10.0584,130.0,17368.7209923663,2.3450725529
1232438280,42.888408,2668.444752,2983.13178072,2668.444752,159.6826579348,10.055352,130.0,17363.2051865317,2.6988746015
1232438284,42.879264,2668.453896,2983.13178072,2668.453896,159.8096637984,10.055352,130.0,17363.2051865317,2.5718687379
1232438288,42.864024,2668.469136,2983.13178072,2668.469136,159.6327627741,10.055352,130.0,17363.2051865317,2.7487697622
1232438292,42.85488,2668.47828,2983.13178072,2668.47828,159.7643045614,10.055352,129.0,17384.165248703,2.6172279749
1232438296,42.845736,2668.487424,2983.13178072,2668.487424,159.6917297822,10.055352,129.0,17384.165248703,2.6898027541
1232438300,42.83964,2668.496568,2983.13178072,2668.496568,159.4694695209,10.055352,129.0,17384.165248703,2.9165989391
1232438304,42.821352,2668.511808,2983.13178072,2668.511808,159.4150384365,10.055352,130.0,17369.3415205227,2.9664940998
1232438308,42.812208,2668.520952,2983.13178072,2668.520952,159.2698888781,10.055352,130.0,17369.3415205227,3.1116436582
1232438312,42.796968,2668.536192,2983.13178072,2668.536192,159.483077292,10.04316,130.0,17369.3415205227,2.8984552443
1232438316,42.787824,2668.545336,2983.13178072,2668.545336,159.573795766,10.04316,130.0,17369.3415205227,2.8077367703
1232438320,42.77868,2668.55448,2983.13178072,2668.55448,159.5193646816,10.04316,130.0,17349.6225146642,2.8667037784
1232438324,42.772584,2668.563624,2983.13178072,2668.563624,159.5783316897,10.04316,130.0,17349.6225146642,2.8032008466
1232438328,42.754296,2668.578864,2983.13178072,2668.578864,159.4467899024,10.04316,130.0,17349.6225146642,2.9347426339
1232438332,42.745152,2668.588008,2983.13178072,2668.588008,159.4150384365,10.04316,129.0,17389.4742118187,2.9664940998
1232438336,42.729912,2668.603248,2983.13178072,2668.603248,159.3379277336,10.04316,129.0,17389.4742118187,3.0436048027
1232438340,42.720768,2668.612392,2983.13178072,2668.612392,159.3878228943,10.04316,129.0,17389.4742118187,2.993709642
1232438344,42.711624,2668.621536,2983.13178072,2668.621536,159.3832869706,10.04316,129.0,17389.4742118187,2.9982455657
1232438348,42.705528,2668.63068,2983.13178072,2668.63068,159.4059665891,10.04316,129.0,17479.6576372134,2.9755659472
1232438352,42.68724,2668.64592,2983.13178072,2668.64592,159.4059665891,10.04316,129.0,17479.6576372134,2.9755659472
1232438356,42.678096,2668.655064,2983.13178072,2668.655064,159.3742151232,10.04316,129.0,17479.6576372134,3.0073174131
1232438360,42.662856,2668.670304,3093.55224876,2668.670304,159.2744248018,10.04316,131.0,18051.9914401193,3.1071077345
1232438364,42.653712,2668.679448,3093.55224876,2668.679448,159.5828676134,10.0584,131.0,18051.9914401193,2.7986649229
1232438368,42.644568,2668.688592,3093.55224876,2668.688592,159.5057569105,10.0584,131.0,18051.9914401193,2.8757756258
1232438372,42.638472,2668.697736,3093.55224876,2668.697736,159.5057569105,10.0584,131.0,18051.9914401193,2.8757756258
1232438384,42.5958,2668.73736,3115.73476308,2668.73736,159.5012209868,10.0584,129.0,18433.4783611503,2.8803115495
1232438388,42.586656,2668.746504,3115.73476308,2668.746504,159.6418346215,10.0584,129.0,18433.4783611503,2.7396979148
1232438392,42.577512,2668.755648,3115.73476308,2668.755648,159.8051278747,10.0584,129.0,18433.4783611503,2.5764046616
1232438396,42.571416,2668.764792,3115.73476308,2668.764792,159.7189453244,10.0584,129.0,18433.4783611503,2.6625872119
1232438400,42.553128,2668.780032,3115.73476308,2668.780032,159.7280171718,10.0584,129.0,18928.9356202373,2.6535153645
1232438404,42.543984,2668.789176,3115.73476308,2668.789176,159.5102928342,10.0584,129.0,18928.9356202373,2.8712397021
1232438408,42.528744,2668.804416,3115.73476308,2668.804416,159.4422539787,10.0584,129.0,18928.9356202373,2.9392785576
1232438412,42.5196,2668.81356,3159.91052112,2668.81356,159.4241102839,10.0584,130.0,19006.4326922126,2.9619581761
1232438416,42.510456,2668.822704,3159.91052112,2668.822704,159.9049181961,10.0584,130.0,19006.4326922126,2.4766143402
1232438420,42.50436,2668.831848,3159.91052112,2668.831848,159.7325530955,10.0584,130.0,19006.4326922126,2.6489794408
1232438424,42.486072,2668.847088,3159.91052112,2668.847088,159.8187356458,10.061448,130.0,19006.4326922126,2.5627968905
1232438428,42.476928,2668.856232,3159.91052112,2668.856232,159.755232714,10.061448,130.0,19121.3682962897,2.630835746
1232438432,42.461688,2668.871472,3159.91052112,2668.871472,159.7506967903,10.061448,130.0,19121.3682962897,2.630835746
1232438436,42.452544,2668.880616,3159.91052112,2668.880616,159.6372986978,10.061448,130.0,19121.3682962897,2.7442338385
1232438440,42.4434,2668.88976,3159.91052112,2668.88976,159.8368793406,10.061448,130.0,19117.024599195,2.5446531957
1232438444,42.437304,2668.898904,3159.91052112,2668.898904,159.8141997221,10.061448,130.0,19117.024599195,2.5673328142
1232438448,42.419016,2668.914144,3159.91052112,2668.914144,159.9684211279,10.061448,130.0,19117.024599195,2.4131114084
1232438452,42.409872,2668.923288,3159.91052112,2668.923288,159.6962657059,10.061448,130.0,19117.024599195,2.6852668304
1232438456,42.394632,2668.938528,3159.91052112,2668.938528,159.8096637984,10.061448,129.0,19126.8841021242,2.5718687379
1232438460,42.385488,2668.947672,3159.91052112,2668.947672,159.7915201036,10.061448,129.0,19126.8841021242,2.5945483564
1232438464,42.376344,2668.956816,3159.91052112,2668.956816,159.800591951,10.061448,129.0,19126.8841021242,2.5809405853
1232438468,42.370248,2668.96596,3159.91052112,2668.96596,159.8232715695,10.061448,130.0,19157.4968245059,2.5582609668
1232438472,42.35196,2668.9812,3159.91052112,2668.9812,159.7325530955,10.061448,130.0,19157.4968245059,2.6489794408
1232438476,42.342816,2668.990344,3159.91052112,2668.990344,159.483077292,10.049256,130.0,19157.4968245059,2.8984552443
1232438480,42.327576,2669.005584,3159.91052112,2669.005584,159.5148287579,10.049256,130.0,19108.3372050056,2.8667037784
1232438484,42.318432,2669.014728,3159.91052112,2669.014728,159.7506967903,10.049256,130.0,19108.3372050056,2.630835746
1232438488,42.309288,2669.023872,3159.91052112,2669.023872,159.6781220111,10.049256,130.0,19108.3372050056,2.7034105252
1232438492,42.303192,2669.033016,3159.91052112,2669.033016,159.6010113082,10.049256,130.0,19108.3372050056,2.7805212281
1232438520,42.217848,2669.115312,3159.91052112,2669.115312,159.7189453244,10.049256,130.0,19162.7368400487,2.6671231356
1232438524,42.208704,2669.124456,3159.91052112,2669.124456,159.6236909267,10.049256,130.0,19162.7368400487,2.7578416096
1232438528,42.193464,2669.139696,3159.91052112,2669.139696,159.4241102839,10.040112,130.0,19162.7368400487,2.9574222524
1232438532,42.18432,2669.14884,3159.91052112,2669.14884,159.4195743602,10.040112,130.0,19162.7368400487,2.9619581761
1232438536,42.178224,2669.157984,3159.91052112,2669.157984,159.3878228943,10.040112,129.0,19108.957733162,2.993709642
1232438540,42.16908,2669.167128,3159.91052112,2669.167128,159.5329724527,10.040112,129.0,19108.957733162,2.8485600836
1232438544,42.150792,2669.182368,3159.91052112,2669.182368,159.5919394608,10.040112,129.0,19108.957733162,2.7895930755
1232438548,42.144696,2669.191512,3159.91052112,2669.191512,159.4740054446,10.040112,130.0,19117.6451273514,2.9075270917
1232438552,42.126408,2669.206752,3159.91052112,2669.206752,159.5102928342,10.040112,130.0,19117.6451273514,2.8712397021
1232438556,42.117264,2669.215896,3159.91052112,2669.215896,159.619155003,10.040112,130.0,19117.6451273514,2.7623775333
1232438560,42.111168,2669.22504,3159.91052112,2669.22504,159.2925684966,10.040112,130.0,19117.6451273514,3.0889640397
1232438564,42.102024,2669.231136,3159.91052112,2669.231136,159.4603976735,10.040112,129.0,19117.3003894867,2.9211348628
1232438568,42.083736,2669.249424,3159.91052112,2669.249424,159.5102928342,10.040112,129.0,19117.3003894867,2.8712397021
1232438572,42.07764,2669.258568,3159.91052112,2669.258568,159.5465802238,10.040112,129.0,19117.3003894867,2.8349523125
1232438576,42.059352,2669.273808,3159.91052112,2669.273808,159.3968947417,10.040112,129.0,19110.8193176311,2.9846377946
1232438580,42.050208,2669.282952,3159.91052112,2669.282952,159.4014306654,10.040112,129.0,19110.8193176311,2.9801018709
1232438584,42.044112,2669.292096,3159.91052112,2669.292096,159.4422539787,10.0584,129.0,19110.8193176311,2.9392785576
1232438588,42.034968,2669.298192,3159.91052112,2669.298192,159.3197840388,10.0584,129.0,19110.8193176311,3.0617484975
1232438592,42.01668,2669.31648,3159.91052112,2669.31648,159.2925684966,10.0584,129.0,19138.9499273873,3.0889640397
1232438596,42.010584,2669.325624,3159.91052112,2669.325624,159.4603976735,10.0584,129.0,19138.9499273873,2.9211348628
1232438600,41.992296,2669.340864,3159.91052112,2669.340864,159.1610267093,10.0584,130.0,19082.1371272916,3.220505827
1232438604,41.983152,2669.350008,3159.91052112,2669.350008,159.2608170307,10.0584,130.0,19082.1371272916,3.1207155056
1232438608,41.977056,2669.359152,3159.91052112,2669.359152,159.1247393197,10.0584,130.0,19082.1371272916,3.2567932166
1232438612,41.967912,2669.365248,3159.91052112,2669.365248,159.1292752434,10.0584,130.0,19082.1371272916,3.2567932166
1232438616,41.949624,2669.383536,3159.91052112,2669.383536,159.2472092596,10.0584,129.0,19126.6083118325,3.1343232767
1232438628,41.916096,2669.417064,3159.91052112,2669.417064,159.1791704041,10.0584,130.0,19077.7934301969,3.2023621322
1232438632,41.91,2669.426208,3159.91052112,2669.426208,159.1746344804,10.0584,130.0,19077.7934301969,3.2068980559
1232438636,41.900856,2669.435352,3159.91052112,2669.435352,159.0430926931,10.0584,130.0,19077.7934301969,3.3384398432
1232438640,41.882568,2669.450592,3159.91052112,2669.450592,159.1111315486,10.064496,130.0,19077.7934301969,3.2704009877
1232438644,41.876472,2669.459736,3159.91052112,2669.459736,159.0068053035,10.064496,130.0,19130.6072710625,3.3792631565
1232438648,41.858184,2669.474976,3159.91052112,2669.474976,159.0929878538,10.064496,130.0,19130.6072710625,3.2885446825
1232438652,41.84904,2669.48412,3159.91052112,2669.48412,158.9931975324,10.064496,130.0,19130.6072710625,3.3883350039
1232438656,41.842944,2669.493264,3159.91052112,2669.493264,159.1973140989,10.064496,130.0,19186.5237527101,3.1842184374
1232438660,41.8338,2669.49936,3159.91052112,2669.49936,159.0385567694,10.064496,130.0,19186.5237527101,3.3429757669
1232438664,41.815512,2669.517648,3159.91052112,2669.517648,159.1383470908,10.064496,130.0,19186.5237527101,3.2431854455
1232438668,41.809416,2669.526792,3159.91052112,2669.526792,159.2018500226,10.064496,130.0,19186.5237527101,3.1796825137
1232438672,41.791128,2669.542032,3159.91052112,2669.542032,158.9433023717,10.064496,129.0,19156.2557681931,3.4427660883
1232438676,41.785032,2669.551176,3159.91052112,2669.551176,158.9478382954,10.064496,129.0,19156.2557681931,3.4336942409
1232438680,41.775888,2669.56032,3159.91052112,2669.56032,159.0567004642,10.064496,129.0,19156.2557681931,3.3293679958
1232438684,41.766744,2669.566416,3159.91052112,2669.566416,158.8525838977,10.064496,129.0,19088.6181991471,3.5289486386
1232438688,41.751504,2669.584704,3159.91052112,2669.584704,159.1927781752,10.064496,129.0,19088.6181991471,3.1887543611
1232438692,41.74236,2669.5908,3159.91052112,2669.5908,159.301640344,10.02792,129.0,19088.6181991471,3.0798921923
1232438696,41.724072,2669.609088,3159.91052112,2669.609088,159.2608170307,10.02792,129.0,19151.0157526503,3.1207155056
1232438700,41.717976,2669.618232,3159.91052112,2669.618232,159.165562633,10.02792,129.0,19151.0157526503,3.220505827
1232438704,41.708832,2669.624328,3159.91052112,2669.624328,159.074844159,10.02792,129.0,19151.0157526503,3.3066883773
1232438708,41.699688,2669.633472,3159.91052112,2669.633472,159.120203396,10.02792,129.0,19151.0157526503,3.2613291403
1232438712,41.684448,2669.65176,3159.91052112,2669.65176,159.2517451833,10.02792,130.0,19061.7286457038,3.129787353
1232438716,41.675304,2669.657856,3159.91052112,2669.657856,159.165562633,10.02792,130.0,19061.7286457038,3.2159699033
1232438720,41.657016,2669.676144,3159.91052112,2669.676144,159.573795766,10.02792,130.0,19061.7286457038,2.8077367703
1232438724,41.65092,2669.685288,3159.91052112,2669.685288,159.800591951,10.02792,129.0,19086.1360865216,2.5809405853
1232438728,41.641776,2669.691384,3159.91052112,2669.691384,159.6781220111,10.02792,129.0,19086.1360865216,2.7034105252
1232438732,41.632632,2669.700528,3159.91052112,2669.700528,159.3606073521,10.02792,129.0,19086.1360865216,3.0209251842
1232438736,41.617392,2669.718816,3159.91052112,2669.718816,159.5511161475,10.02792,130.0,19079.655014666,2.8304163888
1232438740,41.608248,2669.72796,3159.91052112,2669.72796,159.3061762677,10.02792,130.0,19079.655014666,3.0753562686
1232438744,41.58996,2669.7432,3159.91052112,2669.7432,159.5420443001,10.02792,130.0,19079.655014666,2.8394882362
1232438748,41.583864,2669.752344,3159.91052112,2669.752344,159.4921491394,10.030968,130.0,19079.655014666,2.8939193206
1232438752,41.57472,2669.75844,3159.91052112,2669.75844,159.7008016296,10.030968,129.0,19102.2008710147,2.6807309067
1232438756,41.565576,2669.767584,3159.91052112,2669.767584,159.5692598423,10.030968,129.0,19102.2008710147,2.812272694
1232438760,41.550336,2669.785872,3159.91052112,2669.785872,159.6735860874,10.030968,129.0,19102.2008710147,2.7079464489
1232438764,41.541192,2669.791968,3159.91052112,2669.791968,159.5556520712,10.030968,130.0,19046.5601796588,2.8258804651
1232438768,41.522904,2669.810256,3159.91052112,2669.810256,159.7325530955,10.030968,130.0,19046.5601796588,2.6489794408
1232438772,41.516808,2669.8194,3159.91052112,2669.8194,159.5874035371,10.030968,130.0,19046.5601796588,2.7941289992
1232438776,41.507664,2669.828544,3159.91052112,2669.828544,159.7008016296,10.030968,130.0,19046.5601796588,2.6807309067
1232438780,41.49852,2669.83464,3159.91052112,2669.83464,159.7053375533,10.030968,129.0,19111.7845836522,2.676194983
1232438784,41.48328,2669.852928,3159.91052112,2669.852928,159.8867745013,10.030968,129.0,19111.7845836522,2.494758035
1232438788,41.474136,2669.859024,3159.91052112,2669.859024,159.8414152643,10.030968,129.0,19111.7845836522,2.540117272
1232438792,41.455848,2669.877312,3159.91052112,2669.877312,159.8232715695,10.030968,129.0,19068.8302457157,2.5582609668
1232438796,41.449752,2669.886456,3159.91052112,2669.886456,159.7597686377,10.030968,129.0,19068.8302457157,2.6217638986
1232438800,41.440608,2669.892552,3159.91052112,2669.892552,159.7597686377,10.030968,129.0,19068.8302457157,2.6217638986
1232438804,41.431464,2669.901696,3159.91052112,2669.901696,159.755232714,10.049256,129.0,19068.8302457157,2.6262998223
1232438808,41.416224,2669.919984,3159.91052112,2669.919984,159.800591951,10.049256,130.0,19090.4797836163,2.5809405853
1232438812,41.40708,2669.92608,3159.91052112,2669.92608,159.6871938585,10.049256,130.0,19090.4797836163,2.6943386778
1232438816,41.388792,2669.944368,3159.91052112,2669.944368,159.8595589591,10.049256,129.0,19038.286470907,2.5219735772
1232438820,41.382696,2669.953512,3159.91052112,2669.953512,159.9502774331,10.049256,129.0,19038.286470907,2.4312551032
1232438824,41.373552,2669.959608,3159.91052112,2669.959608,159.8686308065,10.049256,129.0,19038.286470907,2.5129017298
1232438828,41.364408,2669.968752,3159.91052112,2669.968752,159.8640948828,10.049256,129.0,19038.286470907,2.5174376535
1232438832,41.349168,2669.98704,3159.91052112,2669.98704,159.6917297822,10.049256,131.0,19100.3392865455,2.6898027541
1232438836,41.340024,2669.993136,3159.91052112,2669.993136,159.8414152643,10.049256,131.0,19100.3392865455,2.540117272
1232438840,41.321736,2670.011424,3159.91052112,2670.011424,159.9593492805,10.049256,131.0,19100.3392865455,2.4221832558
1232438844,41.31564,2670.020568,3159.91052112,2670.020568,159.8278074932,10.049256,129.0,19074.6907894149,2.5537250431
1232438848,41.306496,2670.026664,3159.91052112,2670.026664,159.7597686377,10.049256,129.0,19074.6907894149,2.6217638986
1232438852,41.297352,2670.035808,3159.91052112,2670.035808,159.800591951,10.049256,129.0,19074.6907894149,2.5809405853
1232438856,41.282112,2670.054096,3159.91052112,2670.054096,159.7280171718,10.049256,129.0,19074.6907894149,2.6535153645
1232438872,41.23944,2670.09372,3159.91052112,2670.09372,159.7779123325,10.049256,130.0,19093.2376865336,2.6036202038
1232438876,41.230296,2670.102864,3159.91052112,2670.102864,159.6917297822,10.049256,130.0,19093.2376865336,2.6898027541
1232438880,41.215056,2670.121152,3159.91052112,2670.121152,159.4513258261,10.049256,130.0,19093.2376865336,2.9302067102
1232438884,41.205912,2670.127248,3159.91052112,2670.127248,159.4921491394,10.049256,130.0,19093.2376865336,2.8893833969
1232438888,41.187624,2670.145536,3159.91052112,2670.145536,159.4921491394,10.049256,130.0,19093.2376865336,2.8893833969
1232438892,41.181528,2670.15468,3159.91052112,2670.15468,159.5057569105,10.049256,130.0,19093.2376865336,2.8757756258
1232438896,41.172384,2670.160776,3159.91052112,2670.160776,159.5420443001,10.049256,130.0,19093.2376865336,2.8394882362
1232438900,41.16324,2670.16992,3159.91052112,2670.16992,159.5647239186,10.049256,129.0,19070.9676204766,2.8168086177
1232438904,41.148,2670.188208,3159.91052112,2670.188208,159.3742151232,10.049256,129.0,19070.9676204766,3.0073174131
1232438908,41.138856,2670.194304,3159.91052112,2670.194304,159.3878228943,10.049256,129.0,19070.9676204766,2.993709642
1232438912,41.120568,2670.212592,3159.91052112,2670.212592,159.1564907856,10.049256,130.0,19051.8691427745,3.2250417507
1232438916,41.114472,2670.221736,3159.91052112,2670.221736,159.2426733359,10.049256,130.0,19051.8691427745,3.1388592004
1232438920,41.105328,2670.227832,3159.91052112,2670.227832,159.392358818,10.049256,130.0,19051.8691427745,2.9891737183
1232438924,41.096184,2670.236976,3159.91052112,2670.236976,159.4467899024,10.049256,130.0,19051.8691427745,2.9347426339
1232438928,41.080944,2670.255264,3159.91052112,2670.255264,159.4241102839,10.049256,130.0,19041.6649019807,2.9574222524
1232438932,41.0718,2670.26136,3159.91052112,2670.26136,159.4467899024,10.049256,130.0,19041.6649019807,2.9347426339
1232438936,41.053512,2670.279648,3159.91052112,2670.279648,159.4059665891,10.049256,130.0,19041.6649019807,2.9755659472
1232438940,41.047416,2670.288792,3159.91052112,2670.288792,159.2834966492,10.049256,130.0,19100.6150768372,3.0980358871
1232438944,41.038272,2670.294888,3159.91052112,2670.294888,159.3152481151,10.049256,130.0,19100.6150768372,3.0662844212
1232438948,41.029128,2670.304032,3159.91052112,2670.304032,159.2653529544,10.049256,130.0,19100.6150768372,3.1161795819
1232438952,41.013888,2670.32232,3159.91052112,2670.32232,159.4422539787,10.049256,129.0,19109.3024710266,2.9392785576
1232438956,41.004744,2670.328416,3159.91052112,2670.328416,159.3515355047,10.049256,129.0,19109.3024710266,3.0299970316
1232438960,40.986456,2670.346704,3159.91052112,2670.346704,159.4241102839,10.049256,129.0,19109.3024710266,2.9574222524
1232438964,40.98036,2670.3528,3159.91052112,2670.3528,159.4195743602,10.049256,129.0,19109.3024710266,2.9619581761
1232438968,40.971216,2670.361944,3159.91052112,2670.361944,159.3606073521,10.049256,129.0,19046.2843893671,3.0209251842
1232438972,40.962072,2670.371088,3159.91052112,2670.371088,159.3968947417,10.049256,129.0,19046.2843893671,2.9846377946
1232438976,40.946832,2670.389376,3159.91052112,2670.389376,159.5102928342,10.049256,129.0,19046.2843893671,2.8757756258
1232438980,40.937688,2670.395472,3159.91052112,2670.395472,159.3606073521,10.049256,130.0,19042.285430137,3.0209251842
1232438984,40.9194,2670.41376,3159.91052112,2670.41376,159.2608170307,10.049256,130.0,19042.285430137,3.1207155056
1232438988,40.913304,2670.422904,3159.91052112,2670.422904,159.3742151232,10.049256,130.0,19042.285430137,3.0073174131
1232438992,40.90416,2670.429,3159.91052112,2670.429,159.346999581,10.049256,130.0,19042.285430137,3.0345329553
1232438996,40.895016,2670.438144,3159.91052112,2670.438144,159.4331821313,10.049256,130.0,19113.9219584131,2.948350405
1232439000,40.879776,2670.456432,3159.91052112,2670.456432,159.4603976735,10.049256,130.0,19113.9219584131,2.9211348628
1232439004,40.870632,2670.462528,3159.91052112,2670.462528,159.4740054446,10.049256,130.0,19113.9219584131,2.9075270917
1232439008,40.855392,2670.480816,3159.91052112,2670.480816,159.3832869706,10.049256,129.0,19007.6737485253,2.9982455657
1232439012,40.846248,2670.48996,3159.91052112,2670.48996,159.2698888781,10.049256,129.0,19007.6737485253,3.1116436582
1232439016,40.837104,2670.496056,3159.91052112,2670.496056,159.4331821313,10.049256,129.0,19007.6737485253,2.948350405
1232439020,40.82796,2670.5052,3159.91052112,2670.5052,159.3333918099,10.049256,129.0,19007.6737485253,3.0481407264
1232439024,40.81272,2670.523488,3159.91052112,2670.523488,159.5057569105,10.0584,130.0,19003.3300514306,2.8757756258
1232439028,40.803576,2670.529584,3159.91052112,2670.529584,159.4150384365,10.0584,130.0,19003.3300514306,2.9664940998
1232439032,40.785288,2670.547872,3159.91052112,2670.547872,159.4422539787,10.0584,129.0,19018.1537796109,2.9392785576
1232439036,40.779192,2670.557016,3159.91052112,2670.557016,159.2925684966,10.0584,129.0,19018.1537796109,3.0889640397
1232439040,40.770048,2670.563112,3159.91052112,2670.563112,159.2608170307,10.0584,129.0,19018.1537796109,3.1207155056
1232439044,40.760904,2670.572256,3159.91052112,2670.572256,159.1564907856,10.0584,129.0,19018.1537796109,3.2250417507
1232439048,40.745664,2670.590544,3159.91052112,2670.590544,159.120203396,10.0584,130.0,19015.120086402,3.2613291403
1232439052,40.73652,2670.59664,3159.91052112,2670.59664,158.9659819902,10.0584,130.0,19015.120086402,3.4155505461
1232439056,40.72128,2670.614928,3159.91052112,2670.614928,159.1746344804,10.0584,130.0,19015.120086402,3.2114339796
1232439060,40.712136,2670.621024,3159.91052112,2670.621024,159.1973140989,10.0584,128.0,19053.1101990873,3.1842184374
1232439064,40.702992,2670.630168,3159.91052112,2670.630168,159.0567004642,10.0584,128.0,19053.1101990873,3.3248320721
1232439068,40.693848,2670.639312,3159.91052112,2670.639312,159.21092187,10.0584,128.0,19053.1101990873,3.1706106663
1232439072,40.678608,2670.6576,3159.91052112,2670.6576,159.2698888781,10.0584,128.0,19053.1101990873,3.1116436582
1232439076,40.669464,2670.663696,3159.91052112,2670.663696,159.2698888781,10.055352,130.0,18982.0252513947,3.1116436582
1232439080,40.654224,2670.681984,3159.91052112,2670.681984,159.1020597012,10.055352,130.0,18982.0252513947,3.2794728351
1232439084,40.64508,2670.691128,3159.91052112,2670.691128,158.9569101428,10.055352,130.0,18982.0252513947,3.4246223935
1232439088,40.635936,2670.697224,3159.91052112,2670.697224,159.2018500226,10.055352,129.0,18997.8142455961,3.1796825137
1232439092,40.626792,2670.706368,3159.91052112,2670.706368,159.2154577937,10.055352,129.0,18997.8142455961,3.1660747426
1232439096,40.611552,2670.721608,3159.91052112,2670.721608,159.1700985567,10.055352,129.0,18997.8142455961,3.2114339796
1232439116,40.559736,2670.773424,3159.91052112,2670.773424,159.1338111671,10.055352,128.0,18992.850020345,3.2477213692
1232439120,40.544496,2670.788664,3159.91052112,2670.788664,159.2834966492,10.055352,128.0,18992.850020345,3.0980358871
1232439124,40.535352,2670.797808,3159.91052112,2670.797808,159.3696791995,10.055352,128.0,18992.850020345,3.0118533368
1232439128,40.520112,2670.816096,3159.91052112,2670.816096,159.6146190793,10.049256,129.0,18983.6110455722,2.766913457
1232439132,40.510968,2670.822192,3159.91052112,2670.822192,159.3424636573,10.049256,129.0,18983.6110455722,3.039068879
1232439136,40.501824,2670.831336,3159.91052112,2670.831336,159.3152481151,10.049256,129.0,18983.6110455722,3.0662844212
1232439140,40.49268,2670.84048,3159.91052112,2670.84048,159.21092187,10.049256,129.0,18983.6110455722,3.1706106663
1232439144,40.47744,2670.858768,3159.91052112,2670.858768,159.483077292,10.049256,129.0,18956.7214921288,2.8984552443
1232439148,40.468296,2670.864864,3159.91052112,2670.864864,159.4603976735,10.049256,129.0,18956.7214921288,2.9211348628
1232439152,40.453056,2670.883152,3159.91052112,2670.883152,159.3696791995,10.049256,129.0,18956.7214921288,3.0118533368
1232439156,40.443912,2670.889248,3159.91052112,2670.889248,159.4694695209,10.049256,129.0,18967.5462610791,2.9120630154
1232439160,40.434768,2670.898392,3159.91052112,2670.898392,159.3197840388,10.049256,129.0,18967.5462610791,3.0617484975
1232439164,40.425624,2670.907536,3159.91052112,2670.907536,159.3787510469,10.049256,129.0,18967.5462610791,3.0027814894
1232439168,40.410384,2670.922776,3159.91052112,2670.922776,159.1882422515,10.049256,130.0,18946.7930416267,3.1932902848
1232439172,40.40124,2670.93192,3159.91052112,2670.93192,159.4331821313,10.049256,130.0,18946.7930416267,2.9528863287
1232439176,40.386,2670.950208,3159.91052112,2670.950208,159.2472092596,10.049256,130.0,18946.7930416267,3.1343232767
1232439180,40.376856,2670.956304,3159.91052112,2670.956304,159.3152481151,10.049256,130.0,18946.7930416267,3.0662844212
1232439184,40.367712,2670.965448,3159.91052112,2670.965448,159.2063859463,10.049256,130.0,18938.4503853019,3.17514659
1232439188,40.358568,2670.974592,3159.91052112,2670.974592,159.2381374122,10.049256,130.0,18938.4503853019,3.1433951241
1232439192,40.343328,2670.989832,3159.91052112,2670.989832,159.1837063278,10.049256,130.0,18938.4503853019,3.1978262085
1232439196,40.334184,2670.998976,3159.91052112,2670.998976,159.3424636573,10.049256,129.0,18943.7593484177,3.039068879
1232439200,40.318944,2671.017264,3159.91052112,2671.017264,159.2199937174,10.049256,129.0,18943.7593484177,3.1615388189
1232439204,40.3098,2671.02336,3159.91052112,2671.02336,159.2426733359,10.049256,129.0,18943.7593484177,3.1388592004
1232439208,40.300656,2671.032504,3159.91052112,2671.032504,159.0612363879,10.049256,129.0,18943.7593484177,3.3248320721
1232439212,40.291512,2671.041648,3159.91052112,2671.041648,159.2199937174,10.049256,130.0,18891.2212978437,3.1615388189
1232439216,40.276272,2671.056888,3159.91052112,2671.056888,159.1065956249,10.049256,130.0,18891.2212978437,3.2749369114
1232439224,40.251888,2671.08432,3159.91052112,2671.08432,159.2199937174,10.049256,129.0,18907.9066104932,3.1615388189
1232439228,40.242744,2671.090416,3159.91052112,2671.090416,159.3651432758,10.049256,129.0,18907.9066104932,3.0163892605
1232439232,40.2336,2671.09956,3159.91052112,2671.09956,159.2472092596,10.049256,129.0,18907.9066104932,3.1343232767
1232439236,40.224456,2671.108704,3159.91052112,2671.108704,159.120203396,10.049256,129.0,18907.9066104932,3.2613291403
1232439240,40.209216,2671.123944,3159.91052112,2671.123944,159.0113412272,10.049256,130.0,18900.1844823248,3.3701913091
1232439244,40.200072,2671.133088,3159.91052112,2671.133088,158.8162965081,10.049256,130.0,18900.1844823248,3.5652360282
1232439248,40.184832,2671.151376,3159.91052112,2671.151376,159.1383470908,10.049256,129.0,18885.6365444363,3.2431854455
1232439252,40.175688,2671.157472,3159.91052112,2671.157472,159.029484922,10.049256,129.0,18885.6365444363,3.356583538
1232439256,40.166544,2671.166616,3159.91052112,2671.166616,159.2063859463,10.049256,129.0,18885.6365444363,3.17514659
1232439260,40.1574,2671.17576,3159.91052112,2671.17576,159.4014306654,10.049256,129.0,18885.6365444363,2.9801018709
1232439264,40.14216,2671.191,3159.91052112,2671.191,159.4014306654,10.049256,129.0,18907.0102920451,2.9801018709
1232439268,40.133016,2671.200144,3159.91052112,2671.200144,159.3968947417,10.049256,129.0,18907.0102920451,2.9846377946
1232439272,40.117776,2671.215384,3159.91052112,2671.215384,159.3560714284,10.049256,129.0,18907.0102920451,3.0254611079
1232439276,40.108632,2671.224528,3159.91052112,2671.224528,159.346999581,10.049256,130.0,18871.4333444123,3.0345329553
1232439280,40.099488,2671.233672,3159.91052112,2671.233672,159.4603976735,10.049256,130.0,18871.4333444123,2.9211348628
1232439284,40.090344,2671.242816,3159.91052112,2671.242816,159.4740054446,10.049256,130.0,18871.4333444123,2.9075270917
1232439288,40.075104,2671.258056,3159.91052112,2671.258056,159.437718055,10.049256,130.0,18871.4333444123,2.9438144813
1232439292,40.06596,2671.2672,3159.91052112,2671.2672,159.5057569105,10.049256,130.0,18840.2690414472,2.8757756258
1232439296,40.05072,2671.285488,3159.91052112,2671.285488,159.573795766,10.049256,130.0,18840.2690414472,2.8077367703
1232439300,40.041576,2671.291584,3159.91052112,2671.291584,159.5601879949,10.049256,130.0,18840.2690414472,2.8213445414
1232439304,40.032432,2671.300728,3159.91052112,2671.300728,159.6327627741,10.049256,129.0,18901.080800773,2.7487697622
1232439308,40.026336,2671.309872,3159.91052112,2671.309872,159.8278074932,10.049256,129.0,18901.080800773,2.5537250431
1232439312,40.008048,2671.325112,3159.91052112,2671.325112,159.6236909267,10.049256,129.0,18901.080800773,2.7578416096
1232439316,39.998904,2671.334256,3159.91052112,2671.334256,159.7008016296,10.049256,129.0,18901.080800773,2.6807309067
1232439320,39.983664,2671.352544,3159.91052112,2671.352544,159.8051278747,10.049256,130.0,18867.1585948906,2.5764046616
1232439324,39.97452,2671.35864,3159.91052112,2671.35864,159.8368793406,10.049256,130.0,18867.1585948906,2.5446531957
1232439328,39.965376,2671.367784,3159.91052112,2671.367784,159.9774929753,10.049256,130.0,18867.1585948906,2.404039561
1232439332,39.95928,2671.376928,3159.91052112,2671.376928,159.9049181961,10.049256,130.0,18921.4892823607,2.4766143402
1232439336,39.940992,2671.392168,3159.91052112,2671.392168,159.6871938585,10.049256,130.0,18921.4892823607,2.6943386778
1232439360,39.873936,2671.459224,3159.91052112,2671.459224,160.0047085175,10.049256,130.0,18861.8496317748,2.3768240188
1232439364,39.864792,2671.468368,3159.91052112,2671.468368,159.8414152643,10.049256,130.0,18861.8496317748,2.540117272
1232439368,39.849552,2671.483608,3159.91052112,2671.483608,159.8822385776,10.049256,130.0,18861.8496317748,2.4992939587
1232439372,39.840408,2671.492752,3159.91052112,2671.492752,159.7189453244,10.049256,130.0,18877.9144162679,2.6625872119
1232439376,39.831264,2671.501896,3159.91052112,2671.501896,159.7370890192,10.049256,130.0,18877.9144162679,2.6444435171
1232439380,39.825168,2671.51104,3159.91052112,2671.51104,159.9049181961,10.049256,130.0,18877.9144162679,2.4766143402
1232439384,39.80688,2671.52628,3159.91052112,2671.52628,159.8777026539,10.049256,130.0,18894.5997289174,2.5038298824
1232439388,39.797736,2671.535424,3159.91052112,2671.535424,159.6509064689,10.049256,130.0,18894.5997289174,2.7306260674
1232439392,39.782496,2671.550664,3159.91052112,2671.550664,159.7824482562,10.049256,130.0,18894.5997289174,2.5990842801
1232439396,39.773352,2671.559808,3159.91052112,2671.559808,159.9457415094,10.049256,130.0,18894.5997289174,2.4357910269
1232439400,39.764208,2671.568952,3159.91052112,2671.568952,159.8096637984,10.049256,131.0,18869.9164978078,2.5718687379
1232439404,39.758112,2671.578096,3159.91052112,2671.578096,159.66451424,10.046208,131.0,18869.9164978078,2.7170182963
1232439408,39.739824,2671.593336,3159.91052112,2671.593336,159.6690501637,10.046208,131.0,18869.9164978078,2.7124823726
1232439412,39.73068,2671.60248,3159.91052112,2671.60248,159.6826579348,10.046208,130.0,18885.3607541445,2.6988746015
1232439416,39.71544,2671.61772,3159.91052112,2671.61772,159.7824482562,10.046208,130.0,18885.3607541445,2.6036202038
1232439420,39.706296,2671.626864,3159.91052112,2671.626864,159.845951188,10.046208,130.0,18885.3607541445,2.5355813483
1232439424,39.697152,2671.636008,3159.91052112,2671.636008,159.9548133568,10.046208,130.0,18885.3607541445,2.4267191795
1232439428,39.691056,2671.645152,3159.91052112,2671.645152,159.8686308065,10.046208,130.0,18870.5370259642,2.5129017298
1232439432,39.672768,2671.660392,3159.91052112,2671.660392,159.800591951,10.046208,130.0,18870.5370259642,2.5809405853
1232439436,39.663624,2671.669536,3159.91052112,2671.669536,159.8187356458,10.046208,130.0,18870.5370259642,2.5627968905
1232439440,39.648384,2671.684776,3159.91052112,2671.684776,159.6010113082,10.046208,129.0,18856.9543540967,2.7850571518
1232439444,39.63924,2671.69392,3159.91052112,2671.69392,159.7053375533,10.046208,129.0,18856.9543540967,2.676194983
1232439448,39.630096,2671.703064,3159.91052112,2671.703064,159.7597686377,10.046208,129.0,18856.9543540967,2.6217638986
1232439452,39.624,2671.712208,3159.91052112,2671.712208,159.7915201036,10.046208,129.0,18856.9543540967,2.5900124327
1232439456,39.605712,2671.727448,3159.91052112,2671.727448,159.7779123325,10.04316,129.0,18852.9553948666,2.6036202038
1232439464,39.581328,2671.751832,3159.91052112,2671.751832,159.7869841799,10.04316,130.0,18844.8885288336,2.5945483564
1232439468,39.572184,2671.760976,3159.91052112,2671.760976,159.709873477,10.04316,130.0,18844.8885288336,2.6716590593
1232439472,39.56304,2671.77012,3159.91052112,2671.77012,159.7643045614,10.04316,130.0,18844.8885288336,2.6172279749
1232439476,39.556944,2671.779264,3159.91052112,2671.779264,159.709873477,10.04316,130.0,18844.8885288336,2.6716590593
1232439480,39.538656,2671.794504,3159.91052112,2671.794504,159.800591951,10.04316,130.0,18867.1585948906,2.5809405853
1232439484,39.529512,2671.803648,3159.91052112,2671.803648,159.5692598423,10.04316,130.0,18867.1585948906,2.812272694
1232439488,39.514272,2671.818888,3159.91052112,2671.818888,159.4286462076,10.04316,130.0,18867.1585948906,2.9528863287
1232439492,39.505128,2671.828032,3159.91052112,2671.828032,159.5647239186,10.04316,130.0,18772.2867345366,2.8168086177
1232439496,39.495984,2671.837176,3159.91052112,2671.837176,159.6055472319,10.04316,130.0,18772.2867345366,2.7759853044
1232439500,39.489888,2671.84632,3159.91052112,2671.84632,159.5148287579,10.04316,130.0,18772.2867345366,2.8667037784
1232439504,39.4716,2671.86156,3159.91052112,2671.86156,159.6282268504,10.04316,130.0,18772.2867345366,2.7533056859
1232439508,39.462456,2671.870704,3159.91052112,2671.870704,159.6146190793,10.04316,129.0,18837.1664006653,2.766913457
1232439512,39.447216,2671.885944,3159.91052112,2671.885944,159.3742151232,10.040112,129.0,18837.1664006653,3.0073174131
1232439516,39.438072,2671.895088,3159.91052112,2671.895088,159.5239006053,10.040112,129.0,18837.1664006653,2.8621678547
1232439520,39.428928,2671.904232,3159.91052112,2671.904232,159.4966850631,10.040112,130.0,18853.8517133147,2.8848474732
1232439524,39.422832,2671.913376,3159.91052112,2671.913376,159.6781220111,10.040112,130.0,18853.8517133147,2.7079464489
1232439528,39.404544,2671.928616,3159.91052112,2671.928616,159.6282268504,10.040112,130.0,18853.8517133147,2.7578416096
1232439532,39.3954,2671.93776,3159.91052112,2671.93776,159.7643045614,10.040112,130.0,18853.8517133147,2.6172279749
1232439536,39.38016,2671.953,3159.91052112,2671.953,159.5692598423,10.040112,130.0,18769.1840937546,2.812272694
1232439540,39.371016,2671.962144,3159.91052112,2671.962144,159.4603976735,10.040112,130.0,18769.1840937546,2.9211348628
1232439544,39.361872,2671.971288,3159.91052112,2671.971288,159.2336014885,10.040112,130.0,18769.1840937546,3.1479310478
1232439548,39.355776,2671.977384,3159.91052112,2671.977384,159.4195743602,10.040112,129.0,18898.6676357203,2.9619581761
1232439552,39.337488,2671.995672,3159.91052112,2671.995672,159.392358818,10.040112,129.0,18898.6676357203,2.9891737183
1232439556,39.328344,2672.004816,3159.91052112,2672.004816,159.4921491394,10.040112,129.0,18898.6676357203,2.8893833969
1232439560,39.313104,2672.020056,3159.91052112,2672.020056,159.528436529,10.040112,129.0,18854.1275036065,2.857631931
1232439564,39.30396,2672.0292,3159.91052112,2672.0292,159.2698888781,10.040112,129.0,18854.1275036065,3.1116436582
1232439568,39.294816,2672.038344,3159.91052112,2672.038344,159.301640344,10.04316,129.0,18854.1275036065,3.0798921923
1232439572,39.28872,2672.047488,3159.91052112,2672.047488,159.1837063278,10.04316,130.0,18866.1933288695,3.1978262085
1232439576,39.270432,2672.062728,3159.91052112,2672.062728,159.2018500226,10.04316,130.0,18866.1933288695,3.1796825137
1232439600,39.203376,2672.129784,3159.91052112,2672.129784,159.2472092596,10.04316,130.0,18910.3887231187,3.1388592004
1232439604,39.19728,2672.138928,3159.91052112,2672.138928,159.2290655648,10.04316,130.0,18910.3887231187,3.1524669715
1232439608,39.178992,2672.154168,3159.91052112,2672.154168,159.1474189382,10.04316,130.0,18948.9993639605,3.2341135981
1232439612,39.169848,2672.163312,3159.91052112,2672.163312,159.1927781752,10.04316,130.0,18948.9993639605,3.1887543611
1232439616,39.163752,2672.172456,3159.91052112,2672.172456,159.2472092596,10.04316,130.0,18948.9993639605,3.1343232767
1232439620,39.154608,2672.178552,3159.91052112,2672.178552,159.6100831556,10.04316,130.0,18948.9993639605,2.7714493807
1232439624,39.13632,2672.19684,3159.91052112,2672.19684,159.7733764088,10.049256,129.0,18933.8308979155,2.6081561275
1232439628,39.130224,2672.205984,3159.91052112,2672.205984,159.8414152643,10.049256,129.0,18933.8308979155,2.540117272
1232439632,39.111936,2672.221224,3159.91052112,2672.221224,159.755232714,10.049256,129.0,18933.8308979155,2.6262998223
1232439636,39.102792,2672.230368,3159.91052112,2672.230368,159.7688404851,10.049256,130.0,19017.5332514546,2.6126920512
1232439640,39.096696,2672.239512,3159.91052112,2672.239512,159.7280171718,10.049256,130.0,19017.5332514546,2.6535153645
1232439644,39.087552,2672.245608,3159.91052112,2672.245608,159.5375083764,10.049256,130.0,19017.5332514546,2.8440241599
1232439648,39.069264,2672.263896,3159.91052112,2672.263896,159.7144094007,10.049256,130.0,19017.5332514546,2.6671231356
1232439652,39.063168,2672.27304,3159.91052112,2672.27304,159.8368793406,10.049256,130.0,18953.6188513469,2.5446531957
1232439656,39.04488,2672.28828,3159.91052112,2672.28828,159.8368793406,10.049256,130.0,18953.6188513469,2.5446531957
1232439660,39.035736,2672.297424,3159.91052112,2672.297424,159.8867745013,10.049256,130.0,18953.6188513469,2.494758035
1232439664,39.02964,2672.306568,3159.91052112,2672.306568,159.9412055857,10.049256,130.0,18910.6645134105,2.4403269506
1232439668,39.020496,2672.312664,3159.91052112,2672.312664,159.8731667302,10.049256,130.0,18910.6645134105,2.5083658061
1232439672,39.002208,2672.330952,3159.91052112,2672.330952,159.9548133568,10.049256,130.0,18910.6645134105,2.4267191795
1232439676,38.996112,2672.340096,3159.91052112,2672.340096,159.8368793406,10.049256,130.0,18910.6645134105,2.5491891194
1232439680,38.977824,2672.355336,3159.91052112,2672.355336,159.7688404851,10.049256,129.0,18913.7671541924,2.6126920512
1232439684,38.96868,2672.36448,3159.91052112,2672.36448,159.8640948828,10.049256,129.0,18913.7671541924,2.5174376535
1232439688,38.962584,2672.373624,3159.91052112,2672.373624,159.8550230354,10.049256,129.0,18913.7671541924,2.5265095009
1232439692,38.95344,2672.37972,3159.91052112,2672.37972,159.8686308065,10.049256,130.0,18893.979200761,2.5129017298
1232439696,38.935152,2672.398008,3159.91052112,2672.398008,159.8867745013,10.049256,130.0,18893.979200761,2.494758035
1232439704,38.910768,2672.422392,3159.91052112,2672.422392,159.8777026539,10.049256,130.0,18881.0170570498,2.5038298824
1232439708,38.901624,2672.431536,3159.91052112,2672.431536,159.9275978146,10.049256,130.0,18881.0170570498,2.4539347217
1232439712,38.895528,2672.44068,3159.91052112,2672.44068,159.8640948828,10.049256,130.0,18881.0170570498,2.5174376535
1232439716,38.886384,2672.446776,3159.91052112,2672.446776,159.7915201036,10.049256,130.0,18881.0170570498,2.5900124327
1232439720,38.868096,2672.465064,3159.91052112,2672.465064,159.8232715695,10.049256,130.0,18880.1207386017,2.5582609668
1232439724,38.862,2672.474208,3159.91052112,2672.474208,159.9185259672,10.049256,130.0,18880.1207386017,2.4630065691
1232439728,38.843712,2672.489448,3159.91052112,2672.489448,159.9457415094,10.049256,130.0,18880.1207386017,2.4357910269
1232439732,38.834568,2672.498592,3159.91052112,2672.498592,159.9457415094,10.049256,130.0,18835.6495540608,2.4357910269
1232439736,38.828472,2672.507736,3159.91052112,2672.507736,159.7733764088,10.049256,130.0,18835.6495540608,2.6081561275
1232439740,38.819328,2672.513832,3159.91052112,2672.513832,159.936669662,10.049256,130.0,18835.6495540608,2.4448628743
1232439744,38.80104,2672.53212,3159.91052112,2672.53212,159.6010113082,10.049256,129.0,18904.5281794195,2.7805212281
1232439748,38.794944,2672.541264,3159.91052112,2672.541264,159.7325530955,10.049256,129.0,18904.5281794195,2.6489794408
1232439752,38.776656,2672.556504,3159.91052112,2672.556504,159.7824482562,10.049256,129.0,18904.5281794195,2.5990842801
1232439756,38.767512,2672.565648,3159.91052112,2672.565648,159.8096637984,10.049256,129.0,18904.5281794195,2.5718687379
1232439760,38.761416,2672.574792,3159.91052112,2672.574792,159.7234812481,10.049256,129.0,18815.8616006294,2.6625872119
1232439764,38.752272,2672.580888,3159.91052112,2672.580888,159.8051278747,10.049256,129.0,18815.8616006294,2.5764046616
1232439768,38.733984,2672.599176,3159.91052112,2672.599176,159.7370890192,10.049256,129.0,18815.8616006294,2.6444435171
1232439772,38.727888,2672.60832,3159.91052112,2672.60832,159.7688404851,10.049256,129.0,18762.0824937427,2.6126920512
1232439776,38.7096,2672.62356,3159.91052112,2672.62356,159.709873477,10.049256,129.0,18762.0824937427,2.6716590593
1232439780,38.700456,2672.632704,3159.91052112,2672.632704,159.9275978146,10.049256,129.0,18762.0824937427,2.4539347217
1232439784,38.69436,2672.641848,3159.91052112,2672.641848,159.8096637984,10.049256,129.0,18762.0824937427,2.5718687379
1232439788,38.685216,2672.647944,3159.91052112,2672.647944,159.7733764088,10.049256,130.0,18843.3716822291,2.6081561275
1232439792,38.666928,2672.666232,3159.91052112,2672.666232,159.8141997221,10.049256,130.0,18843.3716822291,2.5673328142
1232439796,38.660832,2672.675376,3159.91052112,2672.675376,159.800591951,10.049256,130.0,18843.3716822291,2.5809405853
1232439800,38.642544,2672.690616,3159.91052112,2672.690616,159.7506967903,10.049256,129.0,18798.9004976882,2.630835746
1232439804,38.636448,2672.69976,3159.91052112,2672.69976,159.8414152643,10.049256,129.0,18798.9004976882,2.540117272
1232439808,38.627304,2672.708904,3159.91052112,2672.708904,159.8958463487,10.049256,129.0,18798.9004976882,2.4856861876
1232439812,38.61816,2672.715,3159.91052112,2672.715,159.7506967903,10.049256,129.0,18798.9004976882,2.630835746
1232439816,38.60292,2672.733288,3159.91052112,2672.733288,159.7234812481,10.049256,129.0,18841.51009776,2.6580512882
1232439840,38.535864,2672.800344,3159.91052112,2672.800344,160.0047085175,10.049256,129.0,18830.6853288097,2.3768240188
1232439844,38.52672,2672.80644,3159.91052112,2672.80644,159.9548133568,10.049256,129.0,18830.6853288097,2.4267191795
1232439848,38.508432,2672.824728,3159.91052112,2672.824728,159.9412055857,10.049256,129.0,18830.6853288097,2.4403269506
1232439852,38.502336,2672.833872,3159.91052112,2672.833872,160.0047085175,10.049256,131.0,18818.3437132549,2.3768240188
1232439856,38.493192,2672.839968,3159.91052112,2672.839968,159.9865648227,10.049256,131.0,18818.3437132549,2.3995036373
1232439860,38.484048,2672.849112,3159.91052112,2672.849112,160.1271784574,10.049256,131.0,18818.3437132549,2.2543540789
1232439864,38.468808,2672.8674,3159.91052112,2672.8674,160.1498580759,10.049256,131.0,18818.3437132549,2.2316744604
1232439868,38.459664,2672.873496,3159.91052112,2672.873496,160.0863551441,10.049256,129.0,18817.7231850985,2.2951773922
1232439872,38.441376,2672.891784,3159.91052112,2672.891784,160.1816095418,10.049256,129.0,18817.7231850985,2.1999229945
1232439876,38.43528,2672.900928,3159.91052112,2672.900928,160.1906813892,10.049256,129.0,18817.7231850985,2.1908511471
1232439880,38.426136,2672.907024,3159.91052112,2672.907024,160.11810661,10.049256,130.0,18766.4261908374,2.2634259263
1232439884,38.416992,2672.916168,3159.91052112,2672.916168,159.9139900435,10.049256,130.0,18766.4261908374,2.4675424928
1232439888,38.401752,2672.934456,3159.91052112,2672.934456,159.9774929753,10.049256,130.0,18766.4261908374,2.404039561
1232439892,38.392608,2672.940552,3159.91052112,2672.940552,160.0001725938,10.049256,130.0,18766.4261908374,2.3813599425
1232439896,38.37432,2672.95884,3159.91052112,2672.95884,160.2133610077,10.046208,130.0,18805.0368316791,2.1681715286
1232439900,38.368224,2672.967984,3159.91052112,2672.967984,160.3630464898,10.046208,130.0,18805.0368316791,2.0184860465
1232439904,38.35908,2672.97408,3159.91052112,2672.97408,160.4084057268,10.046208,130.0,18805.0368316791,1.9731268095
1232439908,38.349936,2672.983224,3159.91052112,2672.983224,160.1090347626,10.046208,129.0,18710.2339188981,2.2724977737
1232439912,38.334696,2673.001512,3159.91052112,2673.001512,160.3131513291,10.046208,129.0,18710.2339188981,2.0683812072
1232439916,38.325552,2673.007608,3159.91052112,2673.007608,160.1498580759,10.046208,129.0,18710.2339188981,2.2316744604
1232439920,38.307264,2673.025896,3159.91052112,2673.025896,160.1407862285,10.046208,130.0,18727.5397597039,2.2407463078
1232439924,38.301168,2673.03504,3159.91052112,2673.03504,160.2632561684,10.046208,130.0,18727.5397597039,2.1182763679
1232439928,38.292024,2673.041136,3159.91052112,2673.041136,160.4991242008,10.046208,130.0,18727.5397597039,1.8824083355
1232439932,38.28288,2673.05028,3159.91052112,2673.05028,160.3494387187,10.046208,130.0,18727.5397597039,2.0320938176
1232439936,38.26764,2673.068568,3159.91052112,2673.068568,160.3539746424,10.046208,129.0,18788.6962568943,2.0275578939
1232439948,38.234112,2673.102096,3159.91052112,2673.102096,160.072747373,10.04316,128.0,18750.9819345007,2.3087851633
1232439952,38.224968,2673.108192,3159.91052112,2673.108192,160.1543939996,10.04316,128.0,18750.9819345007,2.2271385367
1232439956,38.215824,2673.117336,3159.91052112,2673.117336,160.3312950239,10.04316,128.0,18750.9819345007,2.0502375124
1232439960,38.200584,2673.135624,3159.91052112,2673.135624,160.4220134979,10.04316,130.0,18726.5744936829,1.9595190384
1232439964,38.19144,2673.14172,3159.91052112,2673.14172,160.3176872528,10.04316,130.0,18726.5744936829,2.0638452835
1232439968,38.173152,2673.160008,3159.91052112,2673.160008,160.11810661,10.04316,130.0,18726.5744936829,2.2634259263
1232439972,38.167056,2673.169152,3159.91052112,2673.169152,160.299543558,10.04316,130.0,18726.5744936829,2.0819889783
1232439976,38.157912,2673.175248,3159.91052112,2673.175248,160.2496483973,10.04316,129.0,18754.9808937307,2.1364200627
1232439980,38.148768,2673.184392,3159.91052112,2673.184392,160.1997532366,10.04316,129.0,18754.9808937307,2.1817792997
1232439984,38.133528,2673.20268,3159.91052112,2673.20268,160.2768639395,10.04316,129.0,18754.9808937307,2.1046685968
1232439988,38.124384,2673.208776,3159.91052112,2673.208776,160.3539746424,10.04316,130.0,18743.604544197,2.0275578939
1232439992,38.106096,2673.227064,3159.91052112,2673.227064,160.3585105661,10.04316,130.0,18743.604544197,2.0230219702
1232439996,38.1,2673.236208,3159.91052112,2673.236208,160.3086154054,10.04316,130.0,18743.604544197,2.0729171309
1232440000,38.090856,2673.242304,3159.91052112,2673.242304,160.4492290401,10.04316,130.0,18743.604544197,1.9323034962
1232440004,38.081712,2673.251448,3159.91052112,2673.251448,160.2587202447,10.030968,130.0,18740.7776937068,2.1228122916
1232440008,38.066472,2673.266688,3159.91052112,2673.266688,160.0500677545,10.030968,130.0,18740.7776937068,2.3314647818
1232440012,38.057328,2673.275832,3159.91052112,2673.275832,160.1770736181,10.030968,130.0,18740.7776937068,2.2044589182
1232440016,38.03904,2673.29412,3159.91052112,2673.29412,160.11810661,10.030968,130.0,18779.1125442568,2.2634259263
1232440020,38.032944,2673.303264,3159.91052112,2673.303264,160.1589299233,10.030968,130.0,18779.1125442568,2.222602613
1232440024,38.0238,2673.30936,3159.91052112,2673.30936,160.2178969314,10.030968,130.0,18779.1125442568,2.1636356049
1232440028,38.014656,2673.318504,3159.91052112,2673.318504,160.3993338794,10.030968,130.0,18779.1125442568,1.9821986569
1232440032,37.999416,2673.336792,3159.91052112,2673.336792,160.4174775742,10.030968,129.0,18801.3136627408,1.9640549621
1232440036,37.990272,2673.342888,3159.91052112,2673.342888,160.3312950239,10.030968,129.0,18801.3136627408,2.0502375124
1232440040,37.975032,2673.361176,3159.91052112,2673.361176,160.3176872528,10.030968,130.0,18731.1939810693,2.0638452835
1232440044,37.965888,2673.367272,3159.91052112,2673.367272,160.2496483973,10.030968,130.0,18731.1939810693,2.131884139
1232440048,37.956744,2673.376416,3159.91052112,2673.376416,160.2632561684,10.030968,130.0,18731.1939810693,2.1182763679
1232440052,37.9476,2673.38556,3159.91052112,2673.38556,160.2269687788,10.030968,130.0,18731.1939810693,2.1545637575
1232440056,37.93236,2673.4008,3159.91052112,2673.4008,160.3267591002,10.030968,129.0,18722.5755344528,2.0547734361
1232440060,37.923216,2673.409944,3159.91052112,2673.409944,160.3131513291,10.034016,129.0,18722.5755344528,2.0683812072
1232440080,37.865304,2673.467856,3159.91052112,2673.467856,160.4537649638,10.034016,129.0,18761.4619655863,1.9277675725
1232440084,37.85616,2673.477,3159.91052112,2673.477,160.5036601245,10.034016,129.0,18761.4619655863,1.8778724118
1232440088,37.84092,2673.495288,3159.91052112,2673.495288,160.6261300644,10.034016,129.0,18761.4619655863,1.7554024719
1232440092,37.831776,2673.501384,3159.91052112,2673.501384,160.4855164297,10.034016,129.0,18744.5008626451,1.8960161066
1232440096,37.822632,2673.510528,3159.91052112,2673.510528,160.3312950239,10.034016,129.0,18744.5008626451,2.0502375124
1232440100,37.813488,2673.519672,3159.91052112,2673.519672,160.3176872528,10.034016,129.0,18744.5008626451,2.0638452835
1232440104,37.798248,2673.534912,3159.91052112,2673.534912,160.6034504459,10.034016,130.0,18755.9461597518,1.7780820904
1232440108,37.789104,2673.544056,3159.91052112,2673.544056,160.4991242008,10.034016,130.0,18755.9461597518,1.8824083355
1232440112,37.773864,2673.562344,3159.91052112,2673.562344,160.5989145222,10.049256,130.0,18755.9461597518,1.7826180141
1232440116,37.76472,2673.56844,3159.91052112,2673.56844,160.5943785985,10.049256,130.0,18755.9461597518,1.7871539378
1232440120,37.755576,2673.577584,3159.91052112,2673.577584,160.3993338794,10.049256,130.0,18781.5946568823,1.9821986569
1232440124,37.746432,2673.586728,3159.91052112,2673.586728,160.390262032,10.049256,130.0,18781.5946568823,1.9912705043
1232440128,37.731192,2673.601968,3159.91052112,2673.601968,160.707776691,10.049256,130.0,18781.5946568823,1.6737558453
1232440132,37.722048,2673.611112,3159.91052112,2673.611112,160.6034504459,10.049256,130.0,18688.3085907058,1.7780820904
1232440136,37.706808,2673.6294,3159.91052112,2673.6294,160.5853067511,10.049256,130.0,18688.3085907058,1.7962257852
1232440140,37.697664,2673.635496,3159.91052112,2673.635496,160.435621269,10.049256,130.0,18688.3085907058,1.9459112673
1232440144,37.68852,2673.64464,3159.91052112,2673.64464,160.6533456066,10.049256,130.0,18688.3085907058,1.7281869297
1232440148,37.679376,2673.653784,3159.91052112,2673.653784,160.57169898,10.049256,130.0,18720.7139499837,1.8098335563
1232440152,37.664136,2673.669024,3159.91052112,2673.669024,160.5626271326,10.049256,130.0,18720.7139499837,1.8189054037
1232440156,37.654992,2673.678168,3159.91052112,2673.678168,160.6306659881,10.049256,130.0,18720.7139499837,1.7508665482
1232440160,37.639752,2673.693408,3159.91052112,2673.693408,160.7622077754,10.049256,130.0,18701.8912625733,1.6193247609
1232440164,37.630608,2673.702552,3159.91052112,2673.702552,160.8121029361,10.049256,130.0,18701.8912625733,1.5694296002
1232440168,37.621464,2673.711696,3159.91052112,2673.711696,160.7848873939,10.049256,130.0,18701.8912625733,1.5966451424
1232440172,37.61232,2673.72084,3159.91052112,2673.72084,160.753135928,10.049256,130.0,18701.8912625733,1.6283966083
1232440176,37.59708,2673.73608,3159.91052112,2673.73608,160.5853067511,10.049256,129.0,18748.8445597398,1.7962257852
1232440180,37.587936,2673.745224,3159.91052112,2673.745224,160.6442737592,10.049256,129.0,18748.8445597398,1.7372587771
1232440184,37.572696,2673.763512,3159.91052112,2673.763512,160.6215941407,10.049256,129.0,18756.8424781999,1.7599383956
1232440188,37.563552,2673.769608,3159.91052112,2673.769608,160.5399475141,10.049256,129.0,18756.8424781999,1.8415850222
1232440192,37.554408,2673.778752,3159.91052112,2673.778752,160.6578815303,10.049256,129.0,18756.8424781999,1.723651006
1232440196,37.545264,2673.787896,3159.91052112,2673.787896,160.6079863696,10.049256,129.0,18756.8424781999,1.7735461667
1232440200,37.530024,2673.803136,3159.91052112,2673.803136,160.4900523534,10.049256,130.0,18774.7688471621,1.8914801829
1232440204,37.52088,2673.81228,3159.91052112,2673.81228,160.5807708274,10.049256,130.0,18774.7688471621,1.8007617089
1232440208,37.50564,2673.830568,3159.91052112,2673.830568,160.4764445823,10.049256,130.0,18774.7688471621,1.905087954
1232440212,37.496496,2673.836664,3159.91052112,2673.836664,160.526339743,10.049256,129.0,18736.502944185,1.8551927933
1232440216,37.487352,2673.845808,3159.91052112,2673.845808,160.5490193615,10.049256,129.0,18736.502944185,1.8325131748
1232440220,37.481256,2673.854952,3159.91052112,2673.854952,160.480980506,10.049256,129.0,18736.502944185,1.9005520303
1232440224,37.462968,2673.870192,3159.91052112,2673.870192,160.4628368112,10.049256,129.0,18736.502944185,1.9186957251
1232440228,37.453824,2673.879336,3159.91052112,2673.879336,160.5898426748,10.049256,129.0,18718.8523655145,1.7916898615
1232440232,37.438584,2673.897624,3159.91052112,2673.897624,160.57169898,10.049256,129.0,18718.8523655145,1.8098335563
1232440236,37.42944,2673.90372,3159.91052112,2673.90372,160.5535552852,10.049256,129.0,18718.8523655145,1.8279772511
1232440240,37.420296,2673.912864,3159.91052112,2673.912864,160.6533456066,10.049256,130.0,18735.8824160286,1.7327228534
1232440244,37.4142,2673.922008,3159.91052112,2673.922008,160.4855164297,10.049256,130.0,18735.8824160286,1.8960161066
1232440248,37.395912,2673.937248,3159.91052112,2673.937248,160.5444834378,10.049256,130.0,18735.8824160286,1.8415850222
1232440252,37.386768,2673.946392,3159.91052112,2673.946392,160.3857261083,10.049256,130.0,18735.8824160286,1.995806428
1232440256,37.371528,2673.961632,3159.91052112,2673.961632,160.4628368112,10.049256,129.0,18722.8513247445,1.9186957251
1232440260,37.362384,2673.970776,3159.91052112,2673.970776,160.5172678956,10.049256,129.0,18722.8513247445,1.8642646407
1232440264,37.35324,2673.97992,3159.91052112,2673.97992,160.4401571927,10.049256,129.0,18722.8513247445,1.9413753436
1232440268,37.347144,2673.989064,3159.91052112,2673.989064,160.5308756667,10.049256,129.0,18763.9440782118,1.8506568696
1232440272,37.328856,2674.004304,3159.91052112,2674.004304,160.5218038193,10.049256,129.0,18763.9440782118,1.859728717
1232440276,37.319712,2674.013448,3159.91052112,2674.013448,160.4583008875,10.049256,129.0,18763.9440782118,1.9232316488
1232440280,37.304472,2674.028688,3159.91052112,2674.028688,160.5989145222,10.049256,130.0,18693.2038683839,1.7826180141
1232440284,37.295328,2674.037832,3159.91052112,2674.037832,160.344902795,10.049256,130.0,18693.2038683839,2.0366297413
1232440288,37.286184,2674.046976,3159.91052112,2674.046976,160.5989145222,10.049256,130.0,18693.2038683839,1.7826180141
1232440292,37.280088,2674.05612,3159.91052112,2674.05612,160.6306659881,10.049256,130.0,18693.2038683839,1.7508665482
1232440296,37.2618,2674.07136,3159.91052112,2674.07136,160.4084057268,10.049256,130.0,18716.0944625972,1.9776627332
1232440300,37.252656,2674.080504,3159.91052112,2674.080504,160.2587202447,10.049256,130.0,18716.0944625972,2.1228122916
1232440320,37.194744,2674.138416,3159.91052112,2674.138416,160.4719086586,10.049256,129.0,18734.9171500076,1.9096238777
1232440324,37.1856,2674.14756,3159.91052112,2674.14756,160.2496483973,10.049256,129.0,18734.9171500076,2.1364200627
1232440328,37.17036,2674.1628,3159.91052112,2674.1628,160.4764445823,10.049256,129.0,18734.9171500076,1.905087954
1232440332,37.161216,2674.171944,3159.91052112,2674.171944,160.5308756667,10.049256,129.0,18734.9171500076,1.8506568696
1232440336,37.152072,2674.181088,3159.91052112,2674.181088,160.3766542609,10.049256,129.0,18723.1960626092,2.0048782754
1232440340,37.145976,2674.190232,3159.91052112,2674.190232,160.5081960482,10.049256,129.0,18723.1960626092,1.8733364881
1232440344,37.127688,2674.205472,3159.91052112,2674.205472,160.2859357869,10.049256,129.0,18723.1960626092,2.0955967494
1232440348,37.118544,2674.214616,3159.91052112,2674.214616,160.1680017707,10.049256,129.0,18693.5486062486,2.2135307656
1232440352,37.103304,2674.229856,3159.91052112,2674.229856,160.4265494216,10.049256,129.0,18693.5486062486,1.9549831147
1232440356,37.09416,2674.239,3159.91052112,2674.239,160.3086154054,10.049256,129.0,18693.5486062486,2.0729171309
1232440360,37.085016,2674.248144,3159.91052112,2674.248144,160.4038698031,10.049256,129.0,18693.5486062486,1.9776627332
1232440364,37.07892,2674.257288,3159.91052112,2674.257288,160.4764445823,10.049256,130.0,18679.965934381,1.905087954
1232440368,37.060632,2674.272528,3159.91052112,2674.272528,160.4764445823,10.049256,130.0,18679.965934381,1.905087954
1232440372,37.051488,2674.281672,3159.91052112,2674.281672,160.6215941407,10.049256,130.0,18679.965934381,1.7599383956
1232440376,37.036248,2674.296912,3159.91052112,2674.296912,160.3721183372,10.049256,129.0,18626.531565359,2.0139501228
1232440380,37.027104,2674.306056,3159.91052112,2674.306056,160.5535552852,10.049256,129.0,18626.531565359,1.8279772511
1232440384,37.01796,2674.3152,3159.91052112,2674.3152,160.3811901846,10.049256,129.0,18626.531565359,2.0003423517
1232440388,37.011864,2674.324344,3159.91052112,2674.324344,160.390262032,10.0584,129.0,18626.531565359,1.9912705043
1232440392,36.993576,2674.339584,3159.91052112,2674.339584,160.6079863696,10.0584,129.0,18622.8083964207,1.7735461667
1232440396,36.984432,2674.348728,3159.91052112,2674.348728,160.5218038193,10.0584,129.0,18622.8083964207,1.8642646407
1232440400,36.969192,2674.363968,3159.91052112,2674.363968,160.6261300644,10.0584,130.0,18703.7528470425,1.7554024719
1232440404,36.960048,2674.373112,3159.91052112,2674.373112,160.4265494216,10.0584,130.0,18703.7528470425,1.9549831147
1232440408,36.950904,2674.382256,3159.91052112,2674.382256,160.4129416505,10.0584,130.0,18703.7528470425,1.9685908858
1232440412,36.944808,2674.3914,3159.91052112,2674.3914,160.5081960482,10.0584,130.0,18703.7528470425,1.8733364881
1232440416,36.92652,2674.40664,3159.91052112,2674.40664,160.4492290401,10.0584,131.0,18650.9390061768,1.9323034962
1232440420,36.917376,2674.415784,3159.91052112,2674.415784,160.3947979557,10.0584,131.0,18650.9390061768,1.9867345806
1232440428,36.892992,2674.440168,3159.91052112,2674.440168,160.2405765499,10.0584,130.0,18691.066493623,2.1409559864
1232440432,36.883848,2674.449312,3159.91052112,2674.449312,160.5626271326,10.0584,130.0,18691.066493623,1.8189054037
1232440436,36.877752,2674.458456,3159.91052112,2674.458456,160.435621269,10.0584,130.0,18691.066493623,1.9459112673
1232440440,36.859464,2674.473696,3159.91052112,2674.473696,160.4991242008,10.0584,130.0,18691.066493623,1.8824083355
1232440444,36.85032,2674.48284,3159.91052112,2674.48284,160.390262032,10.0584,130.0,18686.102268372,1.9912705043
1232440448,36.83508,2674.49808,3159.91052112,2674.49808,160.1680017707,10.0584,130.0,18686.102268372,2.2135307656
1232440452,36.825936,2674.507224,3159.91052112,2674.507224,160.390262032,10.0584,130.0,18686.102268372,1.9912705043
1232440456,36.81984,2674.516368,3159.91052112,2674.516368,160.2768639395,10.0584,129.0,18649.3532119994,2.1046685968
1232440460,36.810696,2674.525512,3159.91052112,2674.525512,160.4038698031,10.0584,129.0,18649.3532119994,1.9776627332
1232440464,36.792408,2674.540752,3159.91052112,2674.540752,160.3947979557,10.0584,129.0,18649.3532119994,1.9867345806
1232440468,36.786312,2674.549896,3159.91052112,2674.549896,160.4719086586,10.0584,129.0,18649.3532119994,1.9141598014
1232440472,36.768024,2674.565136,3159.91052112,2674.565136,160.3857261083,10.0584,130.0,18653.0763809377,1.995806428
1232440476,36.75888,2674.57428,3159.91052112,2674.57428,160.2632561684,10.0584,130.0,18653.0763809377,2.1182763679
1232440480,36.749736,2674.583424,3159.91052112,2674.583424,160.3222231765,10.0584,130.0,18653.0763809377,2.0593093598
1232440484,36.74364,2674.592568,3159.91052112,2674.592568,160.2768639395,10.0584,130.0,18696.9270373222,2.1046685968
1232440488,36.725352,2674.607808,3159.91052112,2674.607808,160.3358309476,10.0584,130.0,18696.9270373222,2.0457015887
1232440492,36.719256,2674.616952,3159.91052112,2674.616952,160.4174775742,10.0584,130.0,18696.9270373222,1.9640549621
1232440496,36.700968,2674.632192,3159.91052112,2674.632192,160.3086154054,10.049256,129.0,18672.2438062127,2.0729171309
1232440500,36.691824,2674.641336,3159.91052112,2674.641336,160.3630464898,10.049256,129.0,18672.2438062127,2.0184860465
1232440504,36.685728,2674.65048,3159.91052112,2674.65048,160.2859357869,10.049256,129.0,18672.2438062127,2.0955967494
1232440508,36.676584,2674.656576,3159.91052112,2674.656576,160.2768639395,10.049256,129.0,18672.2438062127,2.1046685968
1232440512,36.658296,2674.674864,3159.91052112,2674.674864,160.344902795,10.049256,130.0,18626.1868274943,2.0366297413
1232440516,36.6522,2674.684008,3159.91052112,2674.684008,160.3403668713,10.049256,130.0,18626.1868274943,2.041165665
1232440520,36.633912,2674.699248,3159.91052112,2674.699248,160.2587202447,10.049256,130.0,18626.1868274943,2.1228122916
1232440524,36.624768,2674.708392,3159.91052112,2674.708392,160.299543558,10.049256,131.0,18651.5595343332,2.0819889783
1232440528,36.618672,2674.717536,3159.91052112,2674.717536,160.3267591002,10.049256,131.0,18651.5595343332,2.0547734361
1232440532,36.609528,2674.723632,3159.91052112,2674.723632,160.4673727349,10.049256,131.0,18651.5595343332,1.9141598014
1232440536,36.59124,2674.74192,3159.91052112,2674.74192,160.3494387187,10.049256,130.0,18651.5595343332,2.0320938176
1232440540,36.585144,2674.751064,3159.91052112,2674.751064,160.4537649638,10.049256,130.0,18651.5595343332,1.9277675725
1232440564,36.518088,2674.81812,3159.91052112,2674.81812,160.072747373,10.040112,129.0,18691.9628120712,2.3087851633
1232440568,36.4998,2674.83336,3159.91052112,2674.83336,160.1861454655,10.040112,129.0,18691.9628120712,2.1953870708
1232440572,36.490656,2674.842504,3159.91052112,2674.842504,160.0364599834,10.040112,129.0,18691.9628120712,2.3450725529
1232440576,36.48456,2674.851648,3159.91052112,2674.851648,160.0137803649,10.040112,129.0,18691.9628120712,2.3722880951
1232440580,36.475416,2674.857744,3159.91052112,2674.857744,160.1543939996,10.040112,129.0,18658.0406061888,2.2271385367
1232440584,36.457128,2674.876032,3159.91052112,2674.876032,160.0636755256,10.040112,129.0,18658.0406061888,2.3178570107
1232440588,36.451032,2674.885176,3159.91052112,2674.885176,159.9502774331,10.040112,129.0,18658.0406061888,2.4312551032
1232440592,36.432744,2674.900416,3159.91052112,2674.900416,160.0228522123,10.040112,130.0,18617.8441711696,2.358680324
1232440596,36.4236,2674.90956,3159.91052112,2674.90956,160.254184321,10.040112,130.0,18617.8441711696,2.1273482153
1232440600,36.417504,2674.918704,3159.91052112,2674.918704,159.8550230354,10.040112,130.0,18617.8441711696,2.5265095009
1232440604,36.40836,2674.9248,3159.91052112,2674.9248,160.0047085175,10.040112,130.0,18617.8441711696,2.3768240188
1232440608,36.390072,2674.943088,3159.91052112,2674.943088,160.1226425337,10.037064,130.0,18616.3273245651,2.2588900026
1232440612,36.383976,2674.952232,3159.91052112,2674.952232,160.0047085175,10.037064,130.0,18616.3273245651,2.3768240188
1232440616,36.365688,2674.967472,3159.91052112,2674.967472,159.9638852042,10.037064,130.0,18624.9457711816,2.4176473321
1232440620,36.356544,2674.976616,3159.91052112,2674.976616,159.8414152643,10.037064,130.0,18624.9457711816,2.540117272
1232440624,36.350448,2674.98576,3159.91052112,2674.98576,159.7688404851,10.037064,130.0,18624.9457711816,2.6126920512
1232440628,36.341304,2674.991856,3159.91052112,2674.991856,159.8640948828,10.037064,130.0,18624.9457711816,2.5174376535
1232440632,36.323016,2675.010144,3159.91052112,2675.010144,159.9911007464,10.037064,130.0,18677.4838217555,2.3904317899
1232440636,36.31692,2675.019288,3159.91052112,2675.019288,160.0818192204,10.037064,130.0,18677.4838217555,2.2997133159
1232440640,36.298632,2675.034528,3159.91052112,2675.034528,159.9638852042,10.037064,130.0,18677.4838217555,2.4176473321
1232440644,36.292536,2675.043672,3159.91052112,2675.043672,159.8504871117,10.037064,130.0,18645.3542527693,2.5310454246
1232440648,36.283392,2675.052816,3159.91052112,2675.052816,159.8323434169,10.037064,130.0,18645.3542527693,2.5491891194
1232440652,36.274248,2675.058912,3159.91052112,2675.058912,159.7370890192,10.037064,130.0,18645.3542527693,2.6444435171
1232440656,36.259008,2675.0772,3159.91052112,2675.0772,159.8550230354,10.037064,130.0,18645.3542527693,2.5265095009
1232440660,36.249864,2675.086344,3159.91052112,2675.086344,159.6599783163,10.040112,130.0,18644.1131964566,2.72155422
1232440672,36.216336,2675.116824,3159.91052112,2675.116824,159.6100831556,10.040112,129.0,18625.9110372026,2.7714493807
1232440676,36.207192,2675.125968,3159.91052112,2675.125968,159.6418346215,10.040112,129.0,18625.9110372026,2.7396979148
1232440680,36.191952,2675.144256,3159.91052112,2675.144256,159.9094541198,10.040112,129.0,18625.9110372026,2.4720784165
1232440684,36.182808,2675.1534,3159.91052112,2675.1534,159.7234812481,10.040112,129.0,18625.9110372026,2.6580512882
1232440688,36.16452,2675.16864,3159.91052112,2675.16864,159.7053375533,10.040112,129.0,18649.9737401558,2.676194983
1232440692,36.158424,2675.177784,3159.91052112,2675.177784,159.7869841799,10.040112,129.0,18649.9737401558,2.5945483564
1232440696,36.14928,2675.18388,3159.91052112,2675.18388,159.6826579348,10.040112,129.0,18649.9737401558,2.6988746015
1232440700,36.140136,2675.193024,3159.91052112,2675.193024,159.6917297822,10.040112,129.0,18672.8643343691,2.6898027541
1232440704,36.124896,2675.211312,3159.91052112,2675.211312,159.6327627741,10.040112,129.0,18672.8643343691,2.7487697622
1232440708,36.115752,2675.217408,3159.91052112,2675.217408,159.6962657059,10.040112,129.0,18672.8643343691,2.6852668304
1232440712,36.097464,2675.235696,3159.91052112,2675.235696,159.5874035371,10.040112,129.0,18585.7146021834,2.7941289992
1232440716,36.091368,2675.24484,3159.91052112,2675.24484,159.7370890192,10.040112,129.0,18585.7146021834,2.6444435171
1232440720,36.082224,2675.250936,3159.91052112,2675.250936,159.5964753845,10.040112,129.0,18585.7146021834,2.7850571518
1232440724,36.07308,2675.26008,3159.91052112,2675.26008,159.4649335972,10.040112,129.0,18585.7146021834,2.9165989391
1232440728,36.05784,2675.278368,3159.91052112,2675.278368,159.528436529,10.040112,130.0,18616.6031148568,2.8530960073
1232440732,36.048696,2675.284464,3159.91052112,2675.284464,159.5239006053,10.040112,130.0,18616.6031148568,2.857631931
1232440736,36.030408,2675.302752,3159.91052112,2675.302752,159.5692598423,10.040112,130.0,18616.6031148568,2.812272694
1232440740,36.024312,2675.311896,3159.91052112,2675.311896,159.6599783163,10.040112,128.0,18632.3921090582,2.72155422
1232440744,36.015168,2675.317992,3159.91052112,2675.317992,159.4286462076,10.040112,128.0,18632.3921090582,2.9528863287
1232440748,36.006024,2675.327136,3159.91052112,2675.327136,159.4195743602,10.040112,128.0,18632.3921090582,2.9619581761
1232440752,35.990784,2675.345424,3159.91052112,2675.345424,159.1111315486,10.040112,128.0,18609.5015148449,3.2704009877
1232440756,35.98164,2675.35152,3159.91052112,2675.35152,159.392358818,10.040112,128.0,18609.5015148449,2.9891737183
1232440760,35.963352,2675.369808,3159.91052112,2675.369808,159.4195743602,10.040112,128.0,18609.5015148449,2.9619581761
1232440764,35.957256,2675.378952,3159.91052112,2675.378952,159.5601879949,10.040112,128.0,18609.5015148449,2.8213445414
1232440768,35.948112,2675.385048,3159.91052112,2675.385048,159.4785413683,10.040112,130.0,18661.4190372624,2.902991168
1232440772,35.938968,2675.394192,3159.91052112,2675.394192,159.5193646816,10.040112,130.0,18661.4190372624,2.8621678547
1232440776,35.923728,2675.41248,3159.91052112,2675.41248,159.3515355047,10.040112,130.0,18661.4190372624,3.0299970316
1232440780,35.914584,2675.418576,3159.91052112,2675.418576,159.5465802238,10.040112,130.0,18579.5782681925,2.8349523125
1232440784,35.896296,2675.436864,3159.91052112,2675.436864,159.5874035371,10.040112,130.0,18579.5782681925,2.7941289992
1232440808,35.832288,2675.50392,3159.91052112,2675.50392,159.6418346215,10.040112,130.0,18630.8063148807,2.7396979148
1232440812,35.823144,2675.510016,3159.91052112,2675.510016,159.7915201036,10.040112,130.0,18630.8063148807,2.5900124327
1232440816,35.814,2675.51916,3159.91052112,2675.51916,159.7189453244,10.040112,130.0,18630.8063148807,2.6625872119
1232440820,35.804856,2675.528304,3159.91052112,2675.528304,159.7506967903,10.040112,130.0,18630.8063148807,2.630835746
1232440824,35.789616,2675.546592,3159.91052112,2675.546592,159.7234812481,10.040112,130.0,18577.7166837234,2.6580512882
1232440828,35.780472,2675.552688,3159.91052112,2675.552688,159.8504871117,10.040112,130.0,18577.7166837234,2.5310454246
1232440832,35.765232,2675.570976,3159.91052112,2675.570976,159.9139900435,10.040112,129.0,18599.6420119156,2.4675424928
1232440836,35.756088,2675.577072,3159.91052112,2675.577072,160.0137803649,10.040112,129.0,18599.6420119156,2.3677521714
1232440840,35.746944,2675.586216,3159.91052112,2675.586216,160.2496483973,10.040112,129.0,18599.6420119156,2.131884139
1232440844,35.7378,2675.59536,3159.91052112,2675.59536,160.0364599834,10.040112,129.0,18599.6420119156,2.3450725529
1232440848,35.72256,2675.6106,3159.91052112,2675.6106,160.1952173129,10.040112,130.0,18628.3931498281,2.1908511471
1232440852,35.713416,2675.619744,3159.91052112,2675.619744,160.2496483973,10.040112,130.0,18628.3931498281,2.131884139
1232440856,35.698176,2675.638032,3159.91052112,2675.638032,160.2315047025,10.040112,130.0,18628.3931498281,2.1500278338
1232440860,35.689032,2675.644128,3159.91052112,2675.644128,160.4537649638,10.040112,129.0,18601.5035963848,1.9277675725
1232440864,35.679888,2675.653272,3159.91052112,2675.653272,160.4855164297,10.040112,129.0,18601.5035963848,1.8960161066
1232440868,35.670744,2675.662416,3159.91052112,2675.662416,160.8257107072,10.040112,129.0,18601.5035963848,1.5558218291
1232440872,35.655504,2675.677656,3159.91052112,2675.677656,160.4900523534,10.040112,129.0,18601.5035963848,1.8914801829
1232440876,35.64636,2675.6868,3159.91052112,2675.6868,160.435621269,10.040112,130.0,18615.7067964087,1.9459112673
1232440880,35.63112,2675.705088,3159.91052112,2675.705088,160.6488096829,10.049256,130.0,18615.7067964087,1.7327228534
1232440884,35.621976,2675.711184,3159.91052112,2675.711184,160.8937495627,10.049256,130.0,18615.7067964087,1.4877829736
1232440888,35.612832,2675.720328,3159.91052112,2675.720328,160.8166388598,10.049256,129.0,18621.2915498162,1.5648936765
1232440892,35.603688,2675.729472,3159.91052112,2675.729472,160.7622077754,10.049256,129.0,18621.2915498162,1.6193247609
1232440896,35.588448,2675.744712,3159.91052112,2675.744712,161.0479709685,10.049256,129.0,18621.2915498162,1.3335615678
1232440900,35.579304,2675.753856,3159.91052112,2675.753856,161.1069379766,10.049256,129.0,18621.2915498162,1.2745945597
1232440904,35.564064,2675.772144,3159.91052112,2675.772144,161.1386894425,10.049256,129.0,18576.7514177023,1.2428430938
1232440916,35.536632,2675.796528,3159.91052112,2675.796528,161.0570428159,10.049256,129.0,18584.1977555789,1.3244897204
1232440920,35.521392,2675.811768,3159.91052112,2675.811768,161.1432253662,10.049256,129.0,18584.1977555789,1.2383071701
1232440924,35.512248,2675.820912,3159.91052112,2675.820912,161.1477612899,10.049256,129.0,18584.1977555789,1.2337712464
1232440928,35.497008,2675.8392,3159.91052112,2675.8392,161.2566234587,10.049256,129.0,18599.297274051,1.1249090776
1232440932,35.487864,2675.845296,3159.91052112,2675.845296,161.3065186194,10.049256,129.0,18599.297274051,1.0750139169
1232440936,35.47872,2675.85444,3159.91052112,2675.85444,161.2248719928,10.049256,129.0,18599.297274051,1.1566605435
1232440940,35.469576,2675.863584,3159.91052112,2675.863584,161.4562041015,10.049256,129.0,18599.297274051,0.9253284348
1232440944,35.454336,2675.878824,3159.91052112,2675.878824,161.1795127558,10.049256,130.0,18628.6689401199,1.2020197805
1232440948,35.445192,2675.887968,3159.91052112,2675.887968,161.3110545431,10.049256,130.0,18628.6689401199,1.0704779932
1232440952,35.429952,2675.903208,3159.91052112,2675.903208,161.0842583581,10.049256,130.0,18628.6689401199,1.2972741782
1232440956,35.420808,2675.912352,3159.91052112,2675.912352,161.0797224344,10.049256,129.0,18652.4558527813,1.3018101019
1232440960,35.411664,2675.921496,3159.91052112,2675.921496,161.2294079165,10.049256,129.0,18652.4558527813,1.1521246198
1232440964,35.405568,2675.93064,3159.91052112,2675.93064,161.4108448645,10.049256,129.0,18652.4558527813,0.9706876718
1232440968,35.38728,2675.94588,3159.91052112,2675.94588,161.4063089408,10.049256,130.0,18616.6031148568,0.9752235955
1232440972,35.378136,2675.955024,3159.91052112,2675.955024,161.3201263905,10.049256,130.0,18616.6031148568,1.0659420695
1232440976,35.362896,2675.973312,3159.91052112,2675.973312,161.0797224344,10.049256,130.0,18616.6031148568,1.3063460256
1232440980,35.353752,2675.979408,3159.91052112,2675.979408,161.1114739003,10.049256,130.0,18616.6031148568,1.270058636
1232440984,35.344608,2675.988552,3159.91052112,2675.988552,161.206728298,10.049256,129.0,18583.3014371308,1.1748042383
1232440988,35.338512,2675.997696,3159.91052112,2675.997696,160.9708602656,10.034016,129.0,18583.3014371308,1.4152081944
1232440992,35.320224,2676.012936,3159.91052112,2676.012936,161.0071476552,10.034016,129.0,18583.3014371308,1.3743848811
1232440996,35.31108,2676.02208,3159.91052112,2676.02208,160.8075670124,10.034016,129.0,18584.1977555789,1.5739655239
1232441000,35.29584,2676.03732,3159.91052112,2676.03732,160.7803514702,10.034016,129.0,18584.1977555789,1.6011810661
1232441004,35.286696,2676.046464,3159.91052112,2676.046464,160.9890039604,10.034016,129.0,18584.1977555789,1.3925285759
1232441008,35.277552,2676.055608,3159.91052112,2676.055608,161.0071476552,10.034016,129.0,18584.1977555789,1.3743848811
1232441012,35.271456,2676.064752,3159.91052112,2676.064752,160.8393184783,10.034016,129.0,18563.5134836994,1.542214058
1232441016,35.253168,2676.079992,3159.91052112,2676.079992,160.8347825546,10.034016,129.0,18563.5134836994,1.5467499817
1232441020,35.244024,2676.089136,3159.91052112,2676.089136,160.7622077754,10.034016,129.0,18563.5134836994,1.6193247609
1232441024,35.228784,2676.104376,3159.91052112,2676.104376,160.7032407673,10.034016,129.0,18597.5046371547,1.678291769
1232441048,35.161728,2676.171432,3159.91052112,2676.171432,160.6987048436,10.030968,129.0,18605.5025556148,1.6828276927
1232441052,35.152584,2676.180576,3159.91052112,2676.180576,160.6850970725,10.030968,129.0,18605.5025556148,1.6964354638
1232441056,35.14344,2676.18972,3159.91052112,2676.18972,160.6079863696,10.030968,129.0,18605.5025556148,1.7735461667
1232441060,35.137344,2676.198864,3159.91052112,2676.198864,160.6442737592,10.030968,129.0,18605.5025556148,1.7372587771
1232441064,35.119056,2676.214104,3159.91052112,2676.214104,160.5354115904,10.030968,129.0,18585.7146021834,1.8461209459
1232441068,35.109912,2676.223248,3159.91052112,2676.223248,160.6079863696,10.030968,129.0,18585.7146021834,1.7735461667
1232441072,35.094672,2676.238488,3159.91052112,2676.238488,160.5626271326,10.030968,129.0,18585.7146021834,1.8189054037
1232441076,35.085528,2676.247632,3159.91052112,2676.247632,160.5081960482,10.030968,129.0,18659.2816625015,1.8733364881
1232441080,35.076384,2676.256776,3159.91052112,2676.256776,160.6896329962,10.030968,129.0,18659.2816625015,1.6918995401
1232441084,35.070288,2676.26592,3159.91052112,2676.26592,160.7349922332,10.030968,129.0,18659.2816625015,1.6465403031
1232441088,35.052,2676.28116,3159.91052112,2676.28116,160.6896329962,10.030968,129.0,18659.2816625015,1.6918995401
1232441092,35.042856,2676.290304,3159.91052112,2676.290304,160.6261300644,10.030968,130.0,18600.5383303637,1.7554024719
1232441096,35.027616,2676.305544,3159.91052112,2676.305544,160.6760252251,10.04316,130.0,18600.5383303637,1.7055073112
1232441100,35.018472,2676.314688,3159.91052112,2676.314688,160.8166388598,10.04316,130.0,18600.5383303637,1.5648936765
1232441104,35.012376,2676.323832,3159.91052112,2676.323832,160.7304563095,10.04316,130.0,18597.5046371547,1.6510762268
1232441108,35.003232,2676.329928,3159.91052112,2676.329928,160.889213639,10.04316,130.0,18597.5046371547,1.4923188973
1232441112,34.984944,2676.348216,3159.91052112,2676.348216,160.8619980968,10.04316,130.0,18597.5046371547,1.5195344395
1232441116,34.978848,2676.35736,3159.91052112,2676.35736,160.6352019118,10.04316,129.0,18622.463658556,1.7463306245
1232441120,34.96056,2676.3726,3159.91052112,2676.3726,160.6987048436,10.04316,129.0,18622.463658556,1.6873636164
1232441124,34.951416,2676.381744,3159.91052112,2676.381744,160.5807708274,10.04316,129.0,18622.463658556,1.8007617089
1232441128,34.94532,2676.390888,3159.91052112,2676.390888,160.7259203858,10.04316,130.0,18556.6876739792,1.6556121505
1232441132,34.936176,2676.396984,3159.91052112,2676.396984,160.7622077754,10.04316,130.0,18556.6876739792,1.6193247609
1232441136,34.917888,2676.415272,3159.91052112,2676.415272,160.8982854864,10.04316,130.0,18556.6876739792,1.4832470499
1232441140,34.911792,2676.424416,3159.91052112,2676.424416,161.0978661292,10.04316,130.0,18633.9089556627,1.2836664071
1232441144,34.893504,2676.439656,3159.91052112,2676.439656,161.0842583581,10.04316,130.0,18633.9089556627,1.2972741782
1232441156,34.86912,2676.46404,3159.91052112,2676.46404,160.9073573338,10.040112,129.0,18586.9556584962,1.4741752025
1232441160,34.850832,2676.482328,3159.91052112,2676.482328,160.9617884182,10.040112,129.0,18586.9556584962,1.4197441181
1232441164,34.844736,2676.491472,3159.91052112,2676.491472,160.9753961893,10.040112,129.0,18586.9556584962,1.406136347
1232441168,34.826448,2676.506712,3159.91052112,2676.506712,161.0525068922,10.040112,129.0,18603.9857090103,1.3290256441
1232441172,34.817304,2676.515856,3159.91052112,2676.515856,160.9572524945,10.040112,129.0,18603.9857090103,1.4242800418
1232441176,34.811208,2676.525,3159.91052112,2676.525,161.0207554263,10.040112,129.0,18603.9857090103,1.36077711
1232441180,34.802064,2676.531096,3159.91052112,2676.531096,161.0388991211,10.040112,129.0,18603.9857090103,1.3426334152
1232441184,34.783776,2676.549384,3159.91052112,2676.549384,161.02529135,10.040112,129.0,18575.8550992542,1.3562411863
1232441188,34.77768,2676.558528,3159.91052112,2676.558528,161.1386894425,10.040112,129.0,18575.8550992542,1.2428430938
1232441192,34.759392,2676.573768,3159.91052112,2676.573768,161.1024020529,10.040112,130.0,18566.2713866167,1.2791304834
1232441196,34.750248,2676.582912,3159.91052112,2676.582912,160.979932113,10.040112,130.0,18566.2713866167,1.4016004233
1232441200,34.744152,2676.592056,3159.91052112,2676.592056,160.9209651049,10.040112,130.0,18566.2713866167,1.4605674314
1232441204,34.735008,2676.598152,3159.91052112,2676.598152,161.0615787396,10.040112,130.0,18566.2713866167,1.3199537967
1232441208,34.71672,2676.61644,3159.91052112,2676.61644,161.1840486795,10.040112,129.0,18611.9836274704,1.2020197805
1232441212,34.710624,2676.625584,3159.91052112,2676.625584,161.0525068922,10.040112,129.0,18611.9836274704,1.3290256441
1232441216,34.692336,2676.640824,3159.91052112,2676.640824,161.0615787396,10.040112,129.0,18611.9836274704,1.3199537967
1232441220,34.683192,2676.649968,3159.91052112,2676.649968,160.9391087997,10.040112,130.0,18553.9297710619,1.4469596603
1232441224,34.677096,2676.659112,3159.91052112,2676.659112,160.889213639,10.040112,130.0,18553.9297710619,1.4923188973
1232441228,34.667952,2676.665208,3159.91052112,2676.665208,160.8937495627,10.040112,130.0,18553.9297710619,1.4877829736
1232441232,34.649664,2676.683496,3159.91052112,2676.683496,160.8393184783,10.040112,130.0,18553.9297710619,1.542214058
1232441236,34.643568,2676.69264,3159.91052112,2676.69264,161.0570428159,10.040112,129.0,18530.7633865569,1.3244897204
1232441240,34.62528,2676.70788,3159.91052112,2676.70788,161.02529135,10.040112,129.0,18530.7633865569,1.36077711
1232441244,34.616136,2676.717024,3159.91052112,2676.717024,161.1840486795,10.040112,129.0,18530.7633865569,1.1974838568
1232441248,34.61004,2676.726168,3159.91052112,2676.726168,161.1386894425,10.040112,130.0,18617.2236430132,1.2428430938
1232441252,34.600896,2676.732264,3159.91052112,2676.732264,160.9980758078,10.040112,130.0,18617.2236430132,1.3834567285
1232441256,34.585656,2676.750552,3159.91052112,2676.750552,161.2430156876,10.040112,130.0,18617.2236430132,1.1385168487
1232441260,34.576512,2676.759696,3159.91052112,2676.759696,160.8257107072,10.046208,130.0,18617.2236430132,1.5558218291
1232441264,34.558224,2676.774936,3159.91052112,2676.774936,160.9663243419,10.046208,128.0,18563.1687458348,1.4152081944
1232441288,34.491168,2676.841992,3159.91052112,2676.841992,161.1976564506,10.046208,131.0,18593.7814682164,1.1838760857
1232441292,34.485072,2676.851136,3159.91052112,2676.851136,161.1341535188,10.046208,131.0,18593.7814682164,1.2519149412
1232441296,34.475928,2676.857232,3159.91052112,2676.857232,161.0570428159,10.046208,131.0,18593.7814682164,1.3244897204
1232441300,34.466784,2676.866376,3159.91052112,2676.866376,160.9164291812,10.046208,131.0,18593.7814682164,1.4651033551
1232441304,34.451544,2676.884664,3159.91052112,2676.884664,161.1432253662,10.046208,130.0,18565.0303303039,1.2383071701
1232441308,34.4424,2676.89076,3159.91052112,2676.89076,161.0751865107,10.046208,130.0,18565.0303303039,1.3063460256
1232441312,34.424112,2676.909048,3159.91052112,2676.909048,160.9391087997,10.030968,130.0,18565.0303303039,1.4469596603
1232441316,34.418016,2676.918192,3159.91052112,2676.918192,161.0388991211,10.030968,129.0,18548.6897555191,1.3426334152
1232441320,34.408872,2676.924288,3159.91052112,2676.924288,161.0162195026,10.030968,129.0,18548.6897555191,1.3653130337
1232441324,34.399728,2676.933432,3159.91052112,2676.933432,160.9572524945,10.030968,129.0,18548.6897555191,1.4242800418
1232441328,34.384488,2676.95172,3159.91052112,2676.95172,160.7349922332,10.030968,129.0,18565.0303303039,1.6510762268
1232441332,34.375344,2676.957816,3159.91052112,2676.957816,160.9572524945,10.030968,129.0,18565.0303303039,1.4242800418
1232441336,34.357056,2676.976104,3159.91052112,2676.976104,161.0842583581,10.030968,129.0,18565.0303303039,1.2972741782
1232441340,34.35096,2676.985248,3159.91052112,2676.985248,161.0661146633,10.030968,129.0,18565.0303303039,1.315417873
1232441344,34.341816,2676.991344,3159.91052112,2676.991344,160.9527165708,10.030968,129.0,18587.5761866526,1.4288159655
1232441348,34.332672,2677.000488,3159.91052112,2677.000488,161.1386894425,10.030968,129.0,18587.5761866526,1.2428430938
1232441352,34.317432,2677.018776,3159.91052112,2677.018776,161.1296175951,10.030968,129.0,18587.5761866526,1.2519149412
1232441356,34.308288,2677.024872,3159.91052112,2677.024872,160.8846777153,10.030968,129.0,18562.5482176784,1.5013907447
1232441360,34.29,2677.04316,3159.91052112,2677.04316,161.0479709685,10.030968,129.0,18562.5482176784,1.3380974915
1232441364,34.283904,2677.052304,3159.91052112,2677.052304,160.9935398841,10.030968,129.0,18562.5482176784,1.3879926522
1232441368,34.27476,2677.0584,3159.91052112,2677.0584,161.3019826957,10.030968,129.0,18562.5482176784,1.0795498406
1232441372,34.265616,2677.067544,3159.91052112,2677.067544,161.1296175951,10.030968,130.0,18583.8530177143,1.2564508649
1232441376,34.250376,2677.085832,3159.91052112,2677.085832,161.297446772,10.030968,130.0,18583.8530177143,1.0840857643
1232441380,34.241232,2677.091928,3159.91052112,2677.091928,161.2203360691,10.030968,130.0,18583.8530177143,1.1611964672
1232441384,34.222944,2677.110216,3159.91052112,2677.110216,161.1885846032,10.030968,130.0,18549.3102836755,1.1929479331
1232441400,34.18332,2677.14984,3159.91052112,2677.14984,161.3745574749,10.030968,129.0,18546.82817105,1.0115109851
1232441404,34.174176,2677.158984,3159.91052112,2677.158984,161.569602194,10.030968,129.0,18546.82817105,0.8119303423
1232441408,34.158936,2677.177272,3159.91052112,2677.177272,161.6920721339,10.030968,130.0,18567.2366526377,0.6894604024
1232441412,34.149792,2677.186416,3159.91052112,2677.186416,161.8735090819,10.030968,130.0,18567.2366526377,0.5080234544
1232441416,34.140648,2677.192512,3159.91052112,2677.192512,161.8281498449,10.030968,130.0,18567.2366526377,0.5533826914
1232441420,34.131504,2677.201656,3159.91052112,2677.201656,161.7601109894,10.030968,130.0,18567.2366526377,0.6214215469
1232441424,34.116264,2677.219944,3159.91052112,2677.219944,161.8326857686,10.049256,130.0,18505.7354175827,0.5533826914
1232441428,34.10712,2677.22604,3159.91052112,2677.22604,161.7419672946,10.049256,130.0,18505.7354175827,0.6395652417
1232441432,34.09188,2677.244328,3159.91052112,2677.244328,161.9914430981,10.049256,130.0,18505.7354175827,0.3900894382
1232441436,34.082736,2677.250424,3159.91052112,2677.250424,162.068553801,10.049256,129.0,18495.8759146534,0.3129787353
1232441440,34.073592,2677.259568,3159.91052112,2677.259568,161.9869071744,10.049256,129.0,18495.8759146534,0.3946253619
1232441444,34.064448,2677.268712,3159.91052112,2677.268712,162.1320567328,10.049256,129.0,18495.8759146534,0.2540117272
1232441448,34.049208,2677.283952,3159.91052112,2677.283952,162.1774159698,10.049256,129.0,18495.8759146534,0.2041165665
1232441452,34.040064,2677.293096,3159.91052112,2677.293096,162.068553801,10.049256,129.0,18519.0422991585,0.3129787353
1232441456,34.024824,2677.311384,3159.91052112,2677.311384,161.9279401663,10.049256,129.0,18519.0422991585,0.45359237
1232441460,34.01568,2677.31748,3159.91052112,2677.31748,162.068553801,10.049256,129.0,18519.0422991585,0.3129787353
1232441464,34.006536,2677.326624,3159.91052112,2677.326624,161.8462935397,10.049256,129.0,18576.4756274106,0.5352389966
1232441468,33.997392,2677.335768,3159.91052112,2677.335768,161.8599013108,10.049256,129.0,18576.4756274106,0.5216312255
1232441472,33.982152,2677.351008,3159.91052112,2677.351008,161.8236139212,10.049256,129.0,18576.4756274106,0.5624545388
1232441476,33.973008,2677.360152,3159.91052112,2677.360152,161.9460838611,10.049256,129.0,18576.4756274106,0.4354486752
1232441480,33.957768,2677.37844,3159.91052112,2677.37844,161.9460838611,10.049256,129.0,18558.5492584483,0.4354486752
1232441484,33.948624,2677.384536,3159.91052112,2677.384536,161.9914430981,10.049256,129.0,18558.5492584483,0.3900894382
1232441488,33.93948,2677.39368,3159.91052112,2677.39368,161.887116853,10.049256,129.0,18558.5492584483,0.4944156833
1232441492,33.930336,2677.402824,3159.91052112,2677.402824,161.8508294634,10.049256,130.0,18500.1506641752,0.5307030729
1232441496,33.915096,2677.418064,3159.91052112,2677.418064,161.9052605478,10.049256,130.0,18500.1506641752,0.4762719885
1232441500,33.905952,2677.427208,3159.91052112,2677.427208,161.9097964715,10.049256,130.0,18500.1506641752,0.4717360648
1232441504,33.890712,2677.445496,3159.91052112,2677.445496,161.9370120137,10.049256,129.0,18510.9754331255,0.4490564463
1232441532,33.814512,2677.518648,3159.91052112,2677.518648,161.5741381177,10.040112,129.0,18507.2522641872,0.8073944186
1232441536,33.805368,2677.527792,3159.91052112,2677.527792,161.6467128969,10.040112,129.0,18507.2522641872,0.7348196394
1232441540,33.796224,2677.536936,3159.91052112,2677.536936,161.8508294634,10.040112,129.0,18507.2522641872,0.5307030729
1232441544,33.780984,2677.552176,3159.91052112,2677.552176,161.7147517524,10.040112,130.0,18507.2522641872,0.6667807839
1232441548,33.77184,2677.56132,3159.91052112,2677.56132,161.8326857686,10.040112,130.0,18507.2522641872,0.5488467677
1232441552,33.7566,2677.57656,3159.91052112,2677.57656,161.841757616,10.040112,130.0,18507.2522641872,0.5397749203
1232441556,33.747456,2677.585704,3159.91052112,2677.585704,161.8054702264,10.040112,130.0,18507.2522641872,0.5760623099
1232441560,33.738312,2677.594848,3026.96685168,2677.594848,161.8054702264,10.040112,128.0,18321.6453978551,0.5760623099
1232441564,33.732216,2677.603992,3026.96685168,2677.603992,161.8009343027,10.040112,128.0,18321.6453978551,0.5805982336
1232441568,33.713928,2677.619232,3026.96685168,2677.619232,161.524242957,10.040112,128.0,18321.6453978551,0.8572895793
1232441572,33.704784,2677.628376,3026.96685168,2677.628376,161.3972370934,10.040112,129.0,16342.643211997,0.9888313666
1232441576,33.689544,2677.643616,3026.96685168,2677.643616,161.4063089408,10.040112,129.0,16342.643211997,0.9752235955
1232441580,33.6804,2677.65276,3026.96685168,2677.65276,161.5605303466,10.040112,129.0,16342.643211997,0.8210021897
1232441584,33.671256,2677.661904,3026.96685168,2677.661904,161.5514584992,10.040112,129.0,16342.643211997,0.8300740371
1232441588,33.66516,2677.671048,3004.82219148,2677.671048,161.3927011697,10.040112,129.0,17357.3446428326,0.9888313666
1232441592,33.646872,2677.686288,3004.82219148,2677.686288,161.1250816714,10.040112,129.0,17357.3446428326,1.2609867886
1232441596,33.637728,2677.695432,3004.82219148,2677.695432,161.1795127558,10.040112,129.0,17357.3446428326,1.2020197805
1232441600,33.622488,2677.710672,3004.82219148,2677.710672,161.116009824,10.040112,130.0,17284.7428485355,1.2655227123
1232441604,33.613344,2677.719816,3004.82219148,2677.719816,161.1840486795,10.040112,130.0,17284.7428485355,1.2020197805
1232441608,33.6042,2677.72896,3004.82219148,2677.72896,161.4879555674,10.040112,130.0,17284.7428485355,0.8935769689
1232441612,33.598104,2677.738104,3004.82219148,2677.738104,161.4289885593,10.040112,130.0,17284.7428485355,0.952543977
1232441616,33.579816,2677.753344,3004.82219148,2677.753344,161.1931205269,10.040112,129.0,17994.8339021589,1.1884120094
1232441620,33.570672,2677.762488,3004.82219148,2677.762488,161.0751865107,10.040112,129.0,17994.8339021589,1.3063460256
1232441624,33.555432,2677.777728,3004.82219148,2677.777728,161.2656953061,10.040112,129.0,17355.4830583634,1.1158372302
1232441640,33.51276,2677.8204,2871.91637616,2677.8204,161.3972370934,10.040112,129.0,16364.844330481,0.9888313666
1232441644,33.503616,2677.829544,2871.91637616,2677.829544,161.3382700853,10.046208,129.0,16364.844330481,1.043262451
1232441648,33.488376,2677.844784,2871.91637616,2677.844784,161.2883749246,10.046208,129.0,16364.844330481,1.0931576117
1232441652,33.479232,2677.853928,2871.91637616,2677.853928,161.4199167119,10.046208,130.0,16862.1631740372,0.9616158244
1232441656,33.470088,2677.863072,2871.91637616,2677.863072,161.4471322541,10.046208,130.0,16862.1631740372,0.9344002822
1232441660,33.463992,2677.872216,2871.91637616,2677.872216,161.3790933986,10.046208,130.0,16862.1631740372,1.0024391377
1232441664,33.445704,2677.887456,2871.91637616,2677.887456,161.1250816714,10.046208,130.0,16862.1631740372,1.2564508649
1232441668,33.43656,2677.8966,2982.67753128,2677.8966,161.2112642217,10.046208,129.0,16607.05715419,1.1748042383
1232441672,33.42132,2677.91184,2982.67753128,2677.91184,161.2702312298,10.046208,129.0,16607.05715419,1.1113013065
1232441676,33.412176,2677.920984,2982.67753128,2677.920984,161.4153807882,10.046208,129.0,16607.05715419,0.9661517481
1232441680,33.403032,2677.930128,2982.67753128,2677.930128,161.4425963304,10.046208,130.0,17786.3364416135,0.9389362059
1232441684,33.396936,2677.939272,2982.67753128,2677.939272,161.47888372,10.046208,130.0,17786.3364416135,0.9026488163
1232441688,33.378648,2677.954512,2982.67753128,2677.954512,161.5922818125,10.046208,130.0,17786.3364416135,0.7892507238
1232441692,33.369504,2677.963656,2982.67753128,2677.963656,161.5741381177,10.046208,130.0,17786.3364416135,0.8073944186
1232441696,33.354264,2677.978896,2871.91637616,2677.978896,161.2702312298,10.049256,130.0,16506.3247501368,1.1113013065
1232441700,33.34512,2677.98804,2871.91637616,2677.98804,161.1250816714,10.049256,130.0,16506.3247501368,1.2564508649
1232441704,33.339024,2677.997184,2871.91637616,2677.997184,161.1659049847,10.049256,130.0,16506.3247501368,1.2156275516
1232441708,33.32988,2678.00328,2871.91637616,2678.00328,161.5060992622,10.049256,129.0,16726.6122456535,0.8754332741
1232441712,33.311592,2678.021568,2871.91637616,2678.021568,161.5015633385,10.049256,129.0,16726.6122456535,0.8799691978
1232441716,33.305496,2678.030712,2871.91637616,2678.030712,161.3745574749,10.049256,129.0,16726.6122456535,1.0069750614
1232441720,33.287208,2678.045952,3004.82219148,2678.045952,161.1976564506,10.049256,130.0,16690.759507729,1.1838760857
1232441724,33.278064,2678.055096,3004.82219148,2678.055096,161.1795127558,10.049256,130.0,16690.759507729,1.2020197805
1232441728,33.271968,2678.06424,3004.82219148,2678.06424,161.1840486795,10.049256,130.0,16690.759507729,1.1974838568
1232441732,33.262824,2678.073384,3004.82219148,2678.073384,161.161369061,10.049256,130.0,16690.759507729,1.2201634753
1232441736,33.244536,2678.088624,3004.82219148,2678.088624,161.47888372,10.049256,129.0,17916.7163020273,0.9026488163
1232441740,33.23844,2678.097768,3004.82219148,2678.097768,161.5968177362,10.049256,129.0,17916.7163020273,0.7847148001
1232441744,33.220152,2678.113008,3004.82219148,2678.113008,161.5514584992,10.049256,129.0,17916.7163020273,0.8300740371
1232441776,33.137856,2678.198352,3049.149366,2678.198352,161.0026117315,10.030968,129.0,16294.7935963824,1.3789208048
1232441780,33.128712,2678.204448,3049.149366,2678.204448,161.02529135,10.030968,129.0,16294.7935963824,1.3562411863
1232441784,33.110424,2678.222736,3049.149366,2678.222736,160.8211747835,10.030968,129.0,16294.7935963824,1.5648936765
1232441788,33.104328,2678.23188,3049.149366,2678.23188,160.7848873939,10.030968,129.0,17910.5110204635,1.5966451424
1232441792,33.08604,2678.24712,3049.149366,2678.24712,160.7123126147,10.030968,129.0,17910.5110204635,1.6692199216
1232441796,33.076896,2678.256264,3049.149366,2678.256264,161.0343631974,10.030968,129.0,17910.5110204635,1.3471693389
1232441800,33.0708,2678.265408,3049.149366,2678.265408,160.979932113,10.030968,129.0,17910.5110204635,1.406136347
1232441804,33.061656,2678.271504,3159.91052112,2678.271504,161.0207554263,10.030968,129.0,18303.4432386011,1.36077711
1232441808,33.043368,2678.289792,3159.91052112,2678.289792,161.1477612899,10.030968,129.0,18303.4432386011,1.2337712464
1232441812,33.037272,2678.298936,3159.91052112,2678.298936,161.388165246,10.030968,129.0,18303.4432386011,0.9933672903
1232441816,33.018984,2678.314176,3159.91052112,2678.314176,161.4607400252,10.030968,131.0,18480.7074486085,0.9207925111
1232441820,33.00984,2678.32332,3159.91052112,2678.32332,161.2793030772,10.030968,131.0,18480.7074486085,1.1022294591
1232441824,33.003744,2678.332464,3159.91052112,2678.332464,161.3927011697,10.030968,131.0,18480.7074486085,0.9933672903
1232441828,32.9946,2678.33856,3159.91052112,2678.33856,161.5060992622,10.030968,131.0,18480.7074486085,0.8754332741
1232441832,32.976312,2678.356848,3159.91052112,2678.356848,161.5287788807,10.030968,129.0,18430.9962485247,0.8527536556
1232441836,32.970216,2678.365992,3159.91052112,2678.365992,161.4970274148,10.030968,129.0,18430.9962485247,0.8845051215
1232441840,32.951928,2678.381232,3159.91052112,2678.381232,161.6739284391,10.030968,130.0,18435.9604737758,0.7076040972
1232441844,32.942784,2678.390376,3159.91052112,2678.390376,161.6830002865,10.030968,130.0,18435.9604737758,0.6985322498
1232441848,32.936688,2678.39952,3159.91052112,2678.39952,161.7555750657,10.030968,130.0,18435.9604737758,0.6259574706
1232441852,32.927544,2678.405616,3159.91052112,2678.405616,161.7465032183,10.030968,130.0,18559.5145244694,0.635029318
1232441856,32.909256,2678.423904,3159.91052112,2678.423904,161.6331051258,10.030968,130.0,18559.5145244694,0.7484274105
1232441860,32.90316,2678.433048,3159.91052112,2678.433048,161.5832099651,10.049256,130.0,18559.5145244694,0.7983225712
1232441864,32.884872,2678.448288,3159.91052112,2678.448288,161.6784643628,10.049256,130.0,18425.4114951173,0.7030681735
1232441880,32.8422,2678.49096,3159.91052112,2678.49096,161.6966080576,10.049256,130.0,18469.2621515018,0.6849244787
1232441884,32.836104,2678.500104,3159.91052112,2678.500104,161.6830002865,10.049256,130.0,18469.2621515018,0.6985322498
1232441888,32.817816,2678.515344,3159.91052112,2678.515344,161.8508294634,10.049256,130.0,18469.2621515018,0.5307030729
1232441892,32.81172,2678.524488,3159.91052112,2678.524488,161.7782546842,10.049256,130.0,18520.9038836276,0.6032778521
1232441896,32.802576,2678.530584,3159.91052112,2678.530584,161.796398379,10.049256,130.0,18520.9038836276,0.5851341573
1232441900,32.793432,2678.539728,3159.91052112,2678.539728,161.7646469131,10.049256,130.0,18520.9038836276,0.6168856232
1232441904,32.778192,2678.558016,3159.91052112,2678.558016,161.7465032183,10.049256,130.0,18520.559145763,0.635029318
1232441908,32.769048,2678.56716,3159.91052112,2678.56716,161.7011439813,10.049256,130.0,18520.559145763,0.680388555
1232441912,32.75076,2678.5824,3159.91052112,2678.5824,161.9188683189,10.049256,130.0,18520.559145763,0.4626642174
1232441916,32.744664,2678.591544,3159.91052112,2678.591544,161.8961887004,10.049256,130.0,18520.559145763,0.4853438359
1232441920,32.73552,2678.59764,3159.91052112,2678.59764,161.7465032183,10.049256,129.0,18429.4794019202,0.635029318
1232441924,32.726376,2678.606784,3159.91052112,2678.606784,161.6648565917,10.049256,129.0,18429.4794019202,0.7166759446
1232441928,32.711136,2678.625072,3159.91052112,2678.625072,161.8372216923,10.049256,129.0,18429.4794019202,0.544310844
1232441932,32.701992,2678.634216,3159.91052112,2678.634216,161.7328954472,10.049256,130.0,18511.5959612819,0.6486370891
1232441936,32.683704,2678.649456,3159.91052112,2678.649456,161.7601109894,10.049256,130.0,18511.5959612819,0.6214215469
1232441940,32.677608,2678.6586,3159.91052112,2678.6586,161.8281498449,10.049256,130.0,18511.5959612819,0.5533826914
1232441944,32.668464,2678.664696,3159.91052112,2678.664696,161.751039142,10.049256,130.0,18511.5959612819,0.6304933943
1232441948,32.65932,2678.67384,3159.91052112,2678.67384,161.9097964715,10.049256,130.0,18510.0791146774,0.4717360648
1232441952,32.64408,2678.692128,3159.91052112,2678.692128,161.7555750657,10.049256,130.0,18510.0791146774,0.6259574706
1232441956,32.634936,2678.698224,3159.91052112,2678.698224,161.8644372345,10.049256,130.0,18510.0791146774,0.5170953018
1232441960,32.616648,2678.716512,3159.91052112,2678.716512,161.5832099651,10.049256,129.0,18478.5700738476,0.7983225712
1232441964,32.610552,2678.725656,3159.91052112,2678.725656,161.5287788807,10.049256,129.0,18478.5700738476,0.8527536556
1232441968,32.601408,2678.731752,3159.91052112,2678.731752,161.6376410495,10.049256,129.0,18478.5700738476,0.7438914868
1232441972,32.592264,2678.740896,3159.91052112,2678.740896,161.6240332784,10.040112,129.0,18478.5700738476,0.7574992579
1232441976,32.577024,2678.759184,3159.91052112,2678.759184,161.6331051258,10.040112,130.0,18551.4476584364,0.7484274105
1232441980,32.56788,2678.76528,3159.91052112,2678.76528,161.524242957,10.040112,130.0,18551.4476584364,0.8572895793
1232441984,32.549592,2678.783568,3159.91052112,2678.783568,161.5877458888,10.040112,129.0,18465.6079301364,0.7937866475
1232442012,32.47644,2678.859768,3159.91052112,2678.859768,161.4199167119,10.040112,129.0,18542.8292118199,0.9616158244
1232442016,32.467296,2678.865864,3159.91052112,2678.865864,161.6194973547,10.040112,129.0,18542.8292118199,0.7620351816
1232442020,32.458152,2678.875008,3159.91052112,2678.875008,161.5423866518,10.040112,129.0,18542.8292118199,0.8436818082
1232442024,32.442912,2678.893296,3159.91052112,2678.893296,161.6376410495,10.049256,129.0,18542.8292118199,0.7438914868
1232442028,32.433768,2678.899392,3159.91052112,2678.899392,161.5333148044,10.049256,129.0,18507.8727923436,0.8482177319
1232442032,32.41548,2678.91768,3159.91052112,2678.91768,161.6512488206,10.049256,129.0,18507.8727923436,0.7302837157
1232442036,32.409384,2678.926824,3159.91052112,2678.926824,161.6693925154,10.049256,129.0,18507.8727923436,0.7166759446
1232442040,32.40024,2678.93292,3159.91052112,2678.93292,161.6421769732,10.049256,130.0,18570.6150837114,0.7438914868
1232442044,32.391096,2678.942064,3159.91052112,2678.942064,161.5559944229,10.049256,130.0,18570.6150837114,0.8255381134
1232442048,32.375856,2678.960352,3159.91052112,2678.960352,161.751039142,10.049256,130.0,18570.6150837114,0.6304933943
1232442052,32.366712,2678.966448,3159.91052112,2678.966448,161.4652759489,10.049256,130.0,18570.6150837114,0.9207925111
1232442056,32.351472,2678.984736,3159.91052112,2678.984736,161.3927011697,10.049256,130.0,18506.0801554473,0.9888313666
1232442060,32.342328,2678.990832,3159.91052112,2678.990832,161.342806009,10.049256,130.0,18506.0801554473,1.0387265273
1232442064,32.333184,2678.999976,3159.91052112,2678.999976,161.4924914911,10.049256,130.0,18506.0801554473,0.8890410452
1232442068,32.32404,2679.00912,3159.91052112,2679.00912,161.433524483,10.049256,130.0,18617.5683808779,0.9480080533
1232442072,32.3088,2679.02436,3159.91052112,2679.02436,161.4562041015,10.049256,130.0,18617.5683808779,0.9253284348
1232442076,32.299656,2679.033504,3159.91052112,2679.033504,161.4425963304,10.049256,130.0,18617.5683808779,0.9389362059
1232442080,32.284416,2679.051792,3159.91052112,2679.051792,161.4607400252,10.040112,130.0,18548.6897555191,0.9207925111
1232442084,32.275272,2679.057888,3159.91052112,2679.057888,161.6739284391,10.040112,130.0,18548.6897555191,0.7076040972
1232442088,32.266128,2679.067032,3159.91052112,2679.067032,161.5151711096,10.040112,130.0,18548.6897555191,0.8708973504
1232442092,32.256984,2679.076176,3159.91052112,2679.076176,161.4607400252,10.040112,130.0,18548.6897555191,0.9207925111
1232442096,32.241744,2679.091416,3159.91052112,2679.091416,161.4063089408,10.040112,130.0,18539.1060428816,0.9752235955
1232442100,32.2326,2679.10056,3159.91052112,2679.10056,161.4924914911,10.040112,130.0,18539.1060428816,0.8890410452
1232442104,32.21736,2679.118848,3159.91052112,2679.118848,161.4516681778,10.040112,130.0,18539.1060428816,0.9298643585
1232442120,32.174688,2679.158472,3159.91052112,2679.158472,161.4834196437,10.040112,130.0,18470.8479456792,0.8981128926
1232442124,32.165544,2679.167616,3159.91052112,2679.167616,161.4879555674,10.040112,130.0,18470.8479456792,0.8935769689
1232442128,32.150304,2679.185904,3159.91052112,2679.185904,161.2158001454,10.040112,130.0,18470.8479456792,1.1657323909
1232442132,32.14116,2679.192,3159.91052112,2679.192,161.4017730171,10.049256,130.0,18470.8479456792,0.9797595192
1232442136,32.132016,2679.201144,3159.91052112,2679.201144,161.3836293223,10.049256,130.0,18528.9018020877,0.997903214
1232442140,32.122872,2679.210288,3159.91052112,2679.210288,161.4063089408,10.049256,130.0,18528.9018020877,0.9752235955
1232442144,32.107632,2679.225528,3159.91052112,2679.225528,161.5060992622,10.049256,130.0,18528.9018020877,0.8754332741
1232442148,32.098488,2679.234672,3159.91052112,2679.234672,161.3654856275,10.049256,129.0,18545.8629050289,1.0160469088
1232442152,32.083248,2679.25296,3159.91052112,2679.25296,161.3609497038,10.049256,129.0,18545.8629050289,1.0205828325
1232442156,32.074104,2679.259056,3159.91052112,2679.259056,161.2883749246,10.049256,129.0,18545.8629050289,1.0931576117
1232442160,32.06496,2679.2682,3159.91052112,2679.2682,161.3291982379,10.049256,129.0,18545.8629050289,1.0568702221
1232442164,32.055816,2679.277344,3159.91052112,2679.277344,161.3246623142,10.049256,129.0,18492.4285360069,1.0568702221
1232442168,32.040576,2679.292584,3159.91052112,2679.292584,161.4199167119,10.049256,129.0,18492.4285360069,0.9616158244
1232442172,32.031432,2679.301728,3159.91052112,2679.301728,161.5106351859,10.049256,129.0,18492.4285360069,0.8754332741
1232442176,32.016192,2679.320016,3159.91052112,2679.320016,161.4199167119,10.049256,130.0,18557.928730292,0.9616158244
1232442180,32.007048,2679.326112,3159.91052112,2679.326112,161.4244526356,10.049256,130.0,18557.928730292,0.9570799007
1232442184,31.997904,2679.335256,3159.91052112,2679.335256,161.3836293223,10.049256,130.0,18557.928730292,1.0024391377
1232442188,31.98876,2679.3444,3159.91052112,2679.3444,161.4153807882,10.049256,130.0,18557.928730292,0.9661517481
1232442192,31.97352,2679.35964,3159.91052112,2679.35964,161.3790933986,10.067544,130.0,18527.3849554832,1.0024391377
1232442196,31.964376,2679.368784,3159.91052112,2679.368784,161.3790933986,10.067544,130.0,18527.3849554832,1.0024391377
1232442200,31.949136,2679.387072,3159.91052112,2679.387072,161.3609497038,10.067544,130.0,18529.2465399524,1.0251187562
1232442204,31.939992,2679.393168,3159.91052112,2679.393168,161.3019826957,10.067544,130.0,18529.2465399524,1.0795498406
1232442208,31.930848,2679.402312,3159.91052112,2679.402312,161.3654856275,10.067544,130.0,18529.2465399524,1.0160469088
1232442212,31.921704,2679.411456,3159.91052112,2679.411456,161.1931205269,10.067544,130.0,18529.2465399524,1.1884120094
1232442216,31.906464,2679.426696,3159.91052112,2679.426696,161.2566234587,10.067544,130.0,18513.457545751,1.1249090776
1232442220,31.89732,2679.43584,3159.91052112,2679.43584,161.388165246,10.067544,130.0,18513.457545751,0.9933672903
1232442224,31.88208,2679.454128,3159.91052112,2679.454128,161.4108448645,10.067544,130.0,18513.457545751,0.9706876718
1232442228,31.872936,2679.460224,3159.91052112,2679.460224,161.1522972136,10.067544,128.0,18526.4196894622,1.2292353227
1232442256,31.796736,2679.536424,3159.91052112,2679.536424,161.4017730171,10.04316,130.0,18573.3729866287,0.9797595192
1232442260,31.787592,2679.545568,3159.91052112,2679.545568,161.3201263905,10.04316,130.0,18573.3729866287,1.0614061458
1232442264,31.772352,2679.560808,3159.91052112,2679.560808,161.2838390009,10.04316,130.0,18573.3729866287,1.0976935354
1232442268,31.763208,2679.569952,3159.91052112,2679.569952,161.1522972136,10.04316,130.0,18573.3729866287,1.2292353227
1232442272,31.747968,2679.585192,3159.91052112,2679.585192,161.4063089408,10.04316,128.0,18565.995596325,0.9797595192
1232442276,31.738824,2679.594336,3159.91052112,2679.594336,161.5469225755,10.04316,128.0,18565.995596325,0.8346099608
1232442280,31.72968,2679.60348,3159.91052112,2679.60348,161.3201263905,10.04316,128.0,18565.995596325,1.0614061458
1232442284,31.720536,2679.612624,3159.91052112,2679.612624,161.342806009,10.04316,129.0,18562.5482176784,1.0387265273
1232442288,31.705296,2679.627864,3159.91052112,2679.627864,161.5106351859,10.04316,129.0,18562.5482176784,0.8754332741
1232442292,31.726632,2679.637008,3159.91052112,2679.637008,161.3019826957,10.04316,129.0,18562.5482176784,1.0795498406
1232442296,31.708344,2679.652248,3159.91052112,2679.652248,161.0525068922,10.030968,130.0,18642.2516119874,1.3290256441
1232442300,31.6992,2679.661392,3159.91052112,2679.661392,161.2430156876,10.030968,130.0,18642.2516119874,1.1385168487
1232442304,31.693104,2679.670536,3159.91052112,2679.670536,161.3564137801,10.030968,130.0,18642.2516119874,1.0251187562
1232442308,31.68396,2679.67968,3159.91052112,2679.67968,161.342806009,10.030968,130.0,18642.2516119874,1.0387265273
1232442312,31.66872,2679.69492,3159.91052112,2679.69492,161.2793030772,10.030968,129.0,18583.8530177143,1.1022294591
1232442316,31.659576,2679.704064,3159.91052112,2679.704064,161.3700215512,10.030968,129.0,18583.8530177143,1.0115109851
1232442320,31.641288,2679.719304,3159.91052112,2679.719304,161.3654856275,10.030968,129.0,18583.8530177143,1.0205828325
1232442324,31.635192,2679.728448,3159.91052112,2679.728448,161.4652759489,10.030968,129.0,18533.2454991824,0.9162565874
1232442328,31.626048,2679.737592,3159.91052112,2679.737592,161.206728298,10.030968,129.0,18533.2454991824,1.1748042383
1232442332,31.616904,2679.746736,3159.91052112,2679.746736,161.1704409084,10.030968,129.0,18533.2454991824,1.2110916279
1232442336,31.598616,2679.761976,3159.91052112,2679.761976,161.2566234587,10.030968,129.0,18582.060380818,1.1249090776
1232442340,31.59252,2679.77112,3159.91052112,2679.77112,161.2702312298,10.030968,129.0,18582.060380818,1.1113013065
1232442344,31.574232,2679.78636,3159.91052112,2679.78636,161.4199167119,10.030968,129.0,18582.060380818,0.9616158244
1232442348,31.568136,2679.795504,3159.91052112,2679.795504,161.2747671535,10.030968,129.0,18582.060380818,1.1067653828
1232442364,31.525464,2679.838176,3159.91052112,2679.838176,161.2747671535,10.037064,130.0,18561.0313710739,1.1067653828
1232442368,31.507176,2679.853416,3159.91052112,2679.853416,161.0388991211,10.037064,130.0,18561.0313710739,1.3426334152
1232442372,31.50108,2679.86256,3159.91052112,2679.86256,160.9617884182,10.037064,130.0,18561.0313710739,1.4197441181
1232442376,31.491936,2679.871704,3159.91052112,2679.871704,161.3518778564,10.037064,130.0,18561.0313710739,1.0296546799
1232442380,31.482792,2679.880848,3159.91052112,2679.880848,161.5151711096,10.037064,129.0,18533.2454991824,0.8663614267
1232442384,31.467552,2679.896088,3159.91052112,2679.896088,161.1296175951,10.037064,129.0,18533.2454991824,1.2519149412
1232442388,31.458408,2679.905232,3159.91052112,2679.905232,161.0887942818,10.037064,129.0,18533.2454991824,1.2927382545
1232442392,31.44012,2679.920472,3159.91052112,2679.920472,160.9753961893,10.037064,130.0,18511.3201709901,1.406136347
1232442396,31.434024,2679.929616,3159.91052112,2679.929616,161.1069379766,10.037064,130.0,18511.3201709901,1.2745945597
1232442400,31.42488,2679.93876,3159.91052112,2679.93876,160.9164291812,10.037064,130.0,18511.3201709901,1.4651033551
1232442404,31.415736,2679.947904,3159.91052112,2679.947904,161.0525068922,10.037064,130.0,18511.3201709901,1.3290256441
1232442408,31.400496,2679.963144,3159.91052112,2679.963144,160.9980758078,10.049256,129.0,18560.1350526258,1.3834567285
1232442412,31.391352,2679.972288,3159.91052112,2679.972288,160.9481806471,10.049256,129.0,18560.1350526258,1.4333518892
1232442416,31.373064,2679.987528,3159.91052112,2679.987528,161.0661146633,10.049256,130.0,18536.3481399643,1.315417873
1232442420,31.366968,2679.996672,3159.91052112,2679.996672,161.1976564506,10.049256,130.0,18536.3481399643,1.1838760857
1232442424,31.357824,2680.005816,3159.91052112,2680.005816,161.2566234587,10.049256,130.0,18536.3481399643,1.1249090776
1232442428,31.34868,2680.01496,3159.91052112,2680.01496,161.2883749246,10.049256,130.0,18536.3481399643,1.0976935354
1232442432,31.33344,2680.0302,3159.91052112,2680.0302,161.3337341616,10.049256,129.0,18515.0433399285,1.0477983747
1232442436,31.324296,2680.039344,3159.91052112,2680.039344,161.2747671535,10.049256,129.0,18515.0433399285,1.1067653828
1232442440,31.306008,2680.054584,3159.91052112,2680.054584,161.3473419327,10.049256,129.0,18515.0433399285,1.0387265273
1232442444,31.299912,2680.063728,3159.91052112,2680.063728,161.3564137801,10.049256,130.0,18565.3750681686,1.0251187562
1232442448,31.290768,2680.072872,3159.91052112,2680.072872,161.4970274148,10.049256,130.0,18565.3750681686,0.8845051215
1232442452,31.281624,2680.082016,3159.91052112,2680.082016,161.524242957,10.049256,130.0,18565.3750681686,0.8572895793
1232442456,31.266384,2680.097256,3159.91052112,2680.097256,161.5650662703,10.049256,130.0,18565.3750681686,0.816466266
1232442460,31.25724,2680.1064,3159.91052112,2680.1064,161.5922818125,10.049256,130.0,18572.7524584723,0.7892507238
1232442464,31.238952,2680.12164,3159.91052112,2680.12164,161.4652759489,10.049256,130.0,18572.7524584723,0.9162565874
1232442468,31.232856,2680.130784,3159.91052112,2680.130784,161.5786740414,10.049256,130.0,18572.7524584723,0.8028584949
1232442472,31.223712,2680.139928,3159.91052112,2680.139928,161.4017730171,10.049256,130.0,18579.5782681925,0.9797595192
1232442476,31.214568,2680.149072,3159.91052112,2680.149072,161.4607400252,10.049256,130.0,18579.5782681925,0.9207925111
1232442480,31.199328,2680.164312,3159.91052112,2680.164312,161.6013536599,10.049256,130.0,18579.5782681925,0.7801788764
1232442484,31.190184,2680.173456,3159.91052112,2680.173456,161.7328954472,10.049256,130.0,18579.5782681925,0.6486370891
1232442488,31.171896,2680.188696,3159.91052112,2680.188696,161.524242957,10.049256,129.0,18656.1790217196,0.8572895793
1232442492,31.1658,2680.19784,3159.91052112,2680.19784,161.5741381177,10.049256,129.0,18656.1790217196,0.8073944186
1232442496,31.156656,2680.206984,3159.91052112,2680.206984,161.6240332784,10.049256,129.0,18656.1790217196,0.7620351816
1232442500,31.147512,2680.21308,3159.91052112,2680.21308,161.5197070333,10.049256,130.0,18528.0054836396,0.861825503
1232442504,31.132272,2680.231368,3159.91052112,2680.231368,161.4017730171,10.049256,130.0,18528.0054836396,0.9797595192
1232442508,31.123128,2680.240512,3159.91052112,2680.240512,161.7147517524,10.049256,130.0,18528.0054836396,0.6667807839
1232442512,31.10484,2680.255752,3159.91052112,2680.255752,161.7238235998,10.049256,129.0,18636.3910682882,0.6577089365
1232442516,31.098744,2680.264896,3159.91052112,2680.264896,161.5786740414,10.049256,129.0,18636.3910682882,0.8028584949
1232442520,31.0896,2680.27404,3159.91052112,2680.27404,161.6966080576,10.049256,129.0,18636.3910682882,0.6849244787
1232442524,31.080456,2680.283184,3159.91052112,2680.283184,161.6920721339,10.049256,129.0,18636.3910682882,0.6894604024
1232442528,31.065216,2680.298424,3159.91052112,2680.298424,161.7873265316,10.049256,129.0,18554.82608951,0.5942060047
1232442532,31.056072,2680.307568,3159.91052112,2680.307568,161.6693925154,10.049256,129.0,18554.82608951,0.7121400209
1232442536,31.037784,2680.322808,3159.91052112,2680.322808,161.7555750657,10.049256,129.0,18554.82608951,0.6259574706
1232442540,31.031688,2680.331952,3159.91052112,2680.331952,161.8916527767,10.049256,129.0,18620.0504935034,0.4898797596
1232442544,31.022544,2680.341096,3159.91052112,2680.341096,161.7782546842,10.049256,129.0,18620.0504935034,0.6032778521
1232442548,31.0134,2680.347192,3159.91052112,2680.347192,161.8054702264,10.049256,129.0,18620.0504935034,0.5760623099
1232442552,30.99816,2680.36548,3159.91052112,2680.36548,161.8508294634,10.049256,130.0,18571.8561400242,0.5307030729
1232442556,30.989016,2680.374624,3159.91052112,2680.374624,161.8190779975,10.049256,130.0,18571.8561400242,0.5624545388
1232442560,30.973776,2680.389864,3159.91052112,2680.389864,161.7283595235,10.049256,130.0,18571.8561400242,0.6531730128
1232442564,30.964632,2680.399008,3159.91052112,2680.399008,161.705679905,10.049256,130.0,18571.8561400242,0.6758526313
1232442568,30.955488,2680.408152,3159.91052112,2680.408152,161.7328954472,10.049256,130.0,18558.2734681566,0.6486370891
1232442572,30.946344,2680.414248,3159.91052112,2680.414248,161.6013536599,10.049256,130.0,18558.2734681566,0.7801788764
1232442576,30.931104,2680.432536,3159.91052112,2680.432536,161.6104255073,10.049256,130.0,18674.3811809736,0.771107029
1232442580,30.92196,2680.44168,3159.91052112,2680.44168,161.6648565917,10.049256,130.0,18674.3811809736,0.7166759446
1232442584,30.903672,2680.45692,3159.91052112,2680.45692,161.7147517524,10.049256,130.0,18674.3811809736,0.6667807839
1232442588,30.897576,2680.466064,3159.91052112,2680.466064,161.705679905,10.049256,129.0,18608.6051963967,0.6758526313
1232442604,30.854904,2680.508736,3159.91052112,2680.508736,161.4562041015,10.049256,130.0,18615.3620585441,0.9253284348
1232442608,30.839664,2680.523976,3159.91052112,2680.523976,161.4153807882,10.049256,130.0,18615.3620585441,0.9661517481
1232442612,30.83052,2680.53312,3159.91052112,2680.53312,161.4970274148,10.049256,130.0,18615.3620585441,0.8845051215
1232442616,30.821376,2680.542264,3159.91052112,2680.542264,161.2203360691,10.049256,129.0,18593.7814682164,1.1611964672
1232442620,30.812232,2680.54836,3159.91052112,2680.54836,161.3745574749,10.049256,129.0,18593.7814682164,1.0069750614
1232442624,30.796992,2680.566648,3159.91052112,2680.566648,161.1749768321,10.049256,129.0,18593.7814682164,1.2065557042
1232442628,30.787848,2680.575792,3159.91052112,2680.575792,161.3564137801,10.049256,129.0,18593.7814682164,1.0251187562
1232442632,30.772608,2680.591032,3159.91052112,2680.591032,161.1341535188,10.049256,130.0,18629.0136779845,1.2519149412
1232442636,30.763464,2680.600176,3159.91052112,2680.600176,161.1704409084,10.049256,130.0,18629.0136779845,1.2156275516
1232442640,30.75432,2680.60932,3159.91052112,2680.60932,161.2021923743,10.049256,130.0,18629.0136779845,1.179340162
1232442644,30.745176,2680.615416,3159.91052112,2680.615416,161.3201263905,10.049256,130.0,18604.8820274584,1.0614061458
1232442648,30.729936,2680.633704,3159.91052112,2680.633704,161.2112642217,10.049256,130.0,18604.8820274584,1.1702683146
1232442652,30.720792,2680.642848,3159.91052112,2680.642848,161.3065186194,10.049256,130.0,18604.8820274584,1.0750139169
1232442656,30.705552,2680.658088,3159.91052112,2680.658088,161.3654856275,10.049256,130.0,18561.0313710739,1.0160469088
1232442660,30.696408,2680.667232,3159.91052112,2680.667232,161.4289885593,10.049256,130.0,18561.0313710739,0.952543977
1232442664,30.687264,2680.676376,3159.91052112,2680.676376,161.3790933986,10.049256,130.0,18561.0313710739,1.0024391377
1232442668,30.67812,2680.682472,3159.91052112,2680.682472,161.4108448645,10.049256,130.0,18561.0313710739,0.9706876718
1232442672,30.66288,2680.70076,3159.91052112,2680.70076,161.3700215512,10.049256,129.0,18610.4667808659,1.0115109851
1232442676,30.653736,2680.709904,3159.91052112,2680.709904,161.3927011697,10.049256,129.0,18610.4667808659,0.9933672903
1232442680,30.638496,2680.725144,3159.91052112,2680.725144,161.614961431,10.046208,129.0,18610.4667808659,0.7665711053
1232442684,30.629352,2680.734288,3159.91052112,2680.734288,161.4652759489,10.046208,130.0,18587.5761866526,0.9162565874
1232442688,30.620208,2680.743432,3159.91052112,2680.743432,161.6376410495,10.046208,130.0,18587.5761866526,0.7438914868
1232442692,30.611064,2680.749528,3159.91052112,2680.749528,161.6421769732,10.046208,130.0,18587.5761866526,0.7393555631
1232442696,30.595824,2680.767816,3159.91052112,2680.767816,161.6739284391,10.046208,129.0,18593.4367303518,0.7076040972
1232442700,30.58668,2680.77696,3159.91052112,2680.77696,161.5559944229,10.046208,129.0,18593.4367303518,0.8255381134
1232442704,30.57144,2680.7922,3159.91052112,2680.7922,161.6693925154,10.046208,129.0,18593.4367303518,0.7121400209
1232442708,30.562296,2680.801344,3159.91052112,2680.801344,161.6920721339,10.046208,129.0,18593.4367303518,0.6894604024
1232442740,30.476952,2680.88364,3159.91052112,2680.88364,161.5378507281,10.04316,129.0,18583.5772274225,0.8436818082
1232442744,30.461712,2680.901928,3159.91052112,2680.901928,161.6739284391,10.04316,129.0,18583.5772274225,0.7121400209
1232442748,30.452568,2680.911072,3159.91052112,2680.911072,161.660320668,10.04316,129.0,18583.5772274225,0.7212118683
1232442752,30.437328,2680.926312,3159.91052112,2680.926312,161.6104255073,10.04316,130.0,18611.0873090223,0.771107029
1232442756,30.428184,2680.935456,3159.91052112,2680.935456,161.6376410495,10.04316,130.0,18611.0873090223,0.7438914868
1232442760,30.41904,2680.941552,3159.91052112,2680.941552,161.7328954472,10.04316,130.0,18611.0873090223,0.6531730128
1232442764,30.409896,2680.950696,3159.91052112,2680.950696,161.5559944229,10.04316,130.0,18611.0873090223,0.8255381134
1232442768,30.394656,2680.968984,3159.91052112,2680.968984,161.6512488206,10.04316,130.0,18631.1510527454,0.7302837157
1232442772,30.385512,2680.97508,3159.91052112,2680.97508,161.4607400252,10.04316,130.0,18631.1510527454,0.9207925111
1232442776,30.370272,2680.993368,3159.91052112,2680.993368,161.3972370934,10.04316,130.0,18589.16198083,0.9842954429
1232442780,30.361128,2681.002512,3159.91052112,2681.002512,161.5605303466,10.04316,130.0,18589.16198083,0.8210021897
1232442784,30.351984,2681.008608,3159.91052112,2681.008608,161.3972370934,10.04316,130.0,18589.16198083,0.9842954429
1232442788,30.34284,2681.017752,3159.91052112,2681.017752,161.5650662703,10.04316,130.0,18589.16198083,0.816466266
1232442792,30.3276,2681.03604,3159.91052112,2681.03604,161.524242957,10.04316,129.0,18567.8571807941,0.8572895793
1232442796,30.318456,2681.045184,3159.91052112,2681.045184,161.5559944229,10.04316,129.0,18567.8571807941,0.8255381134
1232442800,30.303216,2681.060424,3159.91052112,2681.060424,161.3291982379,10.04316,129.0,18567.8571807941,1.0523342984
1232442804,30.294072,2681.069568,3159.91052112,2681.069568,161.5060992622,10.04316,129.0,18591.9198837473,0.8754332741
1232442808,30.284928,2681.075664,3159.91052112,2681.075664,161.4244526356,10.04316,129.0,18591.9198837473,0.9570799007
1232442812,30.278832,2681.084808,3159.91052112,2681.084808,161.3609497038,10.04316,129.0,18591.9198837473,1.0205828325
1232442816,30.260544,2681.103096,3159.91052112,2681.103096,161.4562041015,10.04316,129.0,18591.9198837473,0.9253284348
1232442820,30.2514,2681.109192,3159.91052112,2681.109192,161.4516681778,10.04316,129.0,18616.6031148568,0.9298643585
1232442824,30.23616,2681.12748,3159.91052112,2681.12748,161.5151711096,10.04316,129.0,18616.6031148568,0.8663614267
1232442828,30.227016,2681.136624,3159.91052112,2681.136624,161.5151711096,10.04316,129.0,18616.6031148568,0.8708973504
1232442848,30.169104,2681.194536,3159.91052112,2681.194536,161.6240332784,10.04316,130.0,18683.3443654547,0.7574992579
1232442852,30.15996,2681.20368,3159.91052112,2681.20368,161.6784643628,10.04316,130.0,18683.3443654547,0.7076040972
1232442856,30.150816,2681.209776,3159.91052112,2681.209776,161.6739284391,10.04316,130.0,18683.3443654547,0.7076040972
1232442860,30.14472,2681.21892,3159.91052112,2681.21892,161.7238235998,10.04316,130.0,18665.1422062007,0.6622448602
1232442864,30.126432,2681.237208,3159.91052112,2681.237208,161.5060992622,10.04316,130.0,18665.1422062007,0.8754332741
1232442868,30.117288,2681.243304,3159.91052112,2681.243304,161.4199167119,10.04316,130.0,18665.1422062007,0.9616158244
1232442872,30.102048,2681.261592,3159.91052112,2681.261592,161.5922818125,10.04316,129.0,18730.2976626212,0.7892507238
1232442876,30.092904,2681.270736,3159.91052112,2681.270736,161.7011439813,10.04316,129.0,18730.2976626212,0.680388555
1232442880,30.08376,2681.276832,3159.91052112,2681.276832,161.5060992622,10.04316,129.0,18730.2976626212,0.8754332741
1232442884,30.077664,2681.285976,3159.91052112,2681.285976,161.6104255073,10.04316,129.0,18730.2976626212,0.771107029
1232442888,30.059376,2681.304264,3159.91052112,2681.304264,161.5741381177,10.04316,130.0,18662.0395654188,0.8073944186
1232442892,30.050232,2681.31036,3159.91052112,2681.31036,161.5877458888,10.04316,130.0,18662.0395654188,0.7937866475
1232442896,30.034992,2681.328648,3159.91052112,2681.328648,161.6376410495,10.046208,130.0,18662.0395654188,0.7438914868
1232442900,30.025848,2681.337792,3159.91052112,2681.337792,161.6331051258,10.046208,131.0,18677.4838217555,0.7484274105
1232442904,30.016704,2681.343888,3159.91052112,2681.343888,161.5287788807,10.046208,131.0,18677.4838217555,0.8572895793
1232442908,30.010608,2681.353032,3159.91052112,2681.353032,161.5605303466,10.046208,131.0,18677.4838217555,0.8210021897
1232442912,29.99232,2681.37132,3159.91052112,2681.37132,161.7102158287,10.046208,130.0,18667.6243188263,0.6713167076
1232442916,29.983176,2681.377416,3159.91052112,2681.377416,161.7328954472,10.046208,130.0,18667.6243188263,0.6486370891
1232442920,29.967936,2681.395704,3159.91052112,2681.395704,161.5060992622,10.046208,130.0,18667.6243188263,0.8754332741
1232442924,29.958792,2681.404848,3159.91052112,2681.404848,161.6194973547,10.046208,130.0,18667.6243188263,0.7620351816
1232442928,29.949648,2681.410944,3159.91052112,2681.410944,161.6830002865,10.046208,129.0,18670.0374838789,0.6985322498
1232442932,29.943552,2681.420088,3159.91052112,2681.420088,161.7238235998,10.046208,129.0,18670.0374838789,0.6622448602
1232442936,29.925264,2681.438376,3159.91052112,2681.438376,161.5106351859,10.046208,129.0,18670.0374838789,0.8708973504
1232442940,29.91612,2681.444472,3159.91052112,2681.444472,161.5060992622,10.046208,130.0,18683.9648936111,0.8754332741
1232442944,29.90088,2681.46276,3159.91052112,2681.46276,161.5423866518,10.046208,130.0,18683.9648936111,0.8391458845
1232442948,29.891736,2681.471904,3159.91052112,2681.471904,161.8644372345,10.046208,130.0,18665.7627343571,0.5170953018
1232442952,29.882592,2681.478,3159.91052112,2681.478,161.5968177362,10.046208,130.0,18665.7627343571,0.7847148001
1232442976,29.815536,2681.545056,3159.91052112,2681.545056,161.5650662703,10.049256,130.0,18682.1033091419,0.816466266
1232442980,29.80944,2681.5542,3159.91052112,2681.5542,161.6966080576,10.049256,130.0,18682.1033091419,0.6849244787
1232442984,29.791152,2681.572488,3159.91052112,2681.572488,161.5378507281,10.049256,130.0,18682.1033091419,0.8436818082
1232442988,29.782008,2681.578584,3159.91052112,2681.578584,161.7102158287,10.049256,130.0,18682.1033091419,0.6713167076
1232442992,29.766768,2681.596872,3159.91052112,2681.596872,161.4879555674,10.049256,129.0,18721.3344781401,0.8935769689
1232442996,29.757624,2681.606016,3159.91052112,2681.606016,161.6013536599,10.049256,129.0,18721.3344781401,0.7847148001
1232443000,29.74848,2681.612112,3159.91052112,2681.612112,161.6331051258,10.049256,129.0,18721.3344781401,0.7529633342
1232443004,29.742384,2681.621256,3159.91052112,2681.621256,161.4199167119,10.049256,129.0,18744.5008626451,0.9616158244
1232443008,29.724096,2681.636496,3159.91052112,2681.636496,161.4743477963,10.040112,129.0,18744.5008626451,0.90718474
1232443012,29.718,2681.64564,3159.91052112,2681.64564,161.433524483,10.040112,129.0,18744.5008626451,0.952543977
1232443016,29.699712,2681.663928,3159.91052112,2681.663928,161.2158001454,10.040112,129.0,18710.8544470544,1.1657323909
1232443020,29.690568,2681.670024,3159.91052112,2681.670024,161.2929108483,10.040112,129.0,18710.8544470544,1.088621688
1232443024,29.684472,2681.679168,3159.91052112,2681.679168,161.3609497038,10.040112,129.0,18710.8544470544,1.0205828325
1232443028,29.675328,2681.688312,3159.91052112,2681.688312,161.1795127558,10.040112,129.0,18710.8544470544,1.2020197805
1232443032,29.65704,2681.703552,3159.91052112,2681.703552,161.297446772,10.040112,129.0,18679.3454062247,1.0840857643
1232443036,29.647896,2681.712696,3159.91052112,2681.712696,161.0842583581,10.040112,129.0,18679.3454062247,1.2972741782
1232443040,29.632656,2681.730984,3159.91052112,2681.730984,161.2793030772,10.040112,129.0,18679.3454062247,1.1022294591
1232443044,29.623512,2681.73708,3159.91052112,2681.73708,161.2702312298,10.040112,129.0,18717.6113092017,1.1113013065
1232443048,29.617416,2681.746224,3159.91052112,2681.746224,161.4153807882,10.040112,129.0,18717.6113092017,0.9661517481
1232443052,29.608272,2681.755368,3159.91052112,2681.755368,161.5015633385,10.040112,129.0,18717.6113092017,0.8799691978
1232443056,29.589984,2681.770608,3159.91052112,2681.770608,161.4063089408,10.040112,131.0,18712.3712936589,0.9752235955
1232443060,29.583888,2681.779752,3159.91052112,2681.779752,161.3201263905,10.040112,131.0,18712.3712936589,1.0614061458
1232443064,29.5656,2681.79804,3159.91052112,2681.79804,161.4108448645,10.049256,131.0,18712.3712936589,0.9706876718
1232443068,29.556456,2681.804136,3159.91052112,2681.804136,161.2929108483,10.049256,131.0,18712.3712936589,1.088621688
1232443072,29.55036,2681.81328,3159.91052112,2681.81328,161.1296175951,10.049256,130.0,18708.9928625853,1.2519149412
1232443084,29.516832,2681.846808,3159.91052112,2681.846808,161.2747671535,10.049256,130.0,18623.0841867124,1.1113013065
1232443088,29.498544,2681.865096,3159.91052112,2681.865096,161.3291982379,10.049256,130.0,18623.0841867124,1.0523342984
1232443092,29.4894,2681.871192,3159.91052112,2681.871192,161.2248719928,10.049256,130.0,18623.0841867124,1.1611964672
1232443096,29.483304,2681.880336,3159.91052112,2681.880336,160.9980758078,10.049256,130.0,18623.0841867124,1.3834567285
1232443100,29.47416,2681.88948,3159.91052112,2681.88948,160.9436447234,10.049256,130.0,18689.5496470185,1.4424237366
1232443104,29.455872,2681.90472,3159.91052112,2681.90472,161.0570428159,10.049256,130.0,18689.5496470185,1.3244897204
1232443108,29.449776,2681.913864,3159.91052112,2681.913864,161.1522972136,10.049256,130.0,18689.5496470185,1.2292353227
1232443112,29.431488,2681.932152,3159.91052112,2681.932152,160.9572524945,10.049256,129.0,18698.5128314997,1.4242800418
1232443116,29.422344,2681.938248,3159.91052112,2681.938248,161.1386894425,10.046208,129.0,18698.5128314997,1.2428430938
1232443120,29.416248,2681.947392,3159.91052112,2681.947392,160.9663243419,10.046208,129.0,18698.5128314997,1.4152081944
1232443124,29.407104,2681.956536,3159.91052112,2681.956536,160.9617884182,10.046208,129.0,18698.5128314997,1.4197441181
1232443128,29.388816,2681.971776,3159.91052112,2681.971776,160.9844680367,10.046208,130.0,18702.167052865,1.3970644996
1232443132,29.38272,2681.98092,3159.91052112,2681.98092,160.7758155465,10.046208,130.0,18702.167052865,1.6102529135
1232443136,29.364432,2681.999208,3159.91052112,2681.999208,160.843854402,10.046208,130.0,18731.8145092257,1.5376781343
1232443140,29.355288,2682.005304,3159.91052112,2682.005304,161.0388991211,10.046208,130.0,18731.8145092257,1.3471693389
1232443144,29.349192,2682.014448,3159.91052112,2682.014448,160.8574621731,10.046208,130.0,18731.8145092257,1.5240703632
1232443148,29.340048,2682.023592,3159.91052112,2682.023592,160.9391087997,10.046208,130.0,18731.8145092257,1.4424237366
1232443152,29.32176,2682.038832,3159.91052112,2682.038832,161.0298272737,10.046208,129.0,18772.0109442448,1.3517052626
1232443156,29.315664,2682.047976,3159.91052112,2682.047976,160.9844680367,10.046208,129.0,18772.0109442448,1.3970644996
1232443160,29.297376,2682.063216,3159.91052112,2682.063216,161.1296175951,10.046208,129.0,18772.0109442448,1.2519149412
1232443164,29.288232,2682.07236,3159.91052112,2682.07236,161.1069379766,10.046208,130.0,18679.00066836,1.2745945597
1232443168,29.282136,2682.081504,3159.91052112,2682.081504,161.1250816714,10.046208,130.0,18679.00066836,1.2564508649
1232443172,29.272992,2682.090648,3159.91052112,2682.090648,161.0615787396,10.034016,130.0,18679.00066836,1.3199537967
1232443176,29.254704,2682.105888,3159.91052112,2682.105888,161.0842583581,10.034016,130.0,18679.00066836,1.2972741782
1232443180,29.248608,2682.115032,3159.91052112,2682.115032,161.1432253662,10.034016,129.0,18657.6958683241,1.2383071701
1232443184,29.23032,2682.130272,3159.91052112,2682.130272,161.0751865107,10.034016,129.0,18657.6958683241,1.3063460256
1232443188,29.221176,2682.139416,3159.91052112,2682.139416,161.4153807882,10.034016,129.0,18657.6958683241,0.9661517481
1232443192,29.21508,2682.14856,3159.91052112,2682.14856,161.1296175951,10.034016,130.0,18684.3096314757,1.2519149412
1232443220,29.13888,2682.22476,3159.91052112,2682.22476,161.1205457477,10.034016,130.0,18695.4101907177,1.2609867886
1232443224,29.12364,2682.24,3159.91052112,2682.24,161.02529135,10.034016,130.0,18695.4101907177,1.3562411863
1232443228,29.114496,2682.249144,3159.91052112,2682.249144,160.934572876,10.04316,130.0,18695.4101907177,1.4469596603
1232443232,29.096208,2682.264384,3159.91052112,2682.264384,160.934572876,10.04316,130.0,18716.0944625972,1.4469596603
1232443236,29.090112,2682.273528,3159.91052112,2682.273528,161.0071476552,10.04316,130.0,18716.0944625972,1.3789208048
1232443240,29.080968,2682.282672,3159.91052112,2682.282672,160.9073573338,10.04316,130.0,18716.0944625972,1.4787111262
1232443244,29.071824,2682.291816,3159.91052112,2682.291816,160.7939592413,10.04316,130.0,18716.0944625972,1.587573295
1232443248,29.056584,2682.307056,3159.91052112,2682.307056,160.843854402,10.04316,129.0,18719.1971033792,1.5376781343
1232443252,29.04744,2682.3162,3159.91052112,2682.3162,160.8665340205,10.04316,129.0,18719.1971033792,1.5149985158
1232443256,29.029152,2682.33144,3159.91052112,2682.33144,160.8756058679,10.04316,129.0,18719.1971033792,1.5059266684
1232443260,29.023056,2682.340584,3159.91052112,2682.340584,161.0388991211,10.04316,130.0,18708.3723344289,1.3426334152
1232443264,29.013912,2682.349728,3159.91052112,2682.349728,160.7939592413,10.04316,130.0,18708.3723344289,1.587573295
1232443268,29.004768,2682.358872,3159.91052112,2682.358872,160.8846777153,10.04316,130.0,18708.3723344289,1.5013907447
1232443272,28.989528,2682.374112,3159.91052112,2682.374112,160.843854402,10.04316,129.0,18733.4003034031,1.5376781343
1232443276,28.980384,2682.383256,3159.91052112,2682.383256,160.7486000043,10.04316,129.0,18733.4003034031,1.632932532
1232443280,28.962096,2682.398496,3159.91052112,2682.398496,160.8257107072,10.04316,129.0,18733.4003034031,1.5558218291
1232443284,28.956,2682.40764,3159.91052112,2682.40764,160.5444834378,10.04316,129.0,18733.4003034031,1.8415850222
1232443288,28.946856,2682.416784,3159.91052112,2682.416784,160.7622077754,10.04316,129.0,18684.2406839028,1.6193247609
1232443292,28.937712,2682.425928,3159.91052112,2682.425928,160.7123126147,10.04316,129.0,18684.2406839028,1.6692199216
1232443296,28.922472,2682.441168,3159.91052112,2682.441168,160.7486000043,10.04316,129.0,18684.2406839028,1.632932532
1232443300,28.913328,2682.450312,3159.91052112,2682.450312,160.6352019118,10.04316,130.0,18656.799549876,1.7463306245
1232443304,28.89504,2682.465552,3159.91052112,2682.465552,160.8121029361,10.04316,130.0,18656.799549876,1.5694296002
1232443308,28.888944,2682.474696,3159.91052112,2682.474696,160.6125222933,10.04316,129.0,18723.4718529009,1.769010243
1232443312,28.8798,2682.48384,3159.91052112,2682.48384,160.7758155465,10.04316,129.0,18723.4718529009,1.6057169898
1232443324,28.846272,2682.517368,3159.91052112,2682.517368,160.6714893014,10.04316,129.0,18741.3982218632,1.7100432349
1232443328,28.827984,2682.532608,3159.91052112,2682.532608,160.4583008875,10.04316,129.0,18741.3982218632,1.9232316488
1232443332,28.821888,2682.541752,3159.91052112,2682.541752,160.6850970725,10.04316,129.0,18741.3982218632,1.6964354638
1232443336,28.812744,2682.550896,3159.91052112,2682.550896,160.6714893014,10.046208,131.0,18679.3454062247,1.7100432349
1232443340,28.8036,2682.556992,3159.91052112,2682.556992,160.5626271326,10.046208,131.0,18679.3454062247,1.8189054037
1232443344,28.78836,2682.57528,3159.91052112,2682.57528,160.5036601245,10.046208,131.0,18679.3454062247,1.8824083355
1232443348,28.779216,2682.584424,3159.91052112,2682.584424,160.5898426748,10.046208,131.0,18679.3454062247,1.7916898615
1232443352,28.760928,2682.599664,3159.91052112,2682.599664,160.4583008875,10.046208,128.0,18660.5227188143,1.9232316488
1232443356,28.754832,2682.608808,3159.91052112,2682.608808,160.6805611488,10.046208,128.0,18660.5227188143,1.7009713875
1232443360,28.745688,2682.617952,3159.91052112,2682.617952,160.7168485384,10.046208,128.0,18660.5227188143,1.6692199216
1232443364,28.736544,2682.624048,3159.91052112,2682.624048,160.6488096829,10.046208,130.0,18648.732683843,1.7327228534
1232443368,28.721304,2682.642336,3159.91052112,2682.642336,160.4673727349,10.046208,130.0,18648.732683843,1.9141598014
1232443372,28.71216,2682.65148,3159.91052112,2682.65148,160.3131513291,10.046208,130.0,18648.732683843,2.0729171309
1232443376,28.693872,2682.66672,3159.91052112,2682.66672,160.2224328551,10.046208,129.0,18697.5475654786,2.1590996812
1232443380,28.687776,2682.675864,3159.91052112,2682.675864,160.2451124736,10.046208,129.0,18697.5475654786,2.1364200627
1232443384,28.678632,2682.685008,3159.91052112,2682.685008,160.4446931164,10.046208,129.0,18697.5475654786,1.9368394199
1232443388,28.669488,2682.691104,3159.91052112,2682.691104,160.2813998632,10.046208,129.0,18697.5475654786,2.1001326731
1232443392,28.654248,2682.709392,3159.91052112,2682.709392,160.3811901846,10.049256,130.0,18695.4101907177,2.0003423517
1232443396,28.645104,2682.718536,3159.91052112,2682.718536,160.4764445823,10.049256,130.0,18695.4101907177,1.905087954
1232443400,28.629864,2682.733776,3159.91052112,2682.733776,160.3222231765,10.049256,130.0,18695.4101907177,2.0638452835
1232443404,28.62072,2682.74292,3159.91052112,2682.74292,160.299543558,10.049256,129.0,18678.7248780683,2.0819889783
1232443408,28.611576,2682.752064,3159.91052112,2682.752064,160.4129416505,10.049256,129.0,18678.7248780683,1.9685908858
1232443412,28.602432,2682.75816,3159.91052112,2682.75816,160.5036601245,10.049256,129.0,18678.7248780683,1.8778724118
1232443416,28.587192,2682.776448,3159.91052112,2682.776448,160.5172678956,10.049256,130.0,18723.4718529009,1.8642646407
1232443420,28.578048,2682.785592,3159.91052112,2682.785592,160.5218038193,10.049256,130.0,18723.4718529009,1.859728717
1232443424,28.562808,2682.800832,3159.91052112,2682.800832,160.4265494216,10.049256,130.0,18723.4718529009,1.9549831147
1232443428,28.553664,2682.809976,3159.91052112,2682.809976,160.4991242008,10.049256,130.0,18723.4718529009,1.8824083355
1232443432,28.54452,2682.81912,3159.91052112,2682.81912,160.4719086586,10.049256,129.0,18721.6792160047,1.9096238777
1232443460,28.46832,2682.892272,3159.91052112,2682.892272,160.7213844621,10.049256,130.0,18611.9836274704,1.6601480742
1232443464,28.45308,2682.91056,3159.91052112,2682.91056,160.5354115904,10.049256,130.0,18611.9836274704,1.8461209459
1232443468,28.443936,2682.919704,3159.91052112,2682.919704,160.4900523534,10.049256,130.0,18611.9836274704,1.8914801829
1232443472,28.428696,2682.934944,3159.91052112,2682.934944,160.5671630563,10.049256,130.0,18706.234959668,1.81436948
1232443476,28.419552,2682.944088,3159.91052112,2682.944088,160.2360406262,10.049256,130.0,18706.234959668,2.1454919101
1232443480,28.410408,2682.953232,3159.91052112,2682.953232,160.4129416505,10.049256,130.0,18706.234959668,1.9685908858
1232443484,28.401264,2682.959328,3159.91052112,2682.959328,160.4174775742,10.049256,130.0,18706.234959668,1.9640549621
1232443488,28.386024,2682.977616,3159.91052112,2682.977616,160.4764445823,10.049256,129.0,18668.865375139,1.905087954
1232443492,28.37688,2682.98676,3159.91052112,2682.98676,160.5444834378,10.049256,129.0,18668.865375139,1.8370490985
1232443496,28.36164,2683.002,3159.91052112,2683.002,160.5989145222,10.049256,130.0,18624.0494527334,1.7826180141
1232443500,28.352496,2683.011144,3159.91052112,2683.011144,160.6215941407,10.049256,130.0,18624.0494527334,1.7599383956
1232443504,28.343352,2683.01724,3159.91052112,2683.01724,160.4174775742,10.049256,130.0,18624.0494527334,1.9640549621
1232443508,28.334208,2683.026384,3159.91052112,2683.026384,160.4492290401,10.049256,130.0,18624.0494527334,1.9323034962
1232443512,28.318968,2683.044672,3159.91052112,2683.044672,160.5943785985,10.049256,129.0,18643.8374061648,1.7871539378
1232443516,28.309824,2683.053816,3159.91052112,2683.053816,160.4583008875,10.049256,129.0,18643.8374061648,1.9232316488
1232443520,28.294584,2683.069056,3159.91052112,2683.069056,160.3176872528,10.049256,129.0,18643.8374061648,2.0638452835
1232443524,28.28544,2683.0782,3159.91052112,2683.0782,160.3947979557,10.049256,130.0,18666.3832625135,1.9867345806
1232443528,28.276296,2683.087344,3159.91052112,2683.087344,160.390262032,10.049256,130.0,18666.3832625135,1.9912705043
1232443532,28.267152,2683.09344,3159.91052112,2683.09344,160.4084057268,10.049256,130.0,18666.3832625135,1.9731268095
1232443536,28.251912,2683.111728,3159.91052112,2683.111728,160.3857261083,10.049256,130.0,18666.3832625135,1.995806428
1232443540,28.242768,2683.120872,3159.91052112,2683.120872,160.3811901846,10.049256,130.0,18689.2049091539,2.0003423517
1232443544,28.227528,2683.136112,3159.91052112,2683.136112,160.4129416505,10.049256,130.0,18689.2049091539,1.9685908858
1232443548,28.218384,2683.145256,3159.91052112,2683.145256,160.3811901846,10.049256,130.0,18689.2049091539,2.0003423517
1232443552,28.20924,2683.151352,3159.91052112,2683.151352,160.5807708274,10.049256,130.0,18720.0934218273,1.8007617089
1232443568,28.160472,2683.203168,3159.91052112,2683.203168,160.6397378355,10.040112,129.0,18649.9737401558,1.7417947008
1232443572,28.151328,2683.212312,3159.91052112,2683.212312,160.5490193615,10.040112,129.0,18649.9737401558,1.8325131748
1232443576,28.142184,2683.218408,3159.91052112,2683.218408,160.3086154054,10.040112,129.0,18649.9737401558,2.0729171309
1232443580,28.136088,2683.227552,3159.91052112,2683.227552,160.4900523534,10.040112,129.0,18635.4947498401,1.8914801829
1232443584,28.1178,2683.24584,3159.91052112,2683.24584,160.5081960482,10.040112,129.0,18635.4947498401,1.8733364881
1232443588,28.108656,2683.254984,3159.91052112,2683.254984,160.7622077754,10.040112,129.0,18635.4947498401,1.6238606846
1232443592,28.093416,2683.270224,3159.91052112,2683.270224,160.6941689199,10.040112,129.0,18665.7627343571,1.6918995401
1232443596,28.084272,2683.279368,3159.91052112,2683.279368,160.6941689199,10.040112,129.0,18665.7627343571,1.6873636164
1232443600,28.075128,2683.285464,3159.91052112,2683.285464,160.6805611488,10.040112,129.0,18665.7627343571,1.7009713875
1232443604,28.069032,2683.294608,3159.91052112,2683.294608,160.5354115904,10.040112,129.0,18665.7627343571,1.8461209459
1232443608,28.050744,2683.312896,3159.91052112,2683.312896,160.5218038193,10.040112,129.0,18667.900109118,1.8642646407
1232443612,28.0416,2683.318992,3159.91052112,2683.318992,160.753135928,10.040112,129.0,18667.900109118,1.6283966083
1232443616,28.02636,2683.33728,3159.91052112,2683.33728,160.6669533777,10.040112,129.0,18667.900109118,1.7145791586
1232443620,28.017216,2683.346424,3159.91052112,2683.346424,160.7803514702,10.040112,130.0,18690.7907033313,1.6011810661
1232443624,28.008072,2683.35252,3159.91052112,2683.35252,160.7123126147,10.040112,130.0,18690.7907033313,1.6692199216
1232443628,28.001976,2683.361664,3159.91052112,2683.361664,160.5081960482,10.040112,130.0,18690.7907033313,1.8733364881
1232443632,27.983688,2683.379952,3159.91052112,2683.379952,160.480980506,10.040112,130.0,18588.196714809,1.9005520303
1232443636,27.974544,2683.386048,3159.91052112,2683.386048,160.4673727349,10.040112,130.0,18588.196714809,1.9141598014
1232443640,27.959304,2683.404336,3159.91052112,2683.404336,160.4855164297,10.040112,130.0,18588.196714809,1.8960161066
1232443643,27.9586944,2683.4040312,3159.914306532,2683.4040312,160.48597002207,10.0395024,130.0,18588.2105043236,1.89556251423
1232443644,27.95016,2683.41348,3159.91052112,2683.41348,160.4945882771,10.040112,130.0,18588.196714809,1.8869442592
1232443646,27.9504648,2683.4125656,3159.914306532,2683.4125656,160.49640264658,10.0395024,130.0,18588.2105043236,1.88558348209
1232443648,27.941016,2683.419576,3159.91052112,2683.419576,160.3721183372,10.040112,129.0,18609.5015148449,2.0094141991
1232443649,27.9419304,2683.4204904,3159.914306532,2683.4204904,160.37302552194,10.0395024,129.0,18609.5221991167,2.00896060673
1232443652,27.93492,2683.42872,3159.91052112,2683.42872,160.5081960482,10.040112,129.0,18609.5015148449,1.8733364881
1232443655,27.9254712,2683.4372544,3159.914306532,2683.4372544,160.5308756667,10.0395024,129.0,18609.5221991167,1.85111046197
1232443656,27.916632,2683.447008,3159.91052112,2683.447008,160.5807708274,10.040112,129.0,18609.5015148449,1.8007617089
1232443658,27.9169368,2683.4457888,3159.914306532,2683.4457888,160.5807708274,10.0395024,129.0,18609.5221991167,1.80121530127
1232443660,27.907488,2683.453104,3159.91052112,2683.453104,160.5172678956,10.040112,130.0,18639.1489712055,1.8642646407
1232443661,27.9087072,2683.4540184,3159.914306532,2683.4540184,160.51545352612,10.0395024,130.0,18639.183444992,1.86653260255
1232443664,27.892248,2683.471392,3159.91052112,2683.471392,160.526339743,10.046208,130.0,18639.1489712055,1.8551927933
1232443667,27.8919432,2683.4707824,3159.914306532,2683.4707824,160.52543255826,10.0468176,130.0,18639.183444992,1.85655357041
1232443668,27.883104,2683.480536,3159.91052112,2683.480536,160.4991242008,10.046208,130.0,18639.1489712055,1.8824083355
1232443670,27.8837136,2683.479012,3159.914306532,2683.479012,160.49957779317,10.0468176,130.0,18639.183444992,1.8824083355
1232443672,27.87396,2683.486632,3159.91052112,2683.486632,160.5943785985,10.046208,130.0,18639.1489712055,1.7871539378
1232443673,27.8751792,2683.4878512,3159.914306532,2683.4878512,160.5943785985,10.0468176,130.0,18639.183444992,1.78760753017
1232443676,27.867864,2683.495776,3159.91052112,2683.495776,160.5943785985,10.046208,129.0,18596.8841089984,1.7871539378
1232443703,27.7913592,2683.5713664,3159.914306532,2683.5713664,160.44242515455,10.0468176,130.0,18620.9537067088,1.93956097412
1232443704,27.78252,2683.58112,3159.91052112,2683.58112,160.5081960482,10.046208,130.0,18620.9468119515,1.8733364881
1232443706,27.7828248,2683.5799008,3159.914306532,2683.5799008,160.50864964057,10.0468176,130.0,18620.9537067088,1.8733364881
1232443708,27.773376,2683.587216,3159.91052112,2683.587216,160.4945882771,10.046208,130.0,18620.9468119515,1.8869442592
1232443709,27.7745952,2683.5881304,3159.914306532,2683.5881304,160.49368109236,10.0468176,130.0,18620.9537067088,1.88830503631
1232443712,27.758136,2683.605504,3159.91052112,2683.605504,160.5172678956,10.046208,130.0,18617.2236430132,1.8642646407
1232443715,27.758136,2683.6048944,3159.914306532,2683.6048944,160.51772148797,10.0468176,130.0,18617.2443272851,1.86381104833
1232443716,27.748992,2683.6116,3159.91052112,2683.6116,160.5671630563,10.049256,130.0,18617.2236430132,1.81436948
1232443718,27.7496016,2683.613124,3159.914306532,2683.613124,160.56670946393,10.0468176,130.0,18617.2443272851,1.81482307237
1232443720,27.739848,2683.620744,3159.91052112,2683.620744,160.4492290401,10.049256,130.0,18617.2236430132,1.9323034962
1232443721,27.741372,2683.6213536,3159.914306532,2683.6213536,160.45104340958,10.0486464,130.0,18617.2443272851,1.93094271909
1232443724,27.733752,2683.629888,3159.91052112,2683.629888,160.3766542609,10.049256,130.0,18617.2236430132,2.0048782754
1232443727,27.724608,2683.6384224,3159.914306532,2683.6384224,160.55763761653,10.0486464,130.0,18617.2443272851,1.82434851214
1232443728,27.715464,2683.648176,3159.91052112,2683.648176,160.4220134979,10.049256,130.0,18679.965934381,1.9595190384
1232443732,27.70632,2683.654272,3159.91052112,2683.654272,160.6533456066,10.049256,130.0,18679.965934381,1.7281869297
1232443736,27.69108,2683.67256,3159.91052112,2683.67256,160.4628368112,10.049256,130.0,18679.965934381,1.9186957251
1232443740,27.681936,2683.681704,3159.91052112,2683.681704,160.4220134979,10.049256,129.0,18690.1701751749,1.9595190384
1232443743,27.6798024,2683.6829232,3159.914306532,2683.6829232,160.59936811457,10.0486464,129.0,18690.1425961458,1.7826180141
1232443744,27.672792,2683.6878,3159.91052112,2683.6878,160.5807708274,10.049256,129.0,18690.1701751749,1.8007617089
1232443748,27.666696,2683.696944,3159.91052112,2683.696944,160.57169898,10.049256,129.0,18690.1701751749,1.8098335563
1232443751,27.657552,2683.7051736,3159.914306532,2683.7051736,160.46238321883,10.0486464,129.0,18690.1425961458,1.91960290984
1232443752,27.648408,2683.712184,3159.91052112,2683.712184,160.3040794817,10.049256,129.0,18690.1701751749,2.0774530546
1232443754,27.6490176,2683.7134032,3159.914306532,2683.7134032,160.30362588933,10.0486464,129.0,18690.1425961458,2.07836023934
1232443756,27.639264,2683.721328,3159.91052112,2683.721328,160.4764445823,10.049256,129.0,18677.4838217555,1.905087954
1232443757,27.640788,2683.7219376,3159.914306532,2683.7219376,160.47825895178,10.0486464,129.0,18677.4769269982,1.90372717689
1232443760,27.624024,2683.739616,3159.91052112,2683.739616,160.3766542609,10.049256,129.0,18677.4838217555,2.0048782754
1232443763,27.624024,2683.7387016,3159.914306532,2683.7387016,160.37846863038,10.0486464,129.0,18677.4769269982,2.00351749829
1232443764,27.61488,2683.745712,3159.91052112,2683.745712,160.4310853453,10.049256,129.0,18677.4838217555,1.950447191
1232443766,27.6157944,2683.7469312,3159.914306532,2683.7469312,160.43289971478,10.0486464,129.0,18677.4769269982,1.94908641389
1232443768,27.608784,2683.754856,3159.91052112,2683.754856,160.344902795,10.049256,129.0,18627.4278838071,2.0366297413
1232443769,27.60726,2683.7554656,3159.914306532,2683.7554656,160.34671716448,10.0486464,129.0,18627.4416733217,2.03481537182
1232443772,27.59964,2683.764,3159.91052112,2683.764,160.4764445823,10.049256,129.0,18627.4278838071,1.905087954
1232443775,27.590496,2683.7722296,3159.914306532,2683.7722296,160.20111401371,10.0331016,129.0,18627.4416733217,2.18087211496
1232443776,27.581352,2683.77924,3159.91052112,2683.77924,160.3131513291,10.034016,129.0,18627.4278838071,2.0683812072
1232443778,27.5822664,2683.780764,3159.914306532,2683.780764,160.31405851384,10.0331016,129.0,18627.4416733217,2.06792761483
1232443780,27.575256,2683.788384,3159.91052112,2683.788384,160.3222231765,10.034016,129.0,18627.4278838071,2.0593093598
1232443781,27.573732,2683.7889936,3159.914306532,2683.7889936,160.32176958413,10.0331016,129.0,18627.4416733217,2.06021654454
1232443784,27.556968,2683.806672,3159.91052112,2683.806672,160.1816095418,10.034016,129.0,18663.5564120233,2.1999229945
1232443787,27.556968,2683.8060624,3159.914306532,2683.8060624,160.17979517232,10.0331016,129.0,18663.5839910525,2.20173736398
1232443788,27.547824,2683.815816,3159.91052112,2683.815816,160.2768639395,10.034016,129.0,18663.5564120233,2.1046685968
1232443790,27.5487384,2683.814292,3159.914306532,2683.814292,160.27822471661,10.0331016,129.0,18663.5839910525,2.10376141206
1232443792,27.541728,2683.821912,3159.91052112,2683.821912,160.4492290401,10.034016,129.0,18663.5564120233,1.9323034962
1232443793,27.540204,2683.8225216,3159.914306532,2683.8225216,160.44877544773,10.0331016,129.0,18663.5839910525,1.93321068094
1232443796,27.532584,2683.831056,3159.91052112,2683.831056,160.1952173129,10.034016,128.0,18622.1878682643,2.1863152234
1232443808,27.489912,2683.873728,3159.91052112,2683.873728,160.1816095418,10.034016,129.0,18655.5584935632,2.1999229945
1232443811,27.4902168,2683.8725088,3159.914306532,2683.8725088,160.18070235706,10.0331016,129.0,18655.5515988059,2.20128377161
1232443812,27.480768,2683.879824,3159.91052112,2683.879824,160.1317143811,10.034016,129.0,18655.5584935632,2.2498181552
1232443814,27.4816824,2683.8810432,3159.914306532,2683.8810432,160.13262156584,10.0331016,129.0,18655.5515988059,2.24936456283
1232443816,27.474672,2683.888968,3159.91052112,2683.888968,160.1770736181,10.034016,129.0,18655.5584935632,2.2044589182
1232443817,27.4734528,2683.8892728,3159.914306532,2683.8892728,160.17798080284,10.0331016,129.0,18655.5515988059,2.20400532583
1232443820,27.465528,2683.898112,3159.91052112,2683.898112,160.2768639395,10.034016,129.0,18655.5584935632,2.1046685968
1232443823,27.4566888,2683.9063416,3159.914306532,2683.9063416,160.18297031891,10.0331016,130.0,18683.0409961338,2.19901580976
1232443824,27.44724,2683.913352,3159.91052112,2683.913352,160.2904717106,10.034016,130.0,18683.068575163,2.0910608257
1232443826,27.4484592,2683.9145712,3159.914306532,2683.9145712,160.28956452586,10.0331016,130.0,18683.0409961338,2.09242160281
1232443828,27.441144,2683.922496,3159.91052112,2683.922496,160.0908910678,10.046208,130.0,18683.068575163,2.2906414685
1232443829,27.4399248,2683.9228008,3159.914306532,2683.9228008,160.09270543728,10.0455984,130.0,18683.0409961338,2.28928069139
1232443832,27.422856,2683.940784,3159.91052112,2683.940784,160.2315047025,10.046208,130.0,18683.068575163,2.1500278338
1232443835,27.4231608,2683.9395648,3159.914306532,2683.9395648,160.22969033302,10.0455984,130.0,18683.0409961338,2.15229579565
1232443836,27.413712,2683.94688,3159.91052112,2683.94688,160.2133610077,10.046208,130.0,18623.0841867124,2.1681715286
1232443838,27.4146264,2683.9480992,3159.914306532,2683.9480992,160.21245382296,10.0455984,130.0,18623.1117657416,2.16953230571
1232443840,27.407616,2683.956024,3159.91052112,2683.956024,160.2723280158,10.046208,130.0,18623.0841867124,2.1092045205
1232443841,27.4063968,2683.9566336,3159.914306532,2683.9566336,160.2723280158,10.0455984,130.0,18623.1117657416,2.10965811287
1232443844,27.398472,2683.965168,3159.91052112,2683.965168,160.3403668713,10.046208,130.0,18623.0841867124,2.041165665
1232443847,27.3896328,2683.9733976,3159.914306532,2683.9733976,160.15121885301,10.0455984,130.0,18623.1117657416,2.23076727566
1232443848,27.380184,2683.980408,3159.91052112,2683.980408,160.072747373,10.046208,130.0,18629.9099964326,2.3087851633
1232443850,27.3814032,2683.9813224,3159.914306532,2683.9813224,160.07320096537,10.0455984,130.0,18629.9168911899,2.3087851633
1232443852,27.374088,2683.989552,3159.91052112,2683.989552,160.0772832967,10.046208,130.0,18629.9099964326,2.3042492396
1232443853,27.3728688,2683.9901616,3159.914306532,2683.9901616,160.07819048144,10.0455984,130.0,18629.9168911899,2.30379564723
1232443856,27.3558,2684.00784,3159.91052112,2684.00784,160.1135706863,10.046208,130.0,18629.9099964326,2.26796185
1232443859,27.3561048,2684.0066208,3159.914306532,2684.0066208,160.11447787104,10.0455984,130.0,18629.9168911899,2.26750825763
1232443860,27.346656,2684.013936,3159.91052112,2684.013936,160.208825084,10.046208,130.0,18629.9099964326,2.177243376
1232443862,27.3478752,2684.0148504,3159.914306532,2684.0148504,160.20655712215,10.0455984,130.0,18629.9168911899,2.17497541415
1232443864,27.34056,2684.02308,3159.91052112,2684.02308,160.2768639395,10.046208,130.0,18611.363099314,2.1046685968
1232443865,27.3393408,2684.0233848,3159.914306532,2684.0233848,160.27550316239,10.0455984,130.0,18611.3768888286,2.10648296628
1232443868,27.331416,2684.032224,3159.91052112,2684.032224,160.1453221522,10.046208,130.0,18611.363099314,2.2362103841
1232443871,27.3225768,2684.0401488,3159.914306532,2684.0401488,160.208825084,10.0455984,130.0,18611.3768888286,2.1727074523
1232443872,27.313128,2684.047464,3159.91052112,2684.047464,160.0001725938,10.046208,130.0,18611.363099314,2.3813599425
1232443874,27.3143472,2684.0486832,3159.914306532,2684.0486832,159.99926540906,10.0455984,130.0,18611.3768888286,2.38272071961
1232443876,27.307032,2684.056608,3159.91052112,2684.056608,160.0500677545,10.046208,129.0,18624.3252430252,2.3314647818
1232443877,27.3058128,2684.0569128,3159.914306532,2684.0569128,160.04870697739,10.0455984,129.0,18624.3528220543,2.33327915128
1232443880,27.288744,2684.074896,3159.91052112,2684.074896,160.0319240597,10.0584,129.0,18624.3252430252,2.3496084766
1232443883,27.2890488,2684.0736768,3159.914306532,2684.0736768,160.03147046733,10.0596192,129.0,18624.3528220543,2.35051566134
1232443884,27.2796,2684.080992,3159.91052112,2684.080992,160.0137803649,10.0584,129.0,18624.3252430252,2.3677521714
1232443886,27.2808192,2684.0822112,3159.914306532,2684.0822112,160.01468754964,10.0596192,129.0,18624.3528220543,2.36729857903
1232443888,27.273504,2684.090136,3159.91052112,2684.090136,159.8504871117,10.0584,129.0,18624.3252430252,2.5310454246
1232443889,27.2722848,2684.0904408,3159.914306532,2684.0904408,159.85094070407,10.0596192,129.0,18624.3528220543,2.5310454246
1232443892,27.26436,2684.09928,3159.91052112,2684.09928,160.1090347626,10.0584,130.0,18685.8264780802,2.2724977737
1232443895,27.2558256,2684.1072048,3159.914306532,2684.1072048,160.34762434922,10.0596192,130.0,18685.8195833229,2.03436177945
1232443896,27.246072,2684.11452,3159.91052112,2684.11452,160.0818192204,10.0584,130.0,18685.8264780802,2.2997133159
1232443898,27.2472912,2684.1151296,3159.914306532,2684.1151296,160.0818192204,10.0596192,130.0,18685.8195833229,2.30016690827
1232443900,27.239976,2684.123664,3159.91052112,2684.123664,160.0863551441,10.0584,130.0,18685.8264780802,2.2951773922
1232443901,27.2390616,2684.123664,3159.914306532,2684.123664,160.08544795936,10.0596192,130.0,18685.8195833229,2.29653816931
1232443904,27.221688,2684.141952,3159.91052112,2684.141952,160.1816095418,10.0584,129.0,18636.7358061529,2.1999229945
1232443907,27.2222976,2684.140428,3159.914306532,2684.140428,160.18251672654,10.0596192,129.0,18636.7082271237,2.19946940213
1232443908,27.212544,2684.148048,3159.91052112,2684.148048,160.1226425337,10.0584,129.0,18636.7358061529,2.2588900026
1232443910,27.214068,2684.1489624,3159.914306532,2684.1489624,160.12400331081,10.0596192,129.0,18636.7082271237,2.25798281786
1232443912,27.206448,2684.157192,3159.91052112,2684.157192,160.1090347626,10.0584,129.0,18636.7358061529,2.2724977737
1232443913,27.2055336,2684.157192,3159.914306532,2684.157192,160.10812757786,10.0596192,129.0,18636.7082271237,2.27385855081
1232443916,27.197304,2684.166336,3159.91052112,2684.166336,160.2677920921,10.0584,129.0,18636.7358061529,2.1137404442
1232443944,27.11196,2684.248632,3159.91052112,2684.248632,160.2178969314,10.04316,129.0,18582.060380818,2.1636356049
1232443946,27.113484,2684.2495464,3159.914306532,2684.2495464,160.21653615429,10.0434648,129.0,18582.0328017889,2.16544997438
1232443948,27.105864,2684.257776,3159.91052112,2684.257776,160.1997532366,10.04316,129.0,18582.060380818,2.1817792997
1232443949,27.1049496,2684.257776,3159.914306532,2684.257776,160.20111401371,10.0434648,129.0,18582.0328017889,2.18087211496
1232443952,27.087576,2684.273016,3159.91052112,2684.273016,160.0228522123,10.04316,129.0,18582.060380818,2.358680324
1232443955,27.0881856,2684.27454,3159.914306532,2684.27454,160.02466658178,10.0434648,129.0,18582.0328017889,2.35731954689
1232443956,27.08148,2684.28216,3159.91052112,2684.28216,159.9139900435,10.04316,130.0,18569.994555555,2.4675424928
1232443958,27.079956,2684.2827696,3159.914306532,2684.2827696,159.91444363587,10.0434648,130.0,18569.9876607977,2.4675424928
1232443960,27.072336,2684.291304,3159.91052112,2684.291304,160.1226425337,10.04316,130.0,18569.994555555,2.2588900026
1232443961,27.0717264,2684.2909992,3159.914306532,2684.2909992,160.12309612607,10.0434648,130.0,18569.9876607977,2.2588900026
1232443964,27.063192,2684.300448,3159.91052112,2684.300448,160.1498580759,10.04316,130.0,18569.994555555,2.2316744604
1232443967,27.0549624,2684.3074584,3159.914306532,2684.3074584,159.96796753553,10.0434648,130.0,18569.9876607977,2.41401859314
1232443968,27.047952,2684.315688,3159.91052112,2684.315688,160.0908910678,10.04316,130.0,18569.994555555,2.2906414685
1232443970,27.0467328,2684.3159928,3159.914306532,2684.3159928,160.08953029069,10.0434648,130.0,18569.9876607977,2.29245583798
1232443972,27.038808,2684.324832,3159.91052112,2684.324832,159.9593492805,10.04316,129.0,18715.1291965762,2.4267191795
1232443973,27.0381984,2684.324832,3159.914306532,2684.324832,159.95753491102,10.0434648,129.0,18715.1567756054,2.42445121765
1232443976,27.02052,2684.340072,3159.91052112,2684.340072,160.0409959071,10.04316,129.0,18715.1291965762,2.3405366292
1232443979,27.0214344,2684.3412912,3159.914306532,2684.3412912,160.04190309184,10.0434648,129.0,18715.1567756054,2.34008303683
1232443980,27.014424,2684.349216,3159.91052112,2684.349216,159.9911007464,10.04316,129.0,18715.1291965762,2.3904317899
1232443982,27.0129,2684.3498256,3159.914306532,2684.3498256,159.99064715403,10.0434648,129.0,18715.1567756054,2.39133897464
1232443984,27.00528,2684.35836,3159.91052112,2684.35836,160.0364599834,10.04316,129.0,18564.7545400122,2.3450725529
1232443985,27.0046704,2684.35836,3159.914306532,2684.35836,160.03464561392,10.0434648,129.0,18564.7407504976,2.34734051475
1232443988,26.996136,2684.367504,3159.91052112,2684.367504,160.0319240597,10.04316,129.0,18564.7545400122,2.3496084766
1232443991,26.9879064,2684.375124,3159.914306532,2684.375124,159.94710228651,10.0434648,129.0,18564.7407504976,2.43488384216
1232443992,26.980896,2684.382744,3159.91052112,2684.382744,160.2768639395,10.037064,129.0,18564.7545400122,2.1046685968
1232443994,26.979372,2684.3833536,3159.914306532,2684.3833536,160.2768639395,10.0364544,129.0,18564.7407504976,2.10512218917
1232443996,26.971752,2684.391888,3159.91052112,2684.391888,160.1044988389,10.037064,129.0,18564.7545400122,2.2770336974
1232443997,26.9711424,2684.3915832,3159.914306532,2684.3915832,160.10404524653,10.0364544,129.0,18564.7407504976,2.27794088214
1232444000,26.953464,2684.407128,3159.91052112,2684.407128,160.0137803649,10.037064,130.0,18624.9457711816,2.3677521714
1232444003,26.9543784,2684.4080424,3159.914306532,2684.4080424,160.0137803649,10.0364544,130.0,18624.9664554534,2.36820576377
1232444004,26.947368,2684.416272,3159.91052112,2684.416272,160.1453221522,10.037064,130.0,18624.9457711816,2.2362103841
1232444006,26.9461488,2684.4168816,3159.914306532,2684.4168816,160.14713652168,10.0364544,130.0,18624.9664554534,2.23484960699
1232444008,26.938224,2684.425416,3159.91052112,2684.425416,160.0228522123,10.037064,130.0,18624.9457711816,2.358680324
1232444009,26.9376144,2684.4251112,3159.914306532,2684.4251112,160.02103784282,10.0364544,130.0,18624.9664554534,2.36094828585
1232444012,26.92908,2684.43456,3159.91052112,2684.43456,160.0682114493,10.037064,130.0,18654.5932275422,2.3178570107
1232444015,26.9211552,2684.4418752,3159.914306532,2684.4418752,159.95617413391,10.0364544,130.0,18654.6208065714,2.42535840239
1232444016,26.91384,2684.4498,3159.91052112,2684.4498,160.0092444412,10.037064,130.0,18654.5932275422,2.3768240188
1232444018,26.9126208,2684.4501048,3159.914306532,2684.4501048,160.00697647935,10.0364544,130.0,18654.6208065714,2.37500964932
1232444020,26.904696,2684.458944,3159.91052112,2684.458944,160.1090347626,10.037064,130.0,18654.5932275422,2.2724977737
1232444021,26.9043912,2684.4586392,3159.914306532,2684.4586392,160.11084913208,10.0364544,130.0,18654.6208065714,2.27068340422
1232444024,26.886408,2684.474184,3159.91052112,2684.474184,159.891310425,10.037064,130.0,18566.6161244814,2.4902221113
1232444027,26.8876272,2684.4754032,3159.914306532,2684.4754032,159.89040324026,10.0364544,130.0,18566.5885454522,2.49158288841
1232444028,26.880312,2684.483328,3159.91052112,2684.483328,160.0546036782,10.037064,130.0,18566.6161244814,2.3269288581
1232444030,26.8790928,2684.4836328,3159.914306532,2684.4836328,160.05369649346,10.0364544,130.0,18566.5885454522,2.32828963521
1232444032,26.871168,2684.492472,3159.91052112,2684.492472,160.2813998632,10.037064,130.0,18566.6161244814,2.1001326731
1232444033,26.8705584,2684.4921672,3159.914306532,2684.4921672,160.28049267846,10.0364544,130.0,18566.5885454522,2.10149345021
1232444036,26.862024,2684.501616,3159.91052112,2684.501616,160.1090347626,10.037064,130.0,18566.6161244814,2.2724977737
1232444052,26.813256,2684.550384,3159.91052112,2684.550384,160.0183162886,10.037064,129.0,18538.1407768606,2.3677521714
1232444054,26.8120368,2684.5506888,3159.914306532,2684.5506888,160.01650191912,10.0367592,129.0,18538.175250647,2.36548420955
1232444056,26.804112,2684.559528,3159.91052112,2684.559528,160.0954269915,10.037064,129.0,18538.1407768606,2.2861055448
1232444057,26.8038072,2684.5589184,3159.914306532,2684.5589184,160.09724136098,10.0367592,129.0,18538.175250647,2.28474476769
1232444060,26.794968,2684.568672,3159.91052112,2684.568672,160.2496483973,10.037064,129.0,18538.1407768606,2.131884139
1232444063,26.7870432,2684.5756824,3159.914306532,2684.5756824,160.11992097948,10.0367592,129.0,18538.175250647,2.26206514919
1232444064,26.779728,2684.583912,3159.91052112,2684.583912,160.3947979557,10.037064,129.0,18597.1598992901,1.9867345806
1232444066,26.7788136,2684.583912,3159.914306532,2684.583912,160.39434436333,10.0367592,129.0,18597.1736888047,1.98764176534
1232444068,26.770584,2684.593056,3159.91052112,2684.593056,160.3766542609,10.037064,129.0,18597.1598992901,2.0048782754
1232444069,26.7702792,2684.5921416,3159.914306532,2684.5921416,160.37529348379,10.0367592,129.0,18597.1736888047,2.00623905251
1232444072,26.752296,2684.608296,3159.91052112,2684.608296,160.1997532366,10.037064,129.0,18597.1598992901,2.1817792997
1232444075,26.7535152,2684.6089056,3159.914306532,2684.6089056,160.20066042134,10.0367592,129.0,18597.1736888047,2.18132570733
1232444076,26.7462,2684.61744,3159.91052112,2684.61744,160.0772832967,10.037064,129.0,18597.1598992901,2.3087851633
1232444078,26.7452856,2684.6177448,3159.914306532,2684.6177448,160.07501533485,10.0367592,129.0,18597.1736888047,2.30697079382
1232444080,26.737056,2684.626584,3159.91052112,2684.626584,160.072747373,10.037064,129.0,18581.095114797,2.313321087
1232444081,26.737056,2684.6256696,3159.914306532,2684.6256696,160.07047941115,10.0367592,129.0,18581.1089043116,2.31105312515
1232444084,26.727912,2684.635728,3159.91052112,2684.635728,160.2904717106,10.037064,129.0,18581.095114797,2.0910608257
1232444087,26.7199872,2684.6427384,3159.914306532,2684.6427384,160.13897185902,10.0367592,129.0,18581.1089043116,2.24301426965
1232444088,26.712672,2684.650968,3159.91052112,2684.650968,160.0001725938,10.037064,129.0,18581.095114797,2.3813599425
1232444090,26.7117576,2684.6512728,3159.914306532,2684.6512728,160.0001725938,10.0367592,129.0,18581.1089043116,2.38181353487
1232444092,26.703528,2684.660112,3159.91052112,2684.660112,160.2133610077,10.037064,129.0,18561.0313710739,2.1681715286
1232444093,26.7032232,2684.6595024,3159.914306532,2684.6595024,160.21290741533,10.0367592,129.0,18561.0313710739,2.16862512097
1232444096,26.68524,2684.675352,3159.91052112,2684.675352,160.3947979557,10.037064,129.0,18561.0313710739,1.9867345806
1232444099,26.686764,2684.6759616,3159.914306532,2684.6759616,160.39661232518,10.0367592,129.0,18561.0313710739,1.98537380349
1232444100,26.679144,2684.684496,3159.91052112,2684.684496,160.3312950239,10.046208,129.0,18561.0313710739,2.0502375124
1232444102,26.6782296,2684.684496,3159.914306532,2684.684496,160.32948065442,10.0465128,129.0,18561.0313710739,2.05250547425
1232444104,26.67,2684.69364,3159.91052112,2684.69364,160.2496483973,10.046208,129.0,18561.0313710739,2.131884139
1232444105,26.67,2684.6930304,3159.914306532,2684.6930304,160.25010198967,10.0465128,129.0,18561.0313710739,2.131884139
1232444108,26.660856,2684.702784,3159.91052112,2684.702784,160.3539746424,10.046208,129.0,18593.1609400601,2.0275578939
1232444111,26.653236,2684.7094896,3159.914306532,2684.7094896,160.38980843963,10.0465128,129.0,18593.1540453028,1.99217768904
1232444112,26.645616,2684.718024,3159.91052112,2684.718024,160.1816095418,10.046208,129.0,18593.1609400601,2.2044589182
1232444114,26.6450064,2684.7177192,3159.914306532,2684.7177192,160.17979517232,10.0465128,129.0,18593.1540453028,2.20219095635
1232444116,26.636472,2684.727168,3159.91052112,2684.727168,160.208825084,10.046208,129.0,18593.1609400601,2.1727074523
1232444117,26.636472,2684.7259488,3159.914306532,2684.7259488,160.20927867637,10.0465128,129.0,18593.1540453028,2.1727074523
1232444120,26.621232,2684.742408,3159.91052112,2684.742408,160.4174775742,10.046208,129.0,18549.5860739672,1.9640549621
1232444123,26.619708,2684.7430176,3159.914306532,2684.7430176,160.41883835131,10.0465128,129.0,18549.6067582391,1.96314777736
1232444124,26.612088,2684.751552,3159.91052112,2684.751552,160.2768639395,10.046208,129.0,18549.5860739672,2.1046685968
1232444126,26.6114784,2684.7512472,3159.914306532,2684.7512472,160.27777112424,10.0465128,129.0,18549.6067582391,2.10421500443
1232444128,26.602944,2684.760696,3159.91052112,2684.760696,160.2904717106,10.046208,129.0,18549.5860739672,2.0910608257
1232444129,26.602944,2684.7597816,3159.914306532,2684.7597816,160.29137889534,10.0465128,129.0,18549.6067582391,2.09015364096
1232444132,26.5938,2684.766792,3159.91052112,2684.766792,160.3585105661,10.046208,129.0,18549.5860739672,2.0230219702
1232444135,26.58618,2684.7762408,3159.914306532,2684.7762408,160.19204216631,10.0465128,129.0,18575.8550992542,2.18994396236
1232444136,26.57856,2684.78508,3159.91052112,2684.78508,160.2269687788,10.046208,129.0,18575.8550992542,2.1545637575
1232444138,26.5776456,2684.78508,3159.914306532,2684.78508,160.22560800169,10.0465128,129.0,18575.8550992542,2.15637812698
1232444140,26.569416,2684.794224,3159.91052112,2684.794224,160.2405765499,10.046208,129.0,18575.8550992542,2.1409559864
1232444141,26.569416,2684.7933096,3159.914306532,2684.7933096,160.24239091938,10.0465128,129.0,18575.8550992542,2.13959520929
1232444144,26.554176,2684.809464,3159.91052112,2684.809464,160.2133610077,10.046208,130.0,18553.6539807702,2.1681715286
1232444147,26.552652,2684.8100736,3159.914306532,2684.8100736,160.2133610077,10.0465128,130.0,18553.6195069837,2.1681715286
1232444148,26.545032,2684.818608,3159.91052112,2684.818608,160.2224328551,10.046208,130.0,18553.6539807702,2.1590996812
1232444150,26.5444224,2684.8183032,3159.914306532,2684.8183032,160.22061848562,10.0465128,130.0,18553.6195069837,2.16136764305
1232444152,26.535888,2684.827752,3159.91052112,2684.827752,160.3358309476,10.046208,130.0,18553.6539807702,2.0457015887
1232444153,26.535888,2684.8268376,3159.914306532,2684.8268376,160.33401657812,10.0465128,130.0,18553.6195069837,2.04796955055
1232444156,26.526744,2684.833848,3159.91052112,2684.833848,160.2360406262,10.049256,130.0,18553.6539807702,2.1454919101
1232444160,26.511504,2684.852136,3159.91052112,2684.852136,160.3585105661,10.049256,130.0,18670.0374838789,2.0230219702
1232444162,26.5108944,2684.8515264,3159.914306532,2684.8515264,160.35714978899,10.0486464,130.0,18670.0650629081,2.02438274731
1232444164,26.50236,2684.86128,3159.91052112,2684.86128,160.3811901846,10.049256,130.0,18670.0374838789,2.0003423517
1232444165,26.5026648,2684.8600608,3159.914306532,2684.8600608,160.38255096171,10.0486464,130.0,18670.0650629081,1.99898157459
1232444168,26.48712,2684.87652,3159.91052112,2684.87652,160.4855164297,10.049256,130.0,18670.0374838789,1.8960161066
1232444171,26.4859008,2684.8768248,3159.914306532,2684.8768248,160.48415565259,10.0486464,130.0,18670.0650629081,1.89783047608
1232444172,26.477976,2684.885664,3159.91052112,2684.885664,160.2587202447,10.049256,130.0,18577.7166837234,2.1228122916
1232444174,26.4773664,2684.8853592,3159.914306532,2684.8853592,160.26053461418,10.0486464,130.0,18577.7097889661,2.12145151449
1232444176,26.468832,2684.894808,3159.91052112,2684.894808,160.1226425337,10.049256,130.0,18577.7166837234,2.2588900026
1232444177,26.4691368,2684.8935888,3159.914306532,2684.8935888,160.1226425337,10.0486464,130.0,18577.7097889661,2.2588900026
1232444180,26.459688,2684.900904,3159.91052112,2684.900904,160.1044988389,10.049256,130.0,18577.7166837234,2.2770336974
1232444183,26.4523728,2684.9103528,3159.914306532,2684.9103528,160.17072332492,10.0486464,130.0,18577.7097889661,2.21126280375
1232444184,26.444448,2684.919192,3159.91052112,2684.919192,160.3312950239,10.049256,130.0,18577.7166837234,2.0502375124
1232444186,26.4438384,2684.9188872,3159.914306532,2684.9188872,160.33310939338,10.0486464,130.0,18577.7097889661,2.04887673529
1232444188,26.435304,2684.928336,3159.91052112,2684.928336,160.1725376944,10.049256,129.0,18595.0225245292,2.2089948419
1232444189,26.4356088,2684.9271168,3159.914306532,2684.9271168,160.1725376944,10.0486464,129.0,18595.0087350146,2.20944843427
1232444192,26.420064,2684.943576,3159.91052112,2684.943576,160.2813998632,10.049256,129.0,18595.0225245292,2.1001326731
1232444195,26.4188448,2684.9438808,3159.914306532,2684.9438808,160.2813998632,10.0486464,129.0,18595.0087350146,2.10058626547
1232444196,26.41092,2684.95272,3159.91052112,2684.95272,160.4084057268,10.049256,129.0,18595.0225245292,1.9731268095
1232444198,26.4103104,2684.9521104,3159.914306532,2684.9521104,160.40976650391,10.0486464,129.0,18595.0087350146,1.97176603239
1232444200,26.401776,2684.961864,3159.91052112,2684.961864,160.3086154054,10.049256,130.0,18605.2267653231,2.0729171309
1232444201,26.4020808,2684.9606448,3159.914306532,2684.9606448,160.31042977488,10.0486464,130.0,18605.1991862939,2.07155635379
1232444204,26.392632,2684.96796,3159.91052112,2684.96796,160.2904717106,10.049256,130.0,18605.2267653231,2.0910608257
1232444207,26.3853168,2684.9774088,3159.914306532,2684.9774088,160.2859357869,10.0486464,130.0,18605.1991862939,2.0955967494
1232444208,26.377392,2684.986248,3159.91052112,2684.986248,160.4537649638,10.030968,130.0,18605.2267653231,1.9277675725
1232444210,26.3770872,2684.9856384,3159.914306532,2684.9856384,160.45240418669,10.0486464,130.0,18605.1991862939,1.92958194198
1232444212,26.368248,2684.995392,3159.91052112,2684.995392,160.4900523534,10.030968,130.0,18605.2267653231,1.8914801829
1232444213,26.3688576,2684.993868,3159.914306532,2684.993868,160.49186672288,10.0297488,130.0,18605.1991862939,1.89011940579
1232444216,26.353008,2685.010632,3159.91052112,2685.010632,160.299543558,10.030968,130.0,18561.3071613656,2.0819889783
1232444219,26.3520936,2685.010632,3159.914306532,2685.010632,160.29818278089,10.0297488,130.0,18561.3347403948,2.08380334778
1232444220,26.343864,2685.019776,3159.91052112,2685.019776,160.2315047025,10.030968,130.0,18561.3071613656,2.1500278338
1232444222,26.3435592,2685.0191664,3159.914306532,2685.0191664,160.23286547961,10.0297488,130.0,18561.3347403948,2.14866705669
1232444224,26.33472,2685.02892,3159.91052112,2685.02892,160.3312950239,10.030968,130.0,18561.3071613656,2.0502375124
1232444225,26.3353296,2685.0277008,3159.914306532,2685.0277008,160.33310939338,10.0297488,130.0,18561.3347403948,2.04887673529
1232444228,26.325576,2685.035016,3159.91052112,2685.035016,160.2723280158,10.030968,129.0,18643.8374061648,2.1092045205
1232444231,26.3185656,2685.04416,3159.914306532,2685.04416,160.5308756667,10.0297488,129.0,18643.8098271357,1.85111046197
1232444232,26.310336,2685.053304,3159.91052112,2685.053304,160.344902795,10.030968,129.0,18643.8374061648,2.0366297413
1232444234,26.3100312,2685.0526944,3159.914306532,2685.0526944,160.34626357211,10.0297488,129.0,18643.8098271357,2.03572255656
1232444236,26.301192,2685.062448,3159.91052112,2685.062448,160.5444834378,10.030968,129.0,18643.8374061648,1.8370490985
1232444237,26.3018016,2685.0612288,3159.914306532,2685.0612288,160.54357625306,10.0297488,129.0,18643.8098271357,1.83840987561
1232444240,26.285952,2685.077688,3159.91052112,2685.077688,160.4265494216,10.030968,129.0,18624.9457711816,1.9595190384
1232444243,26.2850376,2685.0779928,3159.914306532,2685.0779928,160.42428145975,10.0297488,129.0,18624.9664554534,1.95770466892
1232444244,26.276808,2685.086832,3159.91052112,2685.086832,160.6034504459,10.030968,129.0,18624.9457711816,1.7780820904
1232444246,26.2765032,2685.0862224,3159.914306532,2685.0862224,160.60254326116,10.0297488,129.0,18624.9664554534,1.77944286751
1232444248,26.267664,2685.095976,3159.91052112,2685.095976,160.8483903257,10.030968,129.0,18624.9457711816,1.5331422106
1232444249,26.2682736,2685.094452,3159.914306532,2685.094452,160.84702954859,10.0297488,129.0,18624.9664554534,1.53495658008
1232444252,26.25852,2685.102072,3159.91052112,2685.102072,160.6034504459,10.030968,129.0,18624.9457711816,1.7780820904
1232444255,26.2515096,2685.111216,3159.914306532,2685.111216,160.69779765886,10.0297488,129.0,18532.6111815114,1.68373487744
1232444256,26.24328,2685.12036,3159.91052112,2685.12036,160.6034504459,10.030968,129.0,18532.624971026,1.7780820904
1232444258,26.24328,2685.1194456,3159.914306532,2685.1194456,160.60481122301,10.0297488,129.0,18532.6111815114,1.77717490566
1232444260,26.234136,2685.126456,3159.91052112,2685.126456,160.4991242008,10.030968,129.0,18532.624971026,1.8869442592
1232444261,26.2347456,2685.12798,3159.914306532,2685.12798,160.49685623895,10.0297488,129.0,18532.6111815114,1.88467629735
1232444264,26.218896,2685.144744,3159.91052112,2685.144744,160.6125222933,10.030968,129.0,18532.624971026,1.769010243
1232444267,26.2179816,2685.1444392,3159.914306532,2685.1444392,160.61433666278,10.0300536,129.0,18532.6111815114,1.76764946589
1232444268,26.209752,2685.153888,3159.91052112,2685.153888,160.6987048436,10.030968,130.0,18543.1050021116,1.6828276927
1232444270,26.209752,2685.1532784,3159.914306532,2685.1532784,160.69734406649,10.0300536,130.0,18543.1118968689,1.68464206218
1232444272,26.200608,2685.159984,3159.91052112,2685.159984,160.8211747835,10.030968,130.0,18543.1050021116,1.5603577528
1232444273,26.2015224,2685.161508,3159.914306532,2685.161508,160.8211747835,10.0300536,130.0,18543.1118968689,1.56081134517
1232444276,26.194512,2685.169128,3159.91052112,2685.169128,160.7168485384,10.030968,130.0,18543.1050021116,1.6646839979
1232444296,26.133552,2685.22704,3159.91052112,2685.22704,160.6760252251,10.030968,129.0,18548.9655458108,1.7055073112
1232444297,26.1344664,2685.228564,3159.914306532,2685.228564,160.67466444799,10.0300536,129.0,18548.9862300827,1.70732168068
1232444300,26.127456,2685.236184,3159.91052112,2685.236184,160.8574621731,10.030968,129.0,18548.9655458108,1.5240703632
1232444303,26.1177024,2685.2447184,3159.914306532,2685.2447184,160.7349922332,10.0300536,129.0,18548.9862300827,1.64699389547
1232444304,26.109168,2685.254472,3159.91052112,2685.254472,160.9527165708,10.030968,129.0,18548.9655458108,1.4288159655
1232444306,26.109168,2685.2535576,3159.914306532,2685.2535576,160.95226297843,10.0300536,129.0,18548.9862300827,1.42972315024
1232444308,26.100024,2685.260568,3159.91052112,2685.260568,160.7213844621,10.030968,129.0,18589.4377711217,1.6601480742
1232444309,26.1009384,2685.2617872,3159.914306532,2685.2617872,160.72229164684,10.0300536,129.0,18589.4515606363,1.65969448183
1232444312,26.084784,2685.278856,3159.91052112,2685.278856,160.7939592413,10.030968,129.0,18589.4377711217,1.587573295
1232444315,26.0841744,2685.2785512,3159.914306532,2685.2785512,160.79577361078,10.0300536,129.0,18589.4515606363,1.58621251789
1232444316,26.07564,2685.288,3159.91052112,2685.288,160.7622077754,10.030968,129.0,18589.4377711217,1.6193247609
1232444318,26.0759448,2685.2867808,3159.914306532,2685.2867808,160.76311496014,10.0300536,129.0,18589.4515606363,1.61887116853
1232444320,26.066496,2685.294096,3159.91052112,2685.294096,160.5127319719,10.049256,129.0,18589.4377711217,1.8688005644
1232444321,26.0674104,2685.2953152,3159.914306532,2685.2953152,160.51318556427,10.0480368,129.0,18589.4515606363,1.8688005644
1232444324,26.0604,2685.30324,3159.91052112,2685.30324,160.6034504459,10.049256,130.0,18546.4834331853,1.7780820904
1232444327,26.0509512,2685.3120792,3159.914306532,2685.3120792,160.75903262881,10.0480368,130.0,18546.5110122145,1.62295349986
1232444328,26.042112,2685.321528,3159.91052112,2685.321528,160.8393184783,10.049256,130.0,18546.4834331853,1.542214058
1232444330,26.0424168,2685.320004,3159.914306532,2685.320004,160.84113284778,10.0480368,130.0,18546.5110122145,1.54085328089
1232444332,26.032968,2685.327624,3159.91052112,2685.327624,160.9073573338,10.049256,130.0,18546.4834331853,1.4741752025
1232444333,26.0338824,2685.3288432,3159.914306532,2685.3288432,160.90781092617,10.0480368,130.0,18546.5110122145,1.4741752025
1232444336,26.017728,2685.345912,3159.91052112,2685.345912,160.9753961893,10.049256,129.0,18519.6628273149,1.406136347
1232444339,26.0171184,2685.3456072,3159.914306532,2685.3456072,160.97403541219,10.0480368,129.0,18519.642143043,1.40795071648
1232444340,26.008584,2685.355056,3159.91052112,2685.355056,160.707776691,10.049256,129.0,18519.6628273149,1.6737558453
1232444342,26.0088888,2685.3541416,3159.914306532,2685.3541416,160.70641591389,10.0480368,129.0,18519.642143043,1.67557021478
1232444344,25.99944,2685.361152,3159.91052112,2685.361152,160.8302466309,10.049256,129.0,18519.6628273149,1.5512859054
1232444345,26.0003544,2685.3623712,3159.914306532,2685.3623712,160.82979303853,10.0480368,129.0,18519.642143043,1.55219309014
1232444348,25.993344,2685.370296,3159.91052112,2685.370296,160.8756058679,10.049256,129.0,18519.6628273149,1.5059266684
1232444351,25.9835904,2685.3788304,3159.914306532,2685.3788304,160.80076312685,10.0480368,130.0,18517.4771892529,1.58076940945
1232444352,25.975056,2685.388584,3159.91052112,2685.388584,160.9980758078,10.049256,130.0,18517.4565049811,1.3834567285
1232444354,25.9753608,2685.3873648,3159.914306532,2685.3873648,160.99852940017,10.0480368,130.0,18517.4771892529,1.3834567285
1232444356,25.965912,2685.39468,3159.91052112,2685.39468,161.0162195026,10.049256,130.0,18517.4565049811,1.3653130337
1232444357,25.9671312,2685.3958992,3159.914306532,2685.3958992,161.01576591023,10.0480368,130.0,18517.4771892529,1.36622021844
1232444360,25.950672,2685.412968,3159.91052112,2685.412968,161.0026117315,10.049256,130.0,18532.2802331614,1.3789208048
1232444363,25.9503672,2685.4123584,3159.914306532,2685.4123584,161.00125095439,10.0480368,130.0,18532.3078121905,1.38073517428
1232444364,25.941528,2685.422112,3159.91052112,2685.422112,161.0162195026,10.049256,130.0,18532.2802331614,1.3653130337
1232444366,25.9421376,2685.4208928,3159.914306532,2685.4208928,161.0162195026,10.0480368,130.0,18532.3078121905,1.36576662607
1232444368,25.932384,2685.428208,3159.91052112,2685.428208,160.889213639,10.049256,130.0,18532.2802331614,1.4923188973
1232444369,25.9336032,2685.4294272,3159.914306532,2685.4294272,160.89102800848,10.0480368,130.0,18532.3078121905,1.49095812019
1232444372,25.926288,2685.437352,3159.91052112,2685.437352,160.843854402,10.049256,130.0,18532.2802331614,1.5376781343
1232444375,25.9168392,2685.4458864,3159.914306532,2685.4458864,160.95952045635,10.0395024,130.0,18532.3078121905,1.42246567232
1232444376,25.908,2685.452592,3159.91052112,2685.452592,160.889213639,10.040112,130.0,18545.8629050289,1.4923188973
1232444378,25.9086096,2685.454116,3159.914306532,2685.454116,160.89148160085,10.0395024,130.0,18545.8973788154,1.49050452782
1232444380,25.898856,2685.461736,3159.91052112,2685.461736,160.6578815303,10.040112,130.0,18545.8629050289,1.723651006
1232444381,25.9000752,2685.4626504,3159.914306532,2685.4626504,160.65833512267,10.0395024,130.0,18545.8973788154,1.723651006
1232444384,25.883616,2685.480024,3159.91052112,2685.480024,160.7939592413,10.040112,130.0,18545.8629050289,1.587573295
1232444387,25.8833112,2685.4797192,3159.914306532,2685.4797192,160.79577361078,10.0395024,130.0,18545.8973788154,1.58621251789
1232444388,25.874472,2685.489168,3159.91052112,2685.489168,160.8257107072,10.040112,128.0,18563.5134836994,1.5558218291
1232444390,25.8747768,2685.4879488,3159.914306532,2685.4879488,160.82707148431,10.0395024,128.0,18563.4996941848,1.55491464436
1232444392,25.865328,2685.495264,3159.91052112,2685.495264,160.7440640806,10.040112,128.0,18563.5134836994,1.6374684557
1232444393,25.8665472,2685.4964832,3159.914306532,2685.4964832,160.74542485771,10.0395024,128.0,18563.4996941848,1.63656127096
1232444396,25.859232,2685.504408,3159.91052112,2685.504408,160.6578815303,10.040112,128.0,18563.5134836994,1.723651006
1232444399,25.8497832,2685.5126376,3159.914306532,2685.5126376,160.75041437378,10.0395024,128.0,18563.4996941848,1.63157175489
1232444400,25.840944,2685.519648,3159.91052112,2685.519648,160.5943785985,10.040112,128.0,18563.5134836994,1.7871539378
1232444404,25.8318,2685.528792,3159.91052112,2685.528792,160.707776691,10.040112,130.0,18483.189561234,1.6737558453
1232444405,25.8330192,2685.5297064,3159.914306532,2685.5297064,160.70596232152,10.0395024,130.0,18483.189561234,1.67602380715
1232444408,25.81656,2685.54708,3159.91052112,2685.54708,160.6805611488,10.040112,130.0,18483.189561234,1.7009713875
1232444411,25.81656,2685.5461656,3159.914306532,2685.5461656,160.67920037169,10.0395024,130.0,18483.189561234,1.70278575698
1232444412,25.807416,2685.553176,3159.91052112,2685.553176,160.662417454,10.040112,130.0,18483.189561234,1.7191150823
1232444414,25.8083304,2685.5543952,3159.914306532,2685.5543952,160.66423182348,10.0395024,130.0,18483.189561234,1.71775430519
1232444416,25.798272,2685.56232,3159.91052112,2685.56232,160.707776691,10.040112,130.0,18562.2724273867,1.6737558453
1232444417,25.799796,2685.5626248,3159.914306532,2685.5626248,160.71004465285,10.0395024,130.0,18562.2655326294,1.67194147582
1232444420,25.792176,2685.571464,3159.91052112,2685.571464,160.4900523534,10.040112,130.0,18562.2724273867,1.8914801829
1232444423,25.783032,2685.5796936,3159.914306532,2685.5796936,160.51862867271,10.0395024,130.0,18562.2655326294,1.86335745596
1232444424,25.773888,2685.586704,3159.91052112,2685.586704,160.5943785985,10.040112,130.0,18562.2724273867,1.7871539378
1232444426,25.7748024,2685.5879232,3159.914306532,2685.5879232,160.5943785985,10.0395024,130.0,18562.2655326294,1.78760753017
1232444428,25.764744,2685.595848,3159.91052112,2685.595848,160.5399475141,10.040112,130.0,18562.2724273867,1.8415850222
1232444429,25.766268,2685.5964576,3159.914306532,2685.5964576,160.54085469884,10.0391976,130.0,18562.2655326294,1.84113142983
1232444432,25.749504,2685.614136,3159.91052112,2685.614136,160.4084057268,10.040112,129.0,18519.6628273149,1.9731268095
1232444435,25.749504,2685.6129168,3159.914306532,2685.6129168,160.40659135732,10.0391976,129.0,18519.642143043,1.97494117898
1232444436,25.74036,2685.620232,3159.91052112,2685.620232,160.3947979557,10.040112,129.0,18519.6628273149,1.9867345806
1232444438,25.7409696,2685.621756,3159.914306532,2685.621756,160.39389077096,10.0391976,129.0,18519.642143043,1.98809535771
1232444440,25.731216,2685.629376,3159.91052112,2685.629376,160.1770736181,10.040112,129.0,18519.6628273149,2.2044589182
1232444441,25.73274,2685.6299856,3159.914306532,2685.6299856,160.17752721047,10.0391976,129.0,18519.642143043,2.2044589182
1232444444,25.72512,2685.63852,3159.91052112,2685.63852,160.344902795,10.040112,130.0,18504.2185709782,2.0366297413
1232444447,25.715976,2685.6467496,3159.914306532,2685.6467496,160.29727559615,10.0391976,130.0,18504.1978867063,2.08471053252
1232444448,25.706832,2685.65376,3159.91052112,2685.65376,160.1816095418,10.040112,130.0,18504.2185709782,2.1999229945
1232444450,25.7077464,2685.6549792,3159.914306532,2685.6549792,160.18251672654,10.0391976,130.0,18504.1978867063,2.19946940213
1232444452,25.700736,2685.662904,3159.91052112,2685.662904,160.2451124736,10.040112,130.0,18504.2185709782,2.1364200627
1232444453,25.699212,2685.6635136,3159.914306532,2685.6635136,160.24556606597,10.0391976,130.0,18504.1978867063,2.1364200627
1232444456,25.682448,2685.681192,3159.91052112,2685.681192,159.9502774331,10.040112,129.0,18522.4207302321,2.4312551032
1232444459,25.6827528,2685.6799728,3159.914306532,2685.6799728,159.9502774331,10.0391976,129.0,18522.4207302321,2.43170869557
1232444460,25.673304,2685.687288,3159.91052112,2685.687288,160.0954269915,10.040112,129.0,18522.4207302321,2.2861055448
1232444462,25.6742184,2685.6882024,3159.914306532,2685.6882024,160.09633417624,10.0391976,129.0,18522.4207302321,2.28565195243
1232444464,25.667208,2685.696432,3159.91052112,2685.696432,160.1816095418,10.040112,129.0,18522.4207302321,2.1999229945
1232444465,25.6659888,2685.6967368,3159.914306532,2685.6967368,160.18115594943,10.0391976,129.0,18522.4207302321,2.20083017924
1232444468,25.658064,2685.705576,3159.91052112,2685.705576,159.9865648227,10.040112,129.0,18522.4207302321,2.3949677136
1232444471,25.6492248,2685.7135008,3159.914306532,2685.7135008,160.04779979265,10.0391976,130.0,18623.1117657416,2.33418633602
1232444472,25.639776,2685.720816,3159.91052112,2685.720816,160.0455318308,10.040112,130.0,18623.0841867124,2.3405366292
1232444474,25.6409952,2685.7220352,3159.914306532,2685.7220352,160.04326386895,10.0391976,130.0,18623.1117657416,2.33872225972
1232444476,25.63368,2685.72996,3159.91052112,2685.72996,159.9412055857,10.040112,130.0,18623.0841867124,2.4403269506
1232444477,25.6324608,2685.7302648,3159.914306532,2685.7302648,159.93939121622,10.0391976,130.0,18623.1117657416,2.44259491245
1232444480,25.615392,2685.748248,3159.91052112,2685.748248,159.6327627741,10.049256,130.0,18623.0841867124,2.7487697622
1232444483,25.6156968,2685.7470288,3159.914306532,2685.7470288,159.6327627741,10.0391976,130.0,18623.1117657416,2.74922335457
1232444484,25.606248,2685.754344,3159.91052112,2685.754344,159.7643045614,10.049256,130.0,18574.9587808061,2.6217638986
1232444486,25.6071624,2685.7555632,3159.914306532,2685.7555632,159.76203659955,10.0483416,130.0,18574.9312017769,2.61994952912
1232444488,25.600152,2685.763488,3159.91052112,2685.763488,159.8595589591,10.049256,130.0,18574.9587808061,2.5219735772
1232444489,25.5989328,2685.7640976,3159.914306532,2685.7640976,159.86046614384,10.0483416,130.0,18574.9312017769,2.52151998483
1232444492,25.591008,2685.772632,3159.91052112,2685.772632,159.8368793406,10.049256,130.0,18574.9587808061,2.5446531957
1232444495,25.5821688,2685.7805568,3159.914306532,2685.7805568,159.87860983864,10.0483416,130.0,18574.9312017769,2.50292269766
1232444496,25.57272,2685.787872,3159.91052112,2685.787872,159.9638852042,10.049256,130.0,18520.559145763,2.4176473321
1232444498,25.5736344,2685.7890912,3159.914306532,2685.7890912,159.96479238894,10.0483416,130.0,18520.5660405203,2.41719373973
1232444500,25.566624,2685.797016,3159.91052112,2685.797016,159.9003822724,10.049256,130.0,18520.559145763,2.4811502639
1232444501,25.5654048,2685.797016,3159.914306532,2685.797016,159.89947508766,10.0483416,130.0,18520.5660405203,2.48251104101
1232444504,25.548336,2685.815304,3159.91052112,2685.815304,159.8958463487,10.049256,130.0,18520.559145763,2.4856861876
1232444507,25.5486408,2685.8140848,3159.914306532,2685.8140848,159.89766071818,10.0483416,130.0,18520.5660405203,2.48432541049
1232444508,25.539192,2685.8214,3159.91052112,2685.8214,159.9049181961,10.049256,130.0,18520.559145763,2.4766143402
1232444510,25.5404112,2685.8223144,3159.914306532,2685.8223144,159.90401101136,10.0483416,130.0,18520.5660405203,2.47797511731
1232444512,25.533096,2685.830544,3159.91052112,2685.830544,160.0999629152,10.049256,129.0,18492.7732738715,2.2815696211
1232444513,25.5321816,2685.830544,3159.914306532,2685.830544,160.10223087705,10.0483416,129.0,18492.7663791142,2.27975525162
1232444516,25.523952,2685.839688,3159.91052112,2685.839688,160.0183162886,10.049256,129.0,18492.7732738715,2.3632162477
1232444519,25.5154176,2685.847308,3159.914306532,2685.847308,159.92623703749,10.0483416,129.0,18492.7663791142,2.45574909118
1232444520,25.505664,2685.854928,3159.91052112,2685.854928,159.845951188,10.049256,129.0,18492.7732738715,2.5355813483
1232444540,25.456896,2685.906744,3159.91052112,2685.906744,159.8686308065,10.049256,129.0,18533.2454991824,2.5129017298
1232444543,25.4483616,2685.9146688,3159.914306532,2685.9146688,160.00153337091,10.0486464,129.0,18533.2317096678,2.38045275776
1232444544,25.438608,2685.921984,3159.91052112,2685.921984,160.0999629152,10.049256,129.0,18533.2454991824,2.2815696211
1232444546,25.4398272,2685.9228984,3159.914306532,2685.9228984,160.10087009994,10.0486464,129.0,18533.2317096678,2.28066243636
1232444548,25.432512,2685.931128,3159.91052112,2685.931128,160.1997532366,10.049256,129.0,18533.2454991824,2.1817792997
1232444549,25.4315976,2685.931128,3159.914306532,2685.931128,160.19884605186,10.0486464,129.0,18533.2317096678,2.18314007681
1232444552,25.414224,2685.949416,3159.91052112,2685.949416,160.1589299233,10.049256,129.0,18526.7644273268,2.222602613
1232444555,25.4148336,2685.947892,3159.914306532,2685.947892,160.16029070041,10.0486464,129.0,18526.743743055,2.22169542826
1232444556,25.40508,2685.955512,3159.91052112,2685.955512,160.0228522123,10.049256,129.0,18526.7644273268,2.358680324
1232444558,25.406604,2685.9561216,3159.914306532,2685.9561216,160.02330580467,10.0486464,129.0,18526.743743055,2.35822673163
1232444560,25.398984,2685.964656,3159.91052112,2685.964656,160.0999629152,10.049256,129.0,18526.7644273268,2.2815696211
1232444561,25.3980696,2685.964656,3159.914306532,2685.964656,160.09950932283,10.0486464,129.0,18526.743743055,2.28247680584
1232444564,25.38984,2685.9738,3159.91052112,2685.9738,160.0954269915,10.049256,129.0,18526.7644273268,2.2906414685
1232444567,25.3816104,2685.9811152,3159.914306532,2685.9811152,160.15938351567,10.0486464,129.0,18598.097586282,2.222602613
1232444568,25.3746,2685.98904,3159.91052112,2685.98904,160.2269687788,10.049256,129.0,18598.1251653111,2.1545637575
1232444570,25.373076,2685.9899544,3159.914306532,2685.9899544,160.22878314828,10.0486464,129.0,18598.097586282,2.15320298039
1232444572,25.365456,2685.998184,3159.91052112,2685.998184,160.0546036782,10.049256,129.0,18598.1251653111,2.3269288581
1232444573,25.3648464,2685.998184,3159.914306532,2685.998184,160.05596445531,10.0486464,129.0,18598.097586282,2.32602167336
1232444576,25.347168,2686.013424,3159.91052112,2686.013424,160.1543939996,10.049256,130.0,18494.9106486324,2.2271385367
1232444579,25.3480824,2686.0146432,3159.914306532,2686.0146432,160.15257963012,10.0486464,130.0,18494.924438147,2.22940649855
1232444580,25.341072,2686.022568,3159.91052112,2686.022568,160.254184321,10.049256,130.0,18494.9106486324,2.1273482153
1232444582,25.339548,2686.0231776,3159.914306532,2686.0231776,160.25509150574,10.0486464,130.0,18494.924438147,2.12689462293
1232444584,25.331928,2686.031712,3159.91052112,2686.031712,159.9865648227,10.049256,130.0,18494.9106486324,2.3995036373
1232444585,25.3313184,2686.031712,3159.914306532,2686.031712,159.98429686085,10.0486464,130.0,18494.924438147,2.39768926782
1232444588,25.322784,2686.040856,3159.91052112,2686.040856,160.1044988389,10.049256,130.0,18494.9106486324,2.2770336974
1232444591,25.3145544,2686.048476,3159.914306532,2686.048476,160.10767398549,10.0486464,130.0,18494.924438147,2.27431214318
1232444592,25.304496,2686.056096,3159.91052112,2686.056096,160.11810661,10.049256,130.0,18471.123735971,2.2634259263
1232444594,25.30602,2686.0567056,3159.914306532,2686.0567056,160.11629224052,10.047732,130.0,18471.1444202429,2.26569388815
1232444596,25.2984,2686.06524,3159.91052112,2686.06524,160.2269687788,10.049256,130.0,18471.123735971,2.1545637575
1232444597,25.2974856,2686.06524,3159.914306532,2686.06524,160.2269687788,10.047732,130.0,18471.1444202429,2.15501734987
1232444600,25.280112,2686.08048,3159.91052112,2686.08048,160.3040794817,10.049256,130.0,18471.123735971,2.0774530546
1232444603,25.2810264,2686.0816992,3159.914306532,2686.0816992,160.30362588933,10.047732,130.0,18471.1444202429,2.07836023934
1232444604,25.274016,2686.089624,3159.91052112,2686.089624,160.3993338794,10.049256,129.0,18502.0122486444,1.9821986569
1232444606,25.272492,2686.0902336,3159.914306532,2686.0902336,160.39888028703,10.047732,129.0,18502.0329329162,1.98310584164
1232444608,25.264872,2686.098768,3159.91052112,2686.098768,160.3675824135,10.049256,129.0,18502.0122486444,2.0139501228
1232444609,25.2642624,2686.0984632,3159.914306532,2686.0984632,160.36803600587,10.047732,129.0,18502.0329329162,2.0139501228
1232444612,25.255728,2686.107912,3159.91052112,2686.107912,160.3630464898,10.049256,129.0,18502.0122486444,2.0230219702
1232444615,25.2474984,2686.1152272,3159.914306532,2686.1152272,160.32449113835,10.047732,129.0,18502.0329329162,2.05749499032
1232444616,25.240488,2686.123152,3159.91052112,2686.123152,160.3857261083,10.049256,129.0,18502.0122486444,1.995806428
1232444618,25.2392688,2686.123152,3159.914306532,2686.123152,160.38391173882,10.047732,129.0,18502.0329329162,1.99807438985
1232444620,25.231344,2686.132296,3159.91052112,2686.132296,160.3721183372,10.049256,129.0,18538.4855147252,2.0094141991
1232444621,25.2307344,2686.132296,3159.914306532,2686.132296,160.3721183372,10.047732,129.0,18538.4855147252,2.00986779147
1232444624,25.213056,2686.147536,3159.91052112,2686.147536,160.3358309476,10.049256,129.0,18538.4855147252,2.0457015887
1232444627,25.2142752,2686.1484504,3159.914306532,2686.1484504,160.33492376286,10.047732,129.0,18538.4855147252,2.04706236581
1232444628,25.20696,2686.15668,3159.91052112,2686.15668,160.4991242008,10.049256,129.0,18538.4855147252,1.8869442592
1232444630,25.2057408,2686.1569848,3159.914306532,2686.1569848,160.49685623895,10.047732,129.0,18538.4855147252,1.88512988972
1232444632,25.197816,2686.165824,3159.91052112,2686.165824,160.4174775742,10.049256,130.0,18514.0780739074,1.9640549621
1232444633,25.1972064,2686.1655192,3159.914306532,2686.1655192,160.41793116657,10.047732,130.0,18514.0780739074,1.9640549621
1232444636,25.188672,2686.174968,3159.91052112,2686.174968,160.4945882771,10.049256,130.0,18514.0780739074,1.8869442592
1232444639,25.1804424,2686.182588,3159.914306532,2686.182588,160.34626357211,10.047732,130.0,18514.0780739074,2.03526896419
1232444640,25.173432,2686.190208,3159.91052112,2686.190208,160.390262032,10.049256,130.0,18514.0780739074,1.9912705043
1232444648,25.146,2686.214592,3159.91052112,2686.214592,160.344902795,10.030968,129.0,18551.1718681447,2.0366297413
1232444651,25.1469144,2686.2155064,3159.914306532,2686.2155064,160.34354201789,10.0300536,129.0,18551.1442891155,2.03799051841
1232444652,25.139904,2686.223736,3159.91052112,2686.223736,160.4719086586,10.030968,129.0,18551.1718681447,1.9096238777
1232444654,25.1386848,2686.2240408,3159.914306532,2686.2240408,160.47281584334,10.0300536,129.0,18551.1442891155,1.90917028533
1232444656,25.13076,2686.23288,3159.91052112,2686.23288,160.4855164297,10.030968,129.0,18551.1718681447,1.8960161066
1232444657,25.1304552,2686.2325752,3159.914306532,2686.2325752,160.48506283733,10.0300536,129.0,18551.1442891155,1.89692329134
1232444660,25.121616,2686.242024,3159.91052112,2686.242024,160.480980506,10.030968,130.0,18467.7453048973,1.905087954
1232444663,25.1136912,2686.2490344,3159.914306532,2686.2490344,160.52135022693,10.0300536,130.0,18467.7521996546,1.86063590174
1232444664,25.106376,2686.257264,3159.91052112,2686.257264,160.435621269,10.030968,130.0,18467.7453048973,1.9459112673
1232444666,25.1054616,2686.2575688,3159.914306532,2686.2575688,160.43380689952,10.0300536,130.0,18467.7521996546,1.94817922915
1232444668,25.097232,2686.266408,3159.91052112,2686.266408,160.6215941407,10.030968,130.0,18467.7453048973,1.7599383956
1232444669,25.0969272,2686.2661032,3159.914306532,2686.2661032,160.62204773307,10.0300536,130.0,18467.7521996546,1.75948480323
1232444672,25.078944,2686.281648,3159.91052112,2686.281648,160.57169898,10.030968,129.0,18502.356986509,1.8098335563
1232444675,25.0801632,2686.2825624,3159.914306532,2686.2825624,160.57351334948,10.0300536,129.0,18502.3431969944,1.80847277919
1232444676,25.072848,2686.290792,3159.91052112,2686.290792,160.5943785985,10.030968,129.0,18502.356986509,1.7871539378
1232444678,25.0719336,2686.290792,3159.914306532,2686.290792,160.59483219087,10.0300536,129.0,18502.3431969944,1.7871539378
1232444680,25.063704,2686.299936,3159.91052112,2686.299936,160.7758155465,10.030968,129.0,18502.356986509,1.6057169898
1232444681,25.0633992,2686.2990216,3159.914306532,2686.2990216,160.77762991598,10.0300536,129.0,18502.3431969944,1.60390262032
1232444684,25.05456,2686.306032,3159.91052112,2686.306032,160.7032407673,10.030968,129.0,18502.356986509,1.678291769
1232444687,25.0466352,2686.3160904,3159.914306532,2686.3160904,160.62703724914,10.0300536,129.0,18510.6858533192,1.75494887953
1232444688,25.03932,2686.32432,3159.91052112,2686.32432,160.6850970725,10.030968,129.0,18510.6996428338,1.7009713875
1232444690,25.0381008,2686.32432,3159.914306532,2686.32432,160.68282911065,10.0300536,129.0,18510.6858533192,1.69915701802
1232444692,25.030176,2686.333464,3159.91052112,2686.333464,160.6533456066,10.030968,129.0,18510.6996428338,1.7327228534
1232444693,25.0298712,2686.3328544,3159.914306532,2686.3328544,160.65153123712,10.0300536,129.0,18510.6858533192,1.73045489155
1232444696,25.011888,2686.348704,3159.91052112,2686.348704,160.7622077754,10.030968,129.0,18510.6996428338,1.6193247609
1232444699,25.0131072,2686.3493136,3159.914306532,2686.3493136,160.76175418303,10.0300536,129.0,18510.6858533192,1.62023194564
1232444700,25.005792,2686.357848,3159.91052112,2686.357848,160.6533456066,10.030968,129.0,18540.6228894861,1.7281869297
1232444702,25.0048776,2686.357848,3159.914306532,2686.357848,160.6533456066,10.0300536,129.0,18540.643573758,1.72864052207
1232444704,24.996648,2686.366992,3159.91052112,2686.366992,160.7123126147,10.030968,129.0,18540.6228894861,1.6692199216
1232444705,24.9963432,2686.3663824,3159.914306532,2686.3663824,160.71367339181,10.0300536,129.0,18540.643573758,1.66831273686
1232444708,24.987504,2686.376136,3159.91052112,2686.376136,160.5989145222,10.030968,129.0,18540.6228894861,1.7871539378
1232444711,24.979884,2686.3831464,3159.914306532,2686.3831464,160.78624817101,10.0300536,129.0,18540.643573758,1.59528436529
1232444712,24.972264,2686.391376,3159.91052112,2686.391376,160.6397378355,10.030968,129.0,18452.6457864253,1.7417947008
1232444714,24.9716544,2686.3910712,3159.914306532,2686.3910712,160.64109861261,10.0300536,129.0,18452.6113126388,1.74043392369
1232444716,24.96312,2686.40052,3159.91052112,2686.40052,160.5989145222,10.030968,129.0,18452.6457864253,1.7826180141
1232444717,24.96312,2686.3993008,3159.914306532,2686.3993008,160.59846092983,10.0300536,129.0,18452.6113126388,1.78352519884
1232444720,24.944832,2686.41576,3159.91052112,2686.41576,160.6397378355,10.030968,129.0,18452.6457864253,1.7417947008
1232444723,24.946356,2686.4163696,3159.914306532,2686.4163696,160.63883065076,10.0300536,129.0,18452.6113126388,1.74315547791
1232444724,24.938736,2686.424904,3159.91052112,2686.424904,160.7848873939,10.030968,129.0,18452.6457864253,1.5966451424
1232444726,24.9378216,2686.4245992,3159.914306532,2686.4245992,160.78670176338,10.0300536,129.0,18452.6113126388,1.59528436529
1232444728,24.929592,2686.434048,3159.91052112,2686.434048,160.7440640806,10.030968,129.0,18445.1994485487,1.6374684557
1232444729,24.929592,2686.4331336,3159.914306532,2686.4331336,160.74542485771,10.0300536,129.0,18445.1994485487,1.63656127096
1232444732,24.920448,2686.440144,3159.91052112,2686.440144,160.6987048436,10.030968,129.0,18445.1994485487,1.6828276927
1232444735,24.912828,2686.4498976,3159.914306532,2686.4498976,160.70641591389,10.0300536,129.0,18445.1994485487,1.67557021478
1232444736,24.905208,2686.458432,3159.91052112,2686.458432,160.5898426748,10.030968,129.0,18445.1994485487,1.7916898615
1232444738,24.9042936,2686.458432,3159.914306532,2686.458432,160.59074985954,10.0300536,129.0,18445.1994485487,1.79123626913
1232444740,24.896064,2686.467576,3159.91052112,2686.467576,160.57169898,10.030968,130.0,18510.9754331255,1.8098335563
1232444741,24.896064,2686.4666616,3159.914306532,2686.4666616,160.57305975711,10.0300536,130.0,18510.9892226401,1.80892637156
1232444744,24.877776,2686.482816,3159.91052112,2686.482816,160.5490193615,10.030968,130.0,18510.9754331255,1.8325131748
1232444747,24.8793,2686.4834256,3159.914306532,2686.4834256,160.55083373098,10.0300536,130.0,18510.9892226401,1.83115239769
1232444748,24.87168,2686.49196,3159.91052112,2686.49196,160.5989145222,10.030968,129.0,18433.754151442,1.7826180141
1232444750,24.8707656,2686.4916552,3159.914306532,2686.4916552,160.60027529931,10.0300536,129.0,18433.7748357139,1.78171082936
1232444752,24.862536,2686.501104,3159.91052112,2686.501104,160.5807708274,10.030968,129.0,18433.754151442,1.8007617089
1232444753,24.8622312,2686.5007992,3159.914306532,2686.5007992,160.57986364266,10.0300536,129.0,18433.7748357139,1.80212248601
1232444756,24.853392,2686.510248,3159.91052112,2686.510248,160.5172678956,10.070592,129.0,18433.754151442,1.8642646407
1232444759,24.8448576,2686.5175632,3159.914306532,2686.5175632,160.62114054833,10.0715064,129.0,18433.7748357139,1.76084558034
1232444760,24.835104,2686.525488,3159.91052112,2686.525488,160.4945882771,10.070592,129.0,18433.754151442,1.8869442592
1232444776,24.792432,2686.571208,3159.91052112,2686.571208,160.6987048436,10.070592,129.0,18469.8826796582,1.6828276927
1232444777,24.7927368,2686.569684,3159.914306532,2686.569684,160.69734406649,10.0715064,129.0,18469.9102586874,1.68464206218
1232444780,24.783288,2686.577304,3159.91052112,2686.577304,160.4401571927,10.070592,129.0,18469.8826796582,1.9413753436
1232444783,24.7753632,2686.5873624,3159.914306532,2686.5873624,160.61206870093,10.0715064,129.0,18469.9102586874,1.76946383537
1232444784,24.768048,2686.595592,3159.91052112,2686.595592,160.5172678956,10.070592,129.0,18469.8826796582,1.8642646407
1232444786,24.7668288,2686.5958968,3159.914306532,2686.5958968,160.51590711849,10.0715064,129.0,18469.9102586874,1.86607901018
1232444788,24.758904,2686.604736,3159.91052112,2686.604736,160.5444834378,10.070592,129.0,18469.8826796582,1.8370490985
1232444789,24.7579896,2686.604736,3159.914306532,2686.604736,160.54584421491,10.0715064,129.0,18469.9102586874,1.83614191376
1232444792,24.740616,2686.623024,3159.91052112,2686.623024,160.5127319719,10.070592,129.0,18502.0122486444,1.8688005644
1232444795,24.740616,2686.6224144,3159.914306532,2686.6224144,160.51182478716,10.0715064,129.0,18502.0398276735,1.87016134151
1232444796,24.731472,2686.632168,3159.91052112,2686.632168,160.5354115904,10.070592,129.0,18502.0122486444,1.8461209459
1232444798,24.7320816,2686.630644,3159.914306532,2686.630644,160.53677236751,10.0715064,129.0,18502.0398276735,1.84521376116
1232444800,24.722328,2686.638264,3159.91052112,2686.638264,160.6987048436,10.070592,129.0,18502.0122486444,1.6828276927
1232444801,24.7232424,2686.6394832,3159.914306532,2686.6394832,160.70006562071,10.0715064,129.0,18502.0398276735,1.68146691559
1232444804,24.716232,2686.647408,3159.91052112,2686.647408,160.5943785985,10.070592,129.0,18459.4026485726,1.7916898615
1232444807,24.7061736,2686.656552,3159.914306532,2686.656552,160.79985594211,10.0715064,129.0,18459.4095433299,1.58213018656
1232444808,24.697944,2686.665696,3159.91052112,2686.665696,160.7576718517,10.247376,129.0,18459.4026485726,1.6238606846
1232444810,24.6973344,2686.6653912,3159.914306532,2686.6653912,160.75585748222,10.2461568,129.0,18459.4095433299,1.62612864645
1232444812,24.6888,2686.67484,3159.91052112,2686.67484,160.6034504459,10.247376,129.0,18459.4026485726,1.7780820904
1232444813,24.6888,2686.6739256,3159.914306532,2686.6739256,160.60163607642,10.2461568,129.0,18459.4095433299,1.78035005225
1232444816,24.670512,2686.69008,3159.91052112,2686.69008,160.6306659881,10.247376,129.0,18527.3849554832,1.7554024719
1232444819,24.6714264,2686.6912992,3159.914306532,2686.6912992,160.62839802625,10.2461568,129.0,18527.3642712113,1.75358810242
1232444820,24.661368,2686.699224,3159.91052112,2686.699224,160.4991242008,10.247376,129.0,18527.3849554832,1.8824083355
1232444822,24.6625872,2686.6998336,3159.914306532,2686.6998336,160.4991242008,10.2461568,129.0,18527.3642712113,1.88286192787
1232444824,24.655272,2686.708368,3159.91052112,2686.708368,160.5399475141,10.247376,129.0,18527.3849554832,1.8415850222
1232444825,24.6540528,2686.7089776,3159.914306532,2686.7089776,160.53949392173,10.2461568,129.0,18527.3642712113,1.84249220694
1232444828,24.646128,2686.717512,3159.91052112,2686.717512,160.5580912089,10.247376,129.0,18527.3849554832,1.8234413274
1232444831,24.6366792,2686.7260464,3159.914306532,2686.7260464,160.7213844621,10.2461568,130.0,18464.0359254736,1.66060166657
1232444832,24.62784,2686.7358,3159.91052112,2686.7358,160.6215941407,10.247376,130.0,18464.022135959,1.7644743193
1232444834,24.62784,2686.7348856,3159.914306532,2686.7348856,160.61977977122,10.2461568,130.0,18464.0359254736,1.76220635745
1232444836,24.618696,2686.744944,3159.91052112,2686.744944,160.5671630563,10.247376,130.0,18464.022135959,1.8189054037
1232444837,24.6193056,2686.74342,3159.914306532,2686.74342,160.56489509445,10.2461568,130.0,18464.0359254736,1.81709103422
1232444840,24.600408,2686.760184,3159.91052112,2686.760184,160.4673727349,10.247376,130.0,18464.022135959,1.9141598014
1232444843,24.601932,2686.7607936,3159.914306532,2686.7607936,160.46873351201,10.2461568,130.0,18464.0359254736,1.91325261666
1232444844,24.594312,2686.769328,3159.91052112,2686.769328,160.4265494216,10.247376,129.0,18473.3300583048,1.9549831147
1232444846,24.5933976,2686.769328,3159.914306532,2686.769328,160.42518864449,10.2461568,129.0,18473.3093740329,1.95679748418
1232444848,24.585168,2686.778472,3159.91052112,2686.778472,160.6669533777,10.247376,129.0,18473.3300583048,1.7145791586
1232444849,24.5845584,2686.7781672,3159.914306532,2686.7781672,160.6669533777,10.2461568,129.0,18473.3093740329,1.71503275097
1232444852,24.576024,2686.787616,3159.91052112,2686.787616,160.6034504459,10.247376,129.0,18473.3300583048,1.7826180141
1232444855,24.5671848,2686.795236,3159.914306532,2686.795236,160.60571840775,10.2461568,129.0,18473.3093740329,1.77626772092
1232444856,24.557736,2686.802856,3159.91052112,2686.802856,160.5989145222,10.247376,129.0,18405.9682795505,1.7826180141
1232444858,24.5586504,2686.8040752,3159.914306532,2686.8040752,160.59710015272,10.2461568,129.0,18405.9682795505,1.78488597595
1232444860,24.548592,2686.812,3159.91052112,2686.812,160.6306659881,10.247376,129.0,18405.9682795505,1.7508665482
1232444861,24.550116,2686.8129144,3159.914306532,2686.8129144,160.63021239573,10.2461568,129.0,18405.9682795505,1.75177373294
1232444864,24.533352,2686.830288,3159.91052112,2686.830288,160.435621269,10.405872,129.0,18405.9682795505,1.9459112673
1232444867,24.5327424,2686.8299832,3159.914306532,2686.8299832,160.43607486137,10.405872,129.0,18405.9682795505,1.94545767493
1232444868,24.524208,2686.839432,3159.91052112,2686.839432,160.5127319719,10.405872,129.0,18405.9682795505,1.8688005644
1232444870,24.5239032,2686.8388224,3159.914306532,2686.8388224,160.5127319719,10.405872,129.0,18405.9682795505,1.86925415677
1232444872,24.515064,2686.848576,3159.91052112,2686.848576,160.3675824135,10.405872,130.0,18440.2352232976,2.0139501228
1232444873,24.5153688,2686.8473568,3159.914306532,2686.8473568,160.36667522876,10.405872,130.0,18440.2559075695,2.01531089991
1232444876,24.50592,2686.854672,3159.91052112,2686.854672,160.5444834378,10.405872,130.0,18440.2352232976,1.8370490985
1232444879,24.4979952,2686.8650352,3159.914306532,2686.8650352,160.47009428912,10.405872,130.0,18440.2559075695,1.91143824718
1232444880,24.487632,2686.87296,3159.91052112,2686.87296,160.4991242008,10.405872,130.0,18440.2352232976,1.8824083355
1232444884,24.481536,2686.882104,3159.91052112,2686.882104,160.5762349037,10.405872,130.0,18466.8489864492,1.8052976326
1232444885,24.4803168,2686.8824088,3159.914306532,2686.8824088,160.57487412659,10.405872,130.0,18466.82140742,1.80711200208
1232444888,24.463248,2686.900392,3159.91052112,2686.900392,160.5081960482,10.405872,130.0,18466.8489864492,1.8733364881
1232444891,24.4629432,2686.8994776,3159.914306532,2686.8994776,160.5081960482,10.405872,130.0,18466.82140742,1.8733364881
1232444892,24.454104,2686.909536,3159.91052112,2686.909536,160.5354115904,10.405872,130.0,18466.8489864492,1.8461209459
1232444894,24.4544088,2686.908012,3159.914306532,2686.908012,160.5354115904,10.405872,130.0,18466.82140742,1.84657453827
1232444896,24.44496,2686.915632,3159.91052112,2686.915632,160.4129416505,10.405872,130.0,18466.8489864492,1.9685908858
1232444897,24.4458744,2686.917156,3159.914306532,2686.917156,160.41475601998,10.405872,130.0,18466.82140742,1.96723010869
1232444900,24.435816,2686.924776,3159.91052112,2686.924776,160.4764445823,10.405872,129.0,18490.9116894024,1.905087954
1232444903,24.4285008,2686.93392,3159.914306532,2686.93392,160.39116921674,10.405872,129.0,18490.9185841597,1.99081691193
1232444904,24.420576,2686.943064,3159.91052112,2686.943064,160.5490193615,10.405872,129.0,18490.9116894024,1.8325131748
1232444906,24.4199664,2686.943064,3159.914306532,2686.943064,160.54856576913,10.405872,129.0,18490.9185841597,1.83342035954
1232444908,24.411432,2686.952208,3159.91052112,2686.952208,160.5172678956,10.405872,129.0,18490.9116894024,1.8642646407
1232444909,24.4111272,2686.9515984,3159.914306532,2686.9515984,160.51953585745,10.405872,129.0,18490.9185841597,1.86245027122
1232444912,24.393144,2686.967448,3159.91052112,2686.967448,160.4583008875,10.390632,130.0,18470.2274175229,1.9232316488
1232444915,24.3940584,2686.968972,3159.914306532,2686.968972,160.45784729513,10.3900224,130.0,18470.2205227656,1.92413883354
1232444916,24.384,2686.976592,3159.91052112,2686.976592,160.4991242008,10.390632,130.0,18470.2274175229,1.8824083355
1232444918,24.385524,2686.9775064,3159.914306532,2686.9775064,160.49957779317,10.3900224,130.0,18470.2205227656,1.8824083355
1232444920,24.377904,2686.985736,3159.91052112,2686.985736,160.5671630563,10.390632,130.0,18470.2274175229,1.81436948
1232444921,24.3766848,2686.985736,3159.914306532,2686.985736,160.56852383341,10.3900224,130.0,18470.2205227656,1.81346229526
1232444924,24.36876,2686.99488,3159.91052112,2686.99488,160.6034504459,10.390632,130.0,18470.2274175229,1.7780820904
1232444927,24.3593112,2687.0034144,3159.914306532,2687.0034144,160.73181708661,10.3900224,130.0,18431.9132512447,1.65016904206
1232444928,24.350472,2687.013168,3159.91052112,2687.013168,160.6533456066,10.390632,130.0,18431.8925669728,1.7327228534
1232444930,24.3507768,2687.0119488,3159.914306532,2687.0119488,160.65107764475,10.3900224,130.0,18431.9132512447,1.73090848392
1232444932,24.341328,2687.022312,3159.91052112,2687.022312,160.7304563095,10.390632,130.0,18431.8925669728,1.6510762268
1232444933,24.3419376,2687.0210928,3159.914306532,2687.0210928,160.72864194002,10.3900224,130.0,18431.9132512447,1.65289059628
1232444936,24.326088,2687.037552,3159.91052112,2687.037552,160.6261300644,10.390632,129.0,18414.9314640316,1.7554024719
1232444939,24.324564,2687.0378568,3159.914306532,2687.0378568,160.62794443388,10.3900224,129.0,18414.9314640316,1.75404169479
1232444940,24.316944,2687.046696,3159.91052112,2687.046696,160.7440640806,10.390632,129.0,18414.9314640316,1.6374684557
1232444942,24.3157248,2687.0470008,3159.914306532,2687.0470008,160.74224971112,10.3900224,129.0,18414.9314640316,1.63928282518
1232444944,24.3078,2687.05584,3159.91052112,2687.05584,160.6941689199,10.390632,129.0,18414.9314640316,1.6873636164
1232444945,24.3071904,2687.0555352,3159.914306532,2687.0555352,160.69643688175,10.3900224,129.0,18414.9314640316,1.68554924692
1232444948,24.298656,2687.064984,3159.91052112,2687.064984,160.8483903257,10.390632,129.0,18414.9314640316,1.5331422106
1232444951,24.2898168,2687.072604,3159.914306532,2687.072604,160.70550872915,10.3900224,129.0,18414.9314640316,1.67647739952
1232444952,24.280368,2687.080224,3159.91052112,2687.080224,160.6669533777,10.390632,130.0,18490.0153709543,1.7191150823
1232444954,24.2812824,2687.0814432,3159.914306532,2687.0814432,160.66513900822,10.3900224,130.0,18489.9877919251,1.71684712045
1232444956,24.271224,2687.089368,3159.91052112,2687.089368,160.7848873939,10.390632,130.0,18490.0153709543,1.6011810661
1232444957,24.272748,2687.0899776,3159.914306532,2687.0899776,160.78261943205,10.3900224,130.0,18489.9877919251,1.59891310425
1232444960,24.255984,2687.107656,3159.91052112,2687.107656,160.6941689199,10.390632,130.0,18490.0153709543,1.6873636164
1232444963,24.2553744,2687.107656,3159.914306532,2687.107656,160.69371532753,10.3900224,130.0,18489.9877919251,1.68827080114
1232444964,24.24684,2687.1168,3159.91052112,2687.1168,160.6034504459,10.390632,130.0,18384.6634795146,1.7826180141
1232444966,24.2465352,2687.1161904,3159.914306532,2687.1161904,160.60118248405,10.3900224,130.0,18384.6565847573,1.78080364462
1232444968,24.237696,2687.125944,3159.91052112,2687.125944,160.5399475141,10.399776,130.0,18384.6634795146,1.8415850222
1232444969,24.2380008,2687.1247248,3159.914306532,2687.1247248,160.54040110647,10.4000808,130.0,18384.6565847573,1.8415850222
1232444972,24.228552,2687.13204,3159.91052112,2687.13204,160.5308756667,10.399776,130.0,18384.6634795146,1.8551927933
1232444975,24.2206272,2687.1420984,3159.914306532,2687.1420984,160.66649978533,10.4000808,130.0,18384.6565847573,1.71548634334
1232444976,24.210264,2687.150328,3159.91052112,2687.150328,160.5807708274,10.399776,130.0,18384.6634795146,1.8007617089
1232444978,24.211788,2687.1509376,3159.914306532,2687.1509376,160.57895645792,10.4000808,130.0,18384.6565847573,1.80302967075
1232444980,24.204168,2687.159472,3159.91052112,2687.159472,160.4900523534,10.399776,128.0,18489.3948427979,1.8914801829
1232444981,24.2029488,2687.1597768,3159.914306532,2687.1597768,160.48869157629,10.4000808,128.0,18489.3672637687,1.89329455238
1232444984,24.18588,2687.17776,3159.91052112,2687.17776,160.5354115904,10.399776,128.0,18489.3948427979,1.8461209459
1232444987,24.18588,2687.1771504,3159.914306532,2687.1771504,160.53405081329,10.4000808,128.0,18489.3672637687,1.84793531538
1232444988,24.176736,2687.186904,3159.91052112,2687.186904,160.5172678956,10.399776,128.0,18489.3948427979,1.8688005644
1232444990,24.1770408,2687.1859896,3159.914306532,2687.1859896,160.51499993375,10.4000808,128.0,18489.3672637687,1.86698619492
1232444992,24.167592,2687.193,3159.91052112,2687.193,160.5853067511,10.399776,130.0,18439.9594330059,1.7962257852
1232444993,24.1685064,2687.1942192,3159.914306532,2687.1942192,160.58712112058,10.4000808,130.0,18439.9456434913,1.79486500809
1232444996,24.158448,2687.202144,3159.91052112,2687.202144,160.6079863696,10.399776,130.0,18439.9594330059,1.7735461667
1232444999,24.1511328,2687.2118976,3159.914306532,2687.2118976,160.4945882771,10.4000808,130.0,18439.9456434913,1.88739785157
1232445000,24.143208,2687.220432,3159.91052112,2687.220432,160.4991242008,10.399776,130.0,18439.9594330059,1.8824083355
1232445020,24.091392,2687.272248,3159.91052112,2687.272248,160.6079863696,10.421112,130.0,18381.9055765974,1.7735461667
1232445023,24.0816384,2687.2810872,3159.914306532,2687.2810872,160.7213844621,10.4205024,130.0,18381.8779975682,1.66060166657
1232445024,24.073104,2687.290536,3159.91052112,2687.290536,160.753135928,10.421112,130.0,18381.9055765974,1.6283966083
1232445026,24.073104,2687.2896216,3159.914306532,2687.2896216,160.75449670511,10.4205024,130.0,18381.8779975682,1.62748942356
1232445028,24.06396,2687.29968,3159.91052112,2687.29968,160.753135928,10.421112,130.0,18381.9055765974,1.6283966083
1232445029,24.0642648,2687.2984608,3159.914306532,2687.2984608,160.75268233563,10.4205024,130.0,18381.8779975682,1.62930379304
1232445032,24.045672,2687.31492,3159.91052112,2687.31492,160.9118932575,10.421112,129.0,18433.1336232856,1.4696392788
1232445035,24.0468912,2687.3158344,3159.914306532,2687.3158344,160.9118932575,10.4205024,129.0,18433.1543075575,1.47009287117
1232445036,24.039576,2687.324064,3159.91052112,2687.324064,160.889213639,10.421112,129.0,18433.1336232856,1.4923188973
1232445038,24.0383568,2687.3243688,3159.914306532,2687.3243688,160.88876004663,10.4205024,129.0,18433.1543075575,1.49322608204
1232445040,24.030432,2687.333208,3159.91052112,2687.333208,160.8529262494,10.421112,129.0,18433.1336232856,1.5286062869
1232445041,24.0298224,2687.333208,3159.914306532,2687.333208,160.85337984177,10.4205024,129.0,18433.1543075575,1.5286062869
1232445044,24.021288,2687.342352,3159.91052112,2687.342352,160.8075670124,10.421112,129.0,18433.1336232856,1.5739655239
1232445047,24.0124488,2687.3505816,3159.914306532,2687.3505816,160.83886488593,10.4205024,129.0,18384.9668488355,1.54312124274
1232445048,24.003,2687.357592,3159.91052112,2687.357592,160.8710699442,10.421112,129.0,18384.9392698064,1.5104625921
1232445050,24.0036096,2687.359116,3159.914306532,2687.359116,160.87061635183,10.4205024,129.0,18384.9668488355,1.51136977684
1232445052,23.993856,2687.366736,3159.91052112,2687.366736,160.8665340205,10.421112,129.0,18384.9392698064,1.5149985158
1232445053,23.9950752,2687.3676504,3159.914306532,2687.3676504,160.86517324339,10.4205024,129.0,18384.9668488355,1.51681288528
1232445056,23.978616,2687.385024,3159.91052112,2687.385024,160.9617884182,10.421112,129.0,18384.9392698064,1.4197441181
1232445059,23.9777016,2687.3853288,3159.914306532,2687.3853288,160.9617884182,10.4205024,129.0,18384.9668488355,1.42019771047
1232445060,23.969472,2687.394168,3159.91052112,2687.394168,160.8075670124,10.421112,129.0,18335.2280697226,1.5739655239
1232445062,23.9691672,2687.3935584,3159.914306532,2687.3935584,160.80983497425,10.4205024,129.0,18335.2349644799,1.57215115442
1232445064,23.960328,2687.403312,3159.91052112,2687.403312,161.0388991211,10.421112,129.0,18335.2280697226,1.3426334152
1232445065,23.960328,2687.4023976,3159.914306532,2687.4023976,161.04025989821,10.4205024,129.0,18335.2349644799,1.34127263809
1232445068,23.951184,2687.412456,3159.91052112,2687.412456,160.8665340205,10.421112,129.0,18335.2280697226,1.5149985158
1232445071,23.9429544,2687.4197712,3159.914306532,2687.4197712,160.9164291812,10.4205024,129.0,18335.2349644799,1.46555694747
1232445072,23.932896,2687.427696,3159.91052112,2687.427696,160.8574621731,10.40892,128.0,18362.3934134577,1.5240703632
1232445074,23.93442,2687.4283056,3159.914306532,2687.4283056,160.85836935784,10.4083104,128.0,18362.4209924869,1.52361677083
1232445076,23.9268,2687.43684,3159.91052112,2687.43684,160.9073573338,10.40892,128.0,18362.3934134577,1.4741752025
1232445077,23.9255808,2687.4374496,3159.914306532,2687.4374496,160.90554296432,10.4083104,128.0,18362.4209924869,1.47598957198
1232445080,23.908512,2687.455128,3159.91052112,2687.455128,160.8574621731,10.40892,128.0,18362.3934134577,1.5240703632
1232445083,23.9082072,2687.4545184,3159.914306532,2687.4545184,160.85836935784,10.4083104,128.0,18362.4209924869,1.52361677083
1232445084,23.899368,2687.464272,3159.91052112,2687.464272,160.8665340205,10.40892,128.0,18362.3934134577,1.5149985158
1232445086,23.899368,2687.4633576,3159.914306532,2687.4633576,160.86744120524,10.4083104,128.0,18362.4209924869,1.51454492343
1232445088,23.890224,2687.473416,3159.91052112,2687.473416,160.7667436991,10.40892,128.0,18376.5966134816,1.6147888372
1232445089,23.8908336,2687.471892,3159.914306532,2687.471892,160.76583651436,10.4083104,128.0,18376.6310872681,1.61614961431
1232445092,23.88108,2687.479512,3159.91052112,2687.479512,160.8075670124,10.40892,128.0,18376.5966134816,1.5739655239
1232445095,23.87346,2687.4895704,3159.914306532,2687.4895704,160.86608042813,10.4083104,128.0,18376.6310872681,1.51545210817
1232445096,23.86584,2687.4978,3159.91052112,2687.4978,160.8302466309,10.40892,128.0,18376.5966134816,1.5512859054
1232445098,23.8649256,2687.4978,3159.914306532,2687.4978,160.83070022327,10.4083104,128.0,18376.6310872681,1.5512859054
1232445100,23.856696,2687.506944,3159.91052112,2687.506944,160.8801417916,10.40892,130.0,18427.2730795864,1.5013907447
1232445101,23.8563912,2687.5063344,3159.914306532,2687.5063344,160.88104897634,10.4083104,130.0,18427.286869101,1.50048355996
1232445104,23.838408,2687.522184,3159.91052112,2687.522184,160.9118932575,10.40892,130.0,18427.2730795864,1.4696392788
1232445107,23.8390176,2687.523708,3159.914306532,2687.523708,160.91325403461,10.4083104,130.0,18427.286869101,1.46873209406
1232445108,23.829264,2687.531328,3159.91052112,2687.531328,161.0570428159,10.40892,130.0,18427.2730795864,1.3244897204
1232445110,23.8304832,2687.5322424,3159.914306532,2687.5322424,161.05795000064,10.4083104,130.0,18427.286869101,1.32403612803
1232445112,23.82012,2687.540472,3159.91052112,2687.540472,161.0434350448,10.40892,130.0,18427.2730795864,1.3380974915
1232445113,23.821644,2687.5413864,3159.914306532,2687.5413864,161.04479582191,10.4083104,130.0,18427.286869101,1.33719030676
1232445116,23.814024,2687.549616,3159.91052112,2687.549616,161.0434350448,10.40892,130.0,18409.0709203325,1.3380974915
1232445119,23.8042704,2687.5584552,3159.914306532,2687.5584552,160.96360278768,10.4083104,130.0,18409.0640255752,1.41838334099
1232445120,23.795736,2687.567904,3159.91052112,2687.567904,161.0207554263,10.40892,130.0,18409.0709203325,1.36077711
1232445122,23.7954312,2687.5675992,3159.914306532,2687.5675992,161.02030183393,10.4083104,130.0,18409.0640255752,1.36168429474
1232445128,23.768304,2687.592288,3159.91052112,2687.592288,161.0026117315,10.411968,129.0,18387.4213824319,1.3789208048
1232445131,23.7692184,2687.5932024,3159.914306532,2687.5932024,161.00306532387,10.4113584,129.0,18387.4420667038,1.37846721243
1232445132,23.762208,2687.601432,3159.91052112,2687.601432,161.0026117315,10.411968,129.0,18387.4213824319,1.3789208048
1232445134,23.760684,2687.6020416,3159.914306532,2687.6020416,161.0026117315,10.4113584,129.0,18387.4420667038,1.37937439717
1232445136,23.753064,2687.610576,3159.91052112,2687.610576,161.0116835789,10.411968,129.0,18387.4213824319,1.3743848811
1232445137,23.7521496,2687.610576,3159.914306532,2687.610576,161.00941561705,10.4113584,129.0,18387.4420667038,1.37257051162
1232445140,23.74392,2687.61972,3159.91052112,2687.61972,160.934572876,10.411968,129.0,18387.4213824319,1.4469596603
1232445143,23.734776,2687.6279496,3159.914306532,2687.6279496,160.99399347647,10.4113584,129.0,18382.1882616464,1.3879926522
1232445144,23.725632,2687.638008,3159.91052112,2687.638008,160.9527165708,10.411968,129.0,18382.1813668891,1.4288159655
1232445146,23.7262416,2687.636484,3159.914306532,2687.636484,160.95498453265,10.4113584,129.0,18382.1882616464,1.42700159602
1232445148,23.716488,2687.644104,3159.91052112,2687.644104,161.0615787396,10.411968,129.0,18382.1813668891,1.3199537967
1232445149,23.7174024,2687.6453232,3159.914306532,2687.6453232,161.0615787396,10.4113584,129.0,18382.1882616464,1.32040738907
1232445152,23.701248,2687.662392,3159.91052112,2687.662392,161.0388991211,10.411968,130.0,18418.65463297,1.3426334152
1232445155,23.7003336,2687.662392,3159.914306532,2687.662392,161.03799193636,10.4113584,130.0,18418.6408434554,1.34399419231
1232445156,23.692104,2687.671536,3159.91052112,2687.671536,161.1522972136,10.411968,130.0,18418.65463297,1.2292353227
1232445158,23.6914944,2687.6712312,3159.914306532,2687.6712312,161.15411158308,10.4113584,130.0,18418.6408434554,1.22787454559
1232445160,23.68296,2687.68068,3159.91052112,2687.68068,161.1885846032,10.411968,130.0,18418.65463297,1.1929479331
1232445161,23.68296,2687.6800704,3159.914306532,2687.6800704,161.1885846032,10.4113584,130.0,18418.6408434554,1.1929479331
1232445164,23.673816,2687.689824,3159.91052112,2687.689824,161.2929108483,10.411968,130.0,18418.65463297,1.0931576117
1232445167,23.6652816,2687.697444,3159.914306532,2687.697444,161.3155904668,10.4113584,130.0,18418.6408434554,1.06639566187
1232445168,23.655528,2687.705064,3159.91052112,2687.705064,161.3201263905,10.411968,129.0,18325.0238289287,1.0614061458
1232445170,23.6567472,2687.7062832,3159.914306532,2687.7062832,161.32194075998,10.4113584,129.0,18325.0445132006,1.06004536869
1232445172,23.649432,2687.714208,3159.91052112,2687.714208,161.1976564506,10.411968,129.0,18325.0238289287,1.1838760857
1232445173,23.647908,2687.7145128,3159.914306532,2687.7145128,161.19992441245,10.4113584,129.0,18325.0445132006,1.18206171622
1232445176,23.631144,2687.732496,3159.91052112,2687.732496,161.2656953061,10.415016,129.0,18325.0238289287,1.1158372302
1232445179,23.6305344,2687.7321912,3159.914306532,2687.7321912,161.26524171373,10.4137968,129.0,18325.0445132006,1.11629082257
1232445180,23.622,2687.74164,3159.91052112,2687.74164,161.1931205269,10.415016,130.0,18360.8765668532,1.1884120094
1232445182,23.622,2687.7407256,3159.914306532,2687.7407256,161.19493489638,10.4137968,130.0,18360.8696720959,1.18705123229
1232445184,23.612856,2687.750784,3159.91052112,2687.750784,161.2158001454,10.415016,130.0,18360.8765668532,1.1702683146
1232445185,23.6134656,2687.7495648,3159.914306532,2687.7495648,161.21398577592,10.4137968,130.0,18360.8696720959,1.16800035275
1232445188,23.603712,2687.75688,3159.91052112,2687.75688,161.161369061,10.415016,130.0,18360.8765668532,1.224699399
1232445191,23.596092,2687.7666336,3159.914306532,2687.7666336,161.02483775763,10.4137968,130.0,18360.8696720959,1.35714837104
1232445192,23.588472,2687.775168,3159.91052112,2687.775168,161.070650587,10.415016,130.0,18360.8765668532,1.3108819493
1232445194,23.5875576,2687.7754728,3159.914306532,2687.7754728,161.07246495648,10.4137968,130.0,18360.8696720959,1.30952117219
1232445196,23.579328,2687.784312,3159.91052112,2687.784312,161.1477612899,10.415016,129.0,18406.5888077069,1.2337712464
1232445197,23.5787184,2687.7840072,3159.914306532,2687.7840072,161.15002925175,10.4137968,129.0,18406.5888077069,1.23195687692
1232445200,23.56104,2687.8026,3159.91052112,2687.8026,161.1432253662,10.415016,129.0,18406.5888077069,1.2383071701
1232445204,23.551896,2687.808696,3159.91052112,2687.808696,161.2021923743,10.415016,129.0,18406.5888077069,1.179340162
1232445206,23.5528104,2687.8099152,3159.914306532,2687.8099152,161.20309955904,10.4137968,129.0,18406.5888077069,1.17888656963
1232445208,23.542752,2687.81784,3159.91052112,2687.81784,161.2112642217,10.415016,129.0,18367.3576387088,1.1702683146
1232445209,23.5439712,2687.8187544,3159.914306532,2687.8187544,161.21217140644,10.4137968,129.0,18367.3576387088,1.16981472223
1232445212,23.536656,2687.826984,3159.91052112,2687.826984,161.3745574749,10.415016,129.0,18367.3576387088,1.0069750614
1232445215,23.5265976,2687.836128,3159.914306532,2687.836128,161.29971473385,10.4137968,129.0,18367.3576387088,1.08227139482
1232445216,23.518368,2687.845272,3159.91052112,2687.845272,161.2702312298,10.415016,129.0,18367.3576387088,1.1113013065
1232445218,23.5180632,2687.8446624,3159.914306532,2687.8446624,161.27204559928,10.4137968,129.0,18367.3576387088,1.10994052939
1232445220,23.509224,2687.854416,3159.91052112,2687.854416,161.2248719928,10.415016,129.0,18367.3576387088,1.1566605435
1232445221,23.509224,2687.8535016,3159.914306532,2687.8535016,161.22351121569,10.4137968,129.0,18367.3576387088,1.15847491298
1232445224,23.490936,2687.869656,3159.91052112,2687.869656,161.1205457477,10.415016,129.0,18407.485126155,1.2655227123
1232445227,23.4918504,2687.8708752,3159.914306532,2687.8708752,161.11827778585,10.4137968,129.0,18407.5195999415,1.26370834282
1232445228,23.481792,2687.8788,3159.91052112,2687.8788,161.1885846032,10.415016,129.0,18407.485126155,1.1929479331
1232445230,23.483316,2687.8797144,3159.914306532,2687.8797144,161.18767741846,10.4137968,129.0,18407.5195999415,1.19385511784
1232445232,23.475696,2687.887944,3159.91052112,2687.887944,161.0797224344,10.411968,129.0,18407.485126155,1.3018101019
1232445233,23.4744768,2687.8882488,3159.914306532,2687.8882488,161.08108321151,10.410444,129.0,18407.5195999415,1.30090291716
1232445236,23.466552,2687.897088,3159.91052112,2687.897088,161.0978661292,10.411968,129.0,18379.6992542636,1.2836664071
1232445239,23.4571032,2687.9056224,3159.914306532,2687.9056224,161.21625373777,10.410444,129.0,18379.7199385354,1.1657323909
1232445240,23.448264,2687.915376,3159.91052112,2687.915376,161.1205457477,10.411968,129.0,18379.6992542636,1.2609867886
1232445242,23.4485688,2687.9141568,3159.914306532,2687.9141568,161.1205457477,10.410444,129.0,18379.7199385354,1.26144038097
1232445263,23.3879136,2687.9745072,3159.914306532,2687.9745072,161.29699317963,10.410444,130.0,18392.6958717612,1.08499294904
1232445264,23.37816,2687.982432,3159.91052112,2687.982432,161.4970274148,10.411968,130.0,18392.6613979747,0.8845051215
1232445266,23.3793792,2687.9836512,3159.914306532,2687.9836512,161.49521304532,10.410444,130.0,18392.6958717612,0.88677308335
1232445268,23.369016,2687.991576,3159.91052112,2687.991576,161.4879555674,10.411968,130.0,18392.6613979747,0.8935769689
1232445269,23.37054,2687.9921856,3159.914306532,2687.9921856,161.48931634451,10.410444,130.0,18392.6958717612,0.89266978416
1232445272,23.353776,2688.009864,3159.91052112,2688.009864,161.1976564506,10.411968,130.0,18392.6613979747,1.1838760857
1232445275,23.3531664,2688.009864,3159.914306532,2688.009864,161.19811004297,10.410444,130.0,18392.6958717612,1.18342249333
1232445276,23.344632,2688.019008,3159.91052112,2688.019008,161.2158001454,10.411968,130.0,18405.0719611024,1.1657323909
1232445278,23.3443272,2688.0183984,3159.914306532,2688.0183984,161.21625373777,10.410444,130.0,18405.0443820732,1.1657323909
1232445280,23.335488,2688.028152,3159.91052112,2688.028152,161.2021923743,10.411968,130.0,18405.0719611024,1.179340162
1232445281,23.3357928,2688.0269328,3159.914306532,2688.0269328,161.20355315141,10.410444,130.0,18405.0443820732,1.17843297726
1232445284,23.326344,2688.037296,3159.91052112,2688.037296,161.3155904668,10.40892,130.0,18405.0719611024,1.0704779932
1232445287,23.3184192,2688.0443064,3159.914306532,2688.0443064,161.15275080597,10.4098344,130.0,18405.0443820732,1.2292353227
1232445288,23.311104,2688.052536,3159.91052112,2688.052536,161.1069379766,10.40892,129.0,18383.4224232019,1.2745945597
1232445290,23.3098848,2688.0528408,3159.914306532,2688.0528408,161.10603079186,10.4098344,129.0,18383.4224232019,1.27550174444
