DATE_TIME,BPOS,DBTM,FLWI,HDTH,HKLD,ROP,RPM,SPPA,WOB
1242873222,7.2475344,3540.2425512,2392.717285668,3540.2425512,130.58788254589,5.715,149.0,18891.8418260001,6.6043049072
1242873225,7.242048,3540.2477328,2392.717285668,3540.2477328,130.51802932091,5.715,149.0,18891.8418260001,6.67415813218
1242873228,7.2362568,3540.253524,2392.717285668,3540.253524,130.57064603583,5.715,150.0,18951.764161635,6.62199500963
1242873231,7.2304656,3540.2590104,2392.717285668,3540.2590104,130.47765959998,6.7839336,150.0,18853.8517133147,6.71498144548
1242873234,7.2249792,3540.2644968,2392.717285668,3540.2644968,130.47902037709,6.7839336,150.0,18853.8517133147,6.71362066837
1242873237,7.2204072,3540.2693736,2392.717285668,3540.2693736,130.53798738519,6.7839336,150.0,18907.9066104932,6.6542000679
1242873240,7.2143112,3540.2754696,2392.717285668,3540.2754696,130.47902037709,6.7839336,149.0,18906.0519207813,6.713167076
1242873243,7.20852,3540.2815656,2392.717285668,3540.2815656,130.43093958587,6.7839336,149.0,18906.0519207813,6.76124786722
1242873246,7.2036432,3540.2861376,2392.717285668,3540.2861376,130.48355630079,6.7839336,150.0,19055.2406790909,6.7086311523
1242873249,7.1987664,3540.2913192,2392.717285668,3540.2913192,130.35881839904,6.7839336,149.0,18793.0054802025,6.83336905405
1242873252,7.1926704,3540.2968056,2392.717285668,3540.2968056,130.3579112143,6.7839336,149.0,18793.0054802025,6.83427623879
1242873255,7.1874888,3540.302292,2392.717285668,3540.302292,130.35609684482,6.7839336,151.0,18977.7160280865,6.83609060827
1242873258,7.1820024,3540.3080832,2392.717285668,3540.3080832,130.543884086,6.7839336,149.0,18933.5413181092,6.64830336709
1242873261,7.1768208,3540.31296,2392.717285668,3540.31296,130.43320754772,6.7839336,149.0,18933.5413181092,6.75897990537
1242873264,7.1716392,3540.3181416,2392.717285668,3540.3181416,130.38694112598,6.7839336,148.0,19032.0742945859,6.80524632711
1242873267,7.1661528,3540.323628,2392.717285668,3540.323628,130.47947396946,6.7839336,150.0,18957.9418641697,6.71271348363
1242873270,7.1606664,3540.3291144,2392.717285668,3540.3291144,130.44681531882,6.7839336,150.0,18957.9418641697,6.74537213427
1242873273,7.1554848,3540.334296,2392.717285668,3540.334296,130.3443034432,6.7839336,150.0,18913.1535207933,6.84788400989
1242873276,7.1503032,3540.3394776,2392.717285668,3540.3394776,130.53753379282,6.7839336,149.0,18990.685066555,6.65465366027
1242873279,7.144512,3540.3452688,2392.717285668,3540.3452688,130.64412799977,6.7839336,149.0,18990.685066555,6.54805945332
1242873282,7.1402448,3540.349536,2392.717285668,3540.349536,130.48537067027,6.7839336,149.0,18884.7402259881,6.70681678282
1242873285,7.1344536,3540.3553272,2392.717285668,3540.3553272,130.46359823651,6.7839336,150.0,18851.0662313683,6.72858921658
1242873288,7.129272,3540.360204,2392.717285668,3540.360204,130.3579112143,6.7839336,150.0,18851.0662313683,6.83427623879
1242873291,7.1240904,3540.3656904,2392.717285668,3540.3656904,130.5484200097,6.7839336,150.0,18908.8305079705,6.64376744339
1242873294,7.1189088,3540.3705672,2392.717285668,3540.3705672,130.34475703557,6.7839336,149.0,19010.7625997927,6.84743041752
1242873297,7.1146416,3540.3751392,2392.717285668,3540.3751392,130.64639596162,6.7839336,150.0,18925.5158206199,6.54579149147
1242873300,7.1100696,3540.380016,2392.717285668,3540.380016,130.48899940923,6.7839336,150.0,18925.5158206199,6.70364163623
1242873303,7.1045832,3540.3855024,2392.717285668,3540.3855024,130.51394698958,6.7839336,149.0,18945.8967231785,6.67869405588
1242873306,7.0997064,3540.3900744,2392.717285668,3540.3900744,130.51258621247,6.7839336,149.0,18914.3945771061,6.67960124062
1242873309,7.0945248,3540.3955608,2392.717285668,3540.3955608,130.38739471835,6.7839336,149.0,18914.3945771061,6.80479273474
1242873312,7.0890384,3540.4007424,2392.717285668,3540.4007424,130.44772250356,6.7839336,149.0,18947.130884734,6.74446494953
1242873315,7.0838568,3540.405924,2392.717285668,3540.405924,130.5801714756,6.361176,149.0,18947.130884734,6.61201597749
1242873318,7.0786752,3540.4108008,2392.717285668,3540.4108008,130.50623591929,6.361176,149.0,18834.6980775543,6.6859515338
1242873321,7.0734936,3540.416592,2392.717285668,3540.416592,130.71352763238,6.361176,149.0,18939.1053872448,6.47865982071
1242873324,7.0673976,3540.422688,2392.717285668,3540.422688,130.38421957176,6.361176,149.0,18939.1053872448,6.80796788133
1242873327,7.060692,3540.428784,2392.717285668,3540.428784,130.74890783724,6.361176,150.0,18929.2183052864,6.44327961585
1242873330,7.0555104,3540.43488,2392.717285668,3540.43488,130.53980175467,6.361176,149.0,18881.3411106426,6.65238569842
1242873333,7.0494144,3540.4400616,2392.717285668,3540.4400616,130.4667733831,6.361176,149.0,18881.3411106426,6.72541406999
1242873336,7.043928,3540.4461576,2392.717285668,3540.4461576,130.67406509619,6.361176,149.0,19033.6187202195,6.5181223569
1242873339,7.0384416,3540.4513392,2392.717285668,3540.4513392,130.30983042308,6.361176,148.0,18830.0648006533,6.88235703001
1242873342,7.0323456,3540.45774,2392.717285668,3540.45774,130.67860101989,6.361176,148.0,18830.0648006533,6.5135864332
1242873345,7.028688,3540.4613976,2392.717285668,3540.4613976,129.87302097077,6.361176,150.0,19076.8626379623,7.31916648232
1242873348,7.0247256,3540.4647504,2392.717285668,3540.4647504,130.20323621613,6.361176,150.0,18814.0069109175,6.98940482933
1242873351,7.0247256,3540.4647504,2392.717285668,3540.4647504,130.77657697181,6.361176,150.0,18814.0069109175,6.41561048128
1242873354,7.02564,3540.4617024,2392.717285668,3540.4647504,130.0222528605,6.361176,149.0,18844.8954235909,7.17038818496
1242873357,7.1149464,3540.3675192,2392.717285668,3540.4647504,129.19898270895,6.361176,151.0,18794.5430110789,7.99320474414
1242873360,7.2082152,3540.2739456,2392.717285668,3540.4647504,129.86893863944,6.361176,151.0,18794.5430110789,7.32324881365
1242873363,7.3179432,3540.1629984,2392.717285668,3540.4647504,132.52925788949,6.361176,150.0,18836.5527672662,4.6629295636
1242873366,7.441692,3540.03864,2392.717285668,3540.4647504,134.86934092632,6.361176,150.0,18702.4980012151,2.32284652677
1242873369,7.5660504,3539.9142816,2392.717285668,3540.4647504,135.35014883852,6.361176,150.0,18702.4980012151,1.84203861457
1242873372,7.6882752,3539.791752,2392.717285668,3540.4647504,135.4653613005,6.361176,149.0,18763.9647624837,1.72682615259
1242873375,7.8037944,3539.6771472,2392.717285668,3540.4647504,134.29191783931,6.361176,150.0,18751.2990933362,2.90026961378
1242873378,7.9077312,3539.57382,2392.717285668,3540.4647504,135.09477633421,6.361176,150.0,18751.2990933362,2.09741111888
1242873381,8.0098392,3539.471712,2392.717285668,3540.4647504,134.70241893416,6.361176,150.0,18761.8067034509,2.48976851893
1242873384,8.0464152,3539.4430608,2392.717285668,3540.4647504,135.50028791299,6.361176,150.0,18915.3184745833,1.6918995401
1242873387,8.0461104,3539.4436704,2392.717285668,3540.4647504,135.1342388704,6.361176,149.0,18966.2845204944,2.05794858269
1242873390,8.0458056,3539.4436704,2392.717285668,3540.4647504,135.33744825216,6.361176,149.0,18966.2845204944,1.8551927933
1242873393,8.0458056,3539.4436704,2392.717285668,3540.4647504,135.37237486465,6.361176,150.0,18994.0841819005,1.81981258844
1242873396,8.0458056,3539.4436704,2392.717285668,3540.4647504,135.29118183042,6.361176,150.0,18994.0841819005,1.90100562267
1242873399,8.0445864,3539.4464136,2392.717285668,3540.4647504,135.43179546512,6.361176,150.0,18871.4609234415,1.76039198797
1242873402,8.0180688,3539.4741504,2392.717285668,3540.4647504,136.67736011314,6.361176,149.0,18965.6639923381,0.51482733995
1242873411,7.8772512,3539.6155776,2392.717285668,3540.4647504,136.77896480402,6.361176,150.0,19015.0925073728,0.41322264907
1242873414,7.8464664,3539.6451432,2392.717285668,3540.4647504,137.05066663365,6.361176,150.0,19015.0925073728,0.14152081944
1242873417,7.8284832,3539.6612976,2392.717285668,3540.4647504,137.06835673608,6.361176,150.0,18901.7289079585,0.12383071701
1242873420,7.8284832,3539.6612976,2392.717285668,3540.4647504,137.02980138463,6.361176,149.0,19063.2730713374,0.16238606846
1242873423,7.8284832,3539.6612976,2392.717285668,3540.4647504,137.01392565168,6.361176,149.0,19063.2730713374,0.17826180141
1242873426,7.8293976,3539.6600784,2392.717285668,3540.4647504,136.71546187222,6.361176,149.0,18987.9064793658,0.47717917324
1242873429,7.8217776,3539.6686128,2392.717285668,3540.4647504,137.44030247948,6.361176,150.0,18976.1647076956,-0.24811502639
1242873432,7.8114144,3539.6786712,2392.717285668,3540.4647504,137.31783253958,6.361176,150.0,18976.1647076956,-0.12564508649
1242873435,7.8016608,3539.6887296,2392.717285668,3540.4647504,137.29515292108,6.361176,151.0,18974.0066486628,-0.10251187562
1242873438,7.7912976,3539.6990928,2392.717285668,3540.4647504,137.23936105957,6.361176,150.0,18999.0277228797,-0.04717360648
1242873441,7.781544,3539.7088464,2392.717285668,3540.4647504,137.14682821609,6.361176,150.0,18999.0277228797,0.045359237
1242873444,7.7711808,3539.7189048,2392.717285668,3540.4647504,137.23527872824,6.361176,149.0,18966.9050486508,-0.04309127515
1242873447,7.7611224,3539.729268,2392.717285668,3540.4647504,137.19853774627,6.361176,149.0,18949.599207845,-0.00589670081
1242873450,7.751064,3539.7390216,2392.717285668,3540.4647504,137.13820996106,6.361176,149.0,18949.599207845,0.05397749203
1242873453,7.7407008,3539.7496896,2392.717285668,3540.4647504,137.19490900731,6.361176,148.0,18930.76273092,-0.00272155422
1242873456,7.7306424,3539.759748,2392.717285668,3540.4647504,137.19536259968,6.361176,150.0,18942.8078719112,-0.00317514659
1242873459,7.720584,3539.7698064,2392.717285668,3540.4647504,137.29016340501,6.361176,150.0,18942.8078719112,-0.09797595192
1242873462,7.7105256,3539.7798648,2392.717285668,3540.4647504,137.30966787692,6.361176,149.0,18999.951620357,-0.11748042383
1242873465,7.7001624,3539.7899232,2392.717285668,3540.4647504,137.38133547138,6.361176,151.0,18930.4524668418,-0.18914801829
1242873468,7.690104,3539.8002864,2392.717285668,3540.4647504,137.3885929493,6.361176,151.0,18930.4524668418,-0.19595190384
1242873471,7.6800456,3539.8103448,2392.717285668,3540.4647504,137.19853774627,6.361176,150.0,19113.9288531704,-0.00635029318
1242873474,7.6699872,3539.8204032,2392.717285668,3540.4647504,137.2978744753,6.361176,150.0,18960.7273461161,-0.10568702221
1242873477,7.653528,3539.8368624,2392.717285668,3540.4647504,137.22756765795,6.361176,150.0,19121.0304531823,-0.03538020486
1242873480,7.6370688,3539.8536264,2392.717285668,3540.4647504,137.17948686673,6.361176,150.0,19121.0304531823,0.01270058636
1242873483,7.6203048,3539.8700856,2392.717285668,3540.4647504,137.11825189678,6.361176,149.0,18936.6301693765,0.07393555631
1242873486,7.6035408,3539.8871544,2392.717285668,3540.4647504,137.19037308361,6.361176,149.0,18936.6301693765,0.00181436948
1242873489,7.5867768,3539.9036136,2392.717285668,3540.4647504,137.22031018003,6.361176,149.0,19002.7302075461,-0.02812272694
1242873492,7.5703176,3539.9203776,2392.717285668,3540.4647504,137.18266201332,6.361176,149.0,18990.9953306332,0.00952543977
1242873495,7.5535536,3539.9371416,2392.717285668,3540.4647504,137.3205540938,6.361176,149.0,18990.9953306332,-0.12836664071
1242873498,7.5367896,3539.9536008,2392.717285668,3540.4647504,137.42442674653,6.361176,149.0,19028.0615458412,-0.23223929344
1242873501,7.5203304,3539.9703648,2392.717285668,3540.4647504,137.31511098536,6.361176,150.0,19030.8401330304,-0.12292353227
1242873504,7.5035664,3539.9871288,2392.717285668,3540.4647504,137.1708686117,6.361176,150.0,19030.8401330304,0.02131884139
1242873507,7.4868024,3540.0038928,2392.717285668,3540.4647504,137.19717696916,6.361176,149.0,18956.0871744578,-0.00498951607
1242873510,7.4700384,3540.020352,2392.717285668,3540.4647504,137.16088957956,6.361176,150.0,19092.6171583772,0.03129787353
1242873513,7.4535792,3540.037116,2392.717285668,3540.4647504,137.15499287875,6.361176,150.0,19092.6171583772,0.03764816671
1242873516,7.4368152,3540.05388,2392.717285668,3540.4647504,137.25750475437,6.361176,149.0,18998.0969306451,-0.06531730128
1242873519,7.4200512,3540.070644,2392.717285668,3540.4647504,137.24162902142,6.361176,150.0,19029.2957073967,-0.04944156833
1242873522,7.403592,3540.0871032,2392.717285668,3540.4647504,137.3069463227,6.361176,150.0,19029.2957073967,-0.11475886961
1242873528,7.3703688,3540.1200216,2392.717285668,3540.4647504,137.30876069218,6.361176,149.0,19107.7511506357,-0.11657323909
1242873531,7.3536048,3540.1370904,2392.717285668,3540.4647504,136.94679398092,6.361176,149.0,19107.7511506357,0.24539347217
1242873534,7.3368408,3540.1538544,2392.717285668,3540.4647504,136.5811985307,6.361176,148.0,18989.7611690777,0.61098892239
1242873537,7.3203816,3540.1703136,2392.717285668,3540.4647504,136.31493980951,6.361176,150.0,19037.0178355651,0.87724764358
1242873540,7.3036176,3540.1870776,2392.717285668,3540.4647504,136.04187720277,6.361176,150.0,19037.0178355651,1.15031025032
1242873543,7.2868536,3540.2035368,2392.717285668,3540.4647504,135.73207361406,6.361176,148.0,19008.6045407599,1.46011383903
1242873546,7.2703944,3540.2203008,2392.717285668,3540.4647504,135.43678498119,6.361176,151.0,19039.8033175115,1.7554024719
1242873549,7.2539352,3540.2370648,2392.717285668,3540.4647504,135.24536900105,6.361176,151.0,19039.8033175115,1.94681845204
1242873552,7.2371712,3540.253524,2392.717285668,3540.4647504,134.83895023753,6.361176,149.0,18919.0278540071,2.35323721556
1242873555,7.220712,3540.270288,2392.717285668,3540.4647504,134.41438777921,6.361176,151.0,18863.1182671168,2.77779967388
1242873558,7.203948,3540.2867472,2392.717285668,3540.4647504,134.12862458611,6.361176,151.0,18863.1182671168,3.06356286698
1242873561,7.187184,3540.3035112,2392.717285668,3540.4647504,133.83288236087,6.361176,150.0,19067.2927148394,3.35930509222
1242873564,7.17042,3540.3202752,2392.717285668,3540.4647504,133.44415369978,6.361176,149.0,18952.0744257132,3.74803375331
1242873567,7.1539608,3540.3367344,2392.717285668,3540.4647504,133.05361066921,6.361176,150.0,18993.1602844232,4.13857678388
1242873570,7.1371968,3540.3534984,2392.717285668,3540.4647504,133.09670194436,6.361176,150.0,18993.1602844232,4.09548550873
1242873573,7.1207376,3540.3699576,2392.717285668,3540.4647504,132.78145524721,6.361176,151.0,18984.5073640203,4.41073220588
1242873576,7.1039736,3540.3864168,2392.717285668,3540.4647504,132.41132387329,6.361176,151.0,18984.5073640203,4.7808635798
1242873579,7.0875144,3540.4031808,2392.717285668,3540.4647504,132.14914748343,6.361176,149.0,19041.954481787,5.04303996966
1242873582,7.0707504,3540.4199448,2392.717285668,3540.4647504,132.01034821821,6.361176,149.0,18780.9534444541,5.18183923488
1242873585,7.0539864,3540.4360992,2392.717285668,3540.4647504,131.71505958534,6.361176,149.0,18780.9534444541,5.47712786775
1242873588,7.0375272,3540.453168,2392.717285668,3540.4647504,131.40072007293,6.361176,148.0,18983.583466543,5.79146738016
1242873591,7.021068,3540.469932,2392.717285668,3540.469932,131.29775460494,6.361176,150.0,18892.7726182347,5.89443284815
1242873594,7.004304,3540.4863912,2392.717285668,3540.4863912,131.21293283175,6.361176,150.0,18892.7726182347,5.97970821371
1242873597,6.9884544,3540.5016312,2392.717285668,3540.5016312,130.71942433319,6.361176,149.0,18965.050358939,6.4727631199
1242873600,6.973824,3540.5165664,2392.717285668,3540.5165664,130.65002470058,6.361176,149.0,18865.2832209068,6.54216275251
1242873603,6.960108,3540.5296728,2392.717285668,3540.5296728,130.40009530471,6.361176,149.0,18865.2832209068,6.79209214838
1242873606,6.9537072,3540.5363784,2392.717285668,3540.5363784,130.13338299115,6.361176,149.0,19028.3718099194,7.05925805431
1242873609,6.9476112,3540.5421696,2392.717285668,3540.5421696,130.27898614192,6.361176,149.0,18951.764161635,6.91320131117
1242873612,6.94182,3540.5482656,2392.717285668,3540.5482656,130.31799508574,6.361176,149.0,18951.764161635,6.87419236735
1242873615,6.935724,3540.5540568,2392.717285668,3540.5540568,130.19733951532,6.361176,149.0,18961.6512435934,6.99484793777
1242873618,6.9305424,3540.5595432,2392.717285668,3540.5595432,130.10480667184,6.297168,150.0,18832.5331237643,7.08738078125
1242873621,6.925056,3540.56442,2392.717285668,3540.56442,130.08348783045,6.297168,150.0,18832.5331237643,7.10869962264
1242873624,6.9201792,3540.5696016,2392.717285668,3540.5696016,129.97417206928,6.297168,149.0,18914.697946427,7.21801538381
1242873627,6.9146928,3540.575088,2392.717285668,3540.575088,129.89796855112,6.297168,149.0,18995.9388716124,7.29421890197
1242873630,6.9092064,3540.5802696,2392.717285668,3540.5802696,129.98823343275,6.297168,149.0,18995.9388716124,7.20395402034
1242873633,6.9040248,3540.5860608,2392.717285668,3540.5860608,129.8090644466,6.297168,150.0,18882.8855362763,7.38312300649
1242873636,6.8982336,3540.5915472,2392.717285668,3540.5915472,129.80815726186,6.297168,148.0,18997.483297246,7.38403019123
1242873639,6.8936616,3540.5961192,2392.717285668,3540.5961192,129.89116466557,6.297168,148.0,18997.483297246,7.30102278752
1242873642,6.8890896,3540.6006912,2392.717285668,3540.6006912,129.66255411109,6.297168,150.0,18926.4397180972,7.53008693437
1242873645,6.8842128,3540.6052632,2392.717285668,3540.6052632,129.93879186442,6.297168,150.0,19051.8415637454,7.25384918104
1242873648,6.8787264,3540.6113592,2392.717285668,3540.6113592,129.75100462324,6.297168,149.0,18833.4639159988,7.44118282985
1242873651,6.87324,3540.6165408,2392.717285668,3540.6165408,129.81768270163,6.297168,149.0,18833.4639159988,7.37450475146
1242873654,6.8689728,3540.6205032,2392.717285668,3540.6205032,129.96963614558,6.297168,149.0,18929.8388334428,7.22300489988
1242873657,6.8650104,3540.6247704,2392.717285668,3540.6247704,129.7183459726,6.297168,149.0,18929.8388334428,7.47429507286
1242873660,6.8607432,3540.6290376,2392.717285668,3540.6290376,129.76325161723,6.297168,149.0,18871.4609234415,7.42893583586
1242873663,6.8567808,3540.633,2392.717285668,3540.633,129.95103885841,6.297168,150.0,18891.2212978437,7.24114859468
1242873666,6.8522088,3540.637572,2392.717285668,3540.637572,129.65983255687,6.297168,150.0,18891.2212978437,7.53235489622
1242873669,6.8482464,3540.6415344,2392.717285668,3540.6415344,129.99367654119,6.297168,149.0,18902.0322772794,7.1985109119
1242873672,6.8436744,3540.6461064,2392.717285668,3540.6461064,129.58907214715,6.297168,150.0,18950.2197360014,7.60311530594
1242873675,6.8384928,3540.6509832,2392.717285668,3540.6509832,129.63715293837,6.297168,150.0,18950.2197360014,7.55548810709
1242873678,6.833616,3540.6561648,2392.717285668,3540.6561648,130.19552514584,6.297168,149.0,18989.7611690777,6.99666230725
1242873681,6.8287392,3540.6607368,2392.717285668,3540.6607368,129.27881496607,6.297168,148.0,18838.710826299,7.91337248702
1242873684,6.8287392,3540.6607368,2392.717285668,3540.6607368,130.02905674605,6.297168,148.0,18838.710826299,7.16313070704
1242873687,6.8287392,3540.6607368,2392.717285668,3540.6607368,129.10236753414,6.297168,149.0,18964.4298307826,8.08981991895
1242873690,6.8287392,3540.6607368,2392.717285668,3540.6607368,129.52692999246,6.297168,151.0,18769.5288316193,7.66525746063
1242873693,6.8607432,3540.6244656,2392.717285668,3540.6607368,127.91803785607,6.297168,151.0,18769.5288316193,9.27414959702
1242873696,6.923532,3540.5610672,2392.717285668,3540.6607368,127.97927282602,6.297168,150.0,18965.0434641817,9.21336821944
1242873699,7.001256,3540.4824288,2392.717285668,3540.6607368,130.18826766792,6.297168,149.0,18813.076118683,7.00437337754
1242873702,7.0798944,3540.4034856,2392.717285668,3540.6607368,130.72305307215,6.297168,149.0,18813.076118683,6.46958797331
1242873705,7.158228,3540.325152,2392.717285668,3540.6607368,132.77964087773,6.297168,150.0,18756.8631624717,4.41254657536
1242873708,7.2365616,3540.2465136,2392.717285668,3540.6607368,134.09415156599,6.297168,151.0,18842.1168364018,3.0980358871
1242873711,7.3139808,3540.1693992,2392.717285668,3540.6607368,135.15827926601,6.297168,151.0,18842.1168364018,2.03390818708
1242873714,7.3926192,3540.0910656,2392.717285668,3540.6607368,134.98273901882,6.297168,150.0,18758.7178521836,2.20944843427
1242873717,7.4709528,3540.012732,2392.717285668,3540.6607368,134.78315837602,6.297168,150.0,18772.6176828866,2.40902907707
1242873720,7.5486768,3539.9347032,2392.717285668,3540.6607368,134.9845533883,6.297168,150.0,18772.6176828866,2.20763406479
1242873723,7.6279248,3539.8545408,2392.717285668,3540.6607368,134.87705199661,6.297168,149.0,18733.0762498103,2.31558904885
1242873726,7.7193648,3539.7631008,2392.717285668,3540.6607368,134.99770756703,6.297168,149.0,18750.9957240153,2.19447988606
1242873729,7.8126336,3539.6695272,2392.717285668,3540.6607368,134.77771526758,6.297168,149.0,18750.9957240153,2.41447218551
1242873732,7.9116936,3539.5704672,2392.717285668,3540.6607368,135.03807728796,6.297168,149.0,18826.0520519087,2.15411016513
1242873735,8.0241648,3539.4567768,2392.717285668,3540.6607368,135.00224349073,6.297168,149.0,18913.1604155506,2.18994396236
1242873738,8.0896968,3539.3997792,2392.717285668,3540.6607368,136.1775013214,6.297168,149.0,18972.7724871073,1.01513972406
1242873741,8.0890872,3539.4003888,2392.717285668,3540.6607368,135.64725184087,6.297168,149.0,18972.7724871073,1.54493561222
1242873744,8.033004,3539.4653112,2392.717285668,3540.6607368,137.10963364175,6.297168,150.0,18870.8403952851,0.08255381134
1242873747,7.9336392,3539.5625424,2392.717285668,3540.6607368,136.41699809276,6.297168,150.0,18870.8403952851,0.77518936033
1242873750,7.836408,3539.6609928,2392.717285668,3540.6607368,136.5993422255,6.297168,150.0,18863.428531195,0.59284522759
1242873753,7.7379576,3539.7576144,2392.717285668,3540.6607368,136.58210571544,6.297168,150.0,19016.6300382492,0.61008173765
1242873756,7.6699872,3539.8255848,2392.717285668,3540.6607368,136.81343782414,6.297168,150.0,19016.6300382492,0.37920322132
1242873759,7.5892152,3539.9066616,2392.717285668,3540.6607368,136.75991392448,6.297168,150.0,18881.6513747208,0.43227352861
1242873762,7.5075288,3539.9877384,2392.717285668,3540.6607368,136.7490277076,6.297168,149.0,19027.4410176848,0.44315974549
1242873771,7.278624,3540.2166432,2392.717285668,3540.6607368,136.8170665631,6.297168,149.0,19134.6269145644,0.37512088999
1242873774,7.202424,3540.2928432,2392.717285668,3540.6607368,136.83203511131,6.297168,149.0,19134.6269145644,0.36015234178
1242873777,7.1265288,3540.3687384,2392.717285668,3540.6607368,136.0278158393,6.297168,150.0,18950.2197360014,1.16437161379
1242873780,7.050024,3540.4449384,2392.717285668,3540.6607368,134.65978125138,6.297168,150.0,19067.9063482385,2.53240620171
1242873783,6.9988176,3540.4903536,2392.717285668,3540.6607368,132.79098068698,6.297168,150.0,19067.9063482385,4.40120676611
1242873786,6.999732,3540.4894392,2392.717285668,3540.6607368,131.70235899898,6.297168,150.0,19075.6284764068,5.48982845411
1242873789,6.9991224,3540.4903536,2392.717285668,3540.6607368,132.09380921429,6.297168,149.0,19028.3649151621,5.0983782388
1242873792,6.9991224,3540.4903536,2392.717285668,3540.6607368,132.07203678053,6.297168,149.0,19028.3649151621,5.12015067256
1242873795,6.9991224,3540.4903536,2392.717285668,3540.6607368,132.1586729232,6.297168,150.0,19039.486158676,5.03396812226
1242873798,6.9991224,3540.4903536,2392.717285668,3540.6607368,132.22943333292,6.297168,150.0,19096.9401712,4.96275412017
1242873801,6.9991224,3540.4903536,2392.717285668,3540.6607368,132.16910554771,6.297168,150.0,19096.9401712,5.02308190538
1242873804,6.9991224,3540.4903536,2392.717285668,3540.6607368,132.16865195534,6.297168,149.0,19059.8739559919,5.02353549775
1242873807,6.9969888,3540.4930968,2392.717285668,3540.6607368,132.13644689707,6.297168,150.0,18931.0729949982,5.05574055602
1242873810,6.9902832,3540.4998024,2392.717285668,3540.6607368,133.2110072216,6.297168,150.0,18931.0729949982,3.98118023149
1242873813,6.9835776,3540.5062032,2392.717285668,3540.6607368,133.22779013929,6.297168,149.0,19023.7385330184,3.96485090617
1242873816,6.9771768,3540.512604,2392.717285668,3540.6607368,133.15022584402,6.297168,149.0,18953.0052179478,4.04241520144
1242873819,6.970776,3540.5193096,2392.717285668,3540.6607368,133.00507628562,6.297168,149.0,19018.484727961,4.18711116747
1242873822,6.9640704,3540.5257104,2392.717285668,3540.6607368,132.99192210689,6.297168,149.0,19018.484727961,4.2002653462
1242873825,6.9576696,3540.5321112,2392.717285668,3540.6607368,132.71795231541,6.297168,150.0,18953.3085872687,4.47423513768
1242873828,6.950964,3540.5388168,2392.717285668,3540.6607368,132.72294183148,6.297168,149.0,18963.1956692271,4.46969921398
1242873831,6.9445632,3540.5452176,2392.717285668,3540.6607368,132.66941793182,6.297168,149.0,18963.1956692271,4.52276952127
1242873834,6.9378576,3540.5516184,2392.717285668,3540.6607368,132.5759779036,6.297168,149.0,18957.6316000915,4.61620954949
1242873837,6.9314568,3540.5586288,2392.717285668,3540.6607368,132.56100935539,6.297168,149.0,18957.6316000915,4.6311780977
1242873840,6.9247512,3540.5647248,2392.717285668,3540.6607368,132.31198714426,6.297168,149.0,19041.3408483879,4.8806539012
1242873843,6.9183504,3540.5717352,2392.717285668,3540.6607368,132.29248267235,6.297168,149.0,18982.0390409093,4.89970478074
1242873846,6.9116448,3540.5778312,2392.717285668,3540.6607368,132.24077314217,6.297168,149.0,18982.0390409093,4.95141431092
1242873849,6.905244,3540.5848416,2392.717285668,3540.6607368,131.85748758952,6.297168,149.0,18850.7628620474,5.33469986357
1242873852,6.8985384,3540.5912424,2392.717285668,3540.6607368,131.84478700316,6.297168,149.0,18925.8191899408,5.34740044993
1242873855,6.8921376,3540.597948,2392.717285668,3540.6607368,132.0225952122,6.297168,149.0,18925.8191899408,5.16959224089
1242873858,6.885432,3540.6043488,2392.717285668,3540.6607368,131.76268678419,6.297168,151.0,18879.1761568526,5.4295006689
1242873861,6.8790312,3540.6113592,2392.717285668,3540.6607368,131.60438304706,6.297168,149.0,18914.697946427,5.58780440603
1242873864,6.8723256,3540.6174552,2392.717285668,3540.6607368,131.85703399715,6.297168,149.0,18914.697946427,5.33560704831
1242873867,6.8659248,3540.6241608,2392.717285668,3540.6607368,131.6597213162,6.297168,150.0,18899.5639541685,5.53246613689
1242873870,6.859524,3540.6302568,2392.717285668,3540.6607368,131.59848634625,6.297168,149.0,18961.6512435934,5.59370110684
1242873873,6.8528184,3540.6372672,2392.717285668,3540.6607368,131.57217798879,6.297168,149.0,18961.6512435934,5.6200094643
1242873876,6.8464176,3540.6433632,2392.717285668,3540.6607368,131.35309287408,6.297168,150.0,18951.1505282359,5.83909457901
1242873879,6.8400168,3540.6500688,2392.717285668,3540.6607368,131.52591156705,6.297168,150.0,18951.7710563923,5.66627588604
1242873882,6.8333112,3540.6567744,2392.717285668,3540.6607368,131.41977095247,6.297168,150.0,18951.7710563923,5.77241650062
1242873888,6.8202048,3540.6698808,2392.717285668,3540.6698808,131.51774690439,6.297168,149.0,18950.8402641577,5.6744405487
1242873891,6.813804,3540.6762816,2392.717285668,3540.6762816,131.33404199454,6.297168,149.0,18950.8402641577,5.85814545855
1242873894,6.8070984,3540.6826824,2392.717285668,3540.6826824,131.03603180745,6.297168,149.0,18958.8726564043,6.15615564564
1242873897,6.8006976,3540.689388,2392.717285668,3540.689388,131.26736391615,6.297168,149.0,18881.961638799,5.92482353694
1242873900,6.7942968,3540.6957888,2392.717285668,3540.6957888,131.16485204053,6.297168,149.0,18881.961638799,6.02733541256
1242873903,6.7875912,3540.7024944,2392.717285668,3540.7024944,131.13718290596,6.297168,150.0,18823.8939928759,6.05500454713
1242873906,6.7811904,3540.7085904,2392.717285668,3540.7085904,131.06823686572,6.297168,149.0,18913.1604155506,6.12395058737
1242873909,6.7744848,3540.7156008,2392.717285668,3540.7156008,130.9430453716,4.6655736,150.0,19076.8626379623,6.24914208149
1242873912,6.768084,3540.7216968,2392.717285668,3540.7216968,130.93079837761,4.6655736,150.0,19076.8626379623,6.26138907548
1242873915,6.7613784,3540.7284024,2392.717285668,3540.7284024,131.01425937369,4.6655736,150.0,19052.4620919018,6.1779280794
1242873918,6.7549776,3540.7348032,2392.717285668,3540.7348032,130.73484647377,4.6655736,150.0,18852.6175517593,6.45734097932
1242873921,6.7485768,3540.741204,2392.717285668,3540.741204,130.80923562245,4.6655736,150.0,18852.6175517593,6.38295183064
1242873924,6.7418712,3540.7479096,2392.717285668,3540.7479096,130.93987022501,4.6655736,150.0,18925.8191899408,6.25277082045
1242873927,6.7354704,3540.7543104,2392.717285668,3540.7543104,130.80878203008,4.6655736,150.0,18925.8191899408,6.38340542301
1242873930,6.7321176,3540.7570536,2392.717285668,3540.7570536,130.65546780902,4.6655736,149.0,19011.68649727,6.53671964407
1242873933,6.7318128,3540.7573584,2392.717285668,3540.7573584,130.72622821874,4.6655736,150.0,18826.3623159869,6.46595923435
1242873936,6.7318128,3540.7573584,2392.717285668,3540.7573584,130.80197814453,4.6655736,150.0,18826.3623159869,6.39020930856
1242873939,6.7318128,3540.7573584,2392.717285668,3540.7573584,130.83282242569,4.6655736,149.0,18918.0970617725,6.3593650274
1242873942,6.7318128,3540.757968,2392.717285668,3540.757968,130.83055446384,4.6655736,149.0,18854.7825055493,6.36163298925
1242873945,6.731508,3540.757968,2392.717285668,3540.757968,130.98976538571,4.6655736,149.0,18854.7825055493,6.20242206738
1242873948,6.731508,3540.757968,2392.717285668,3540.757968,131.07685512075,4.6655736,149.0,18969.9870051609,6.11533233234
1242873951,6.7312032,3540.7582728,2392.717285668,3540.7582728,131.15124426943,4.6655736,150.0,18899.2536900903,6.04094318366
1242873954,6.7308984,3540.7585776,2392.717285668,3540.7585776,131.2787037254,4.6655736,150.0,18899.2536900903,5.91348372769
1242873957,6.7305936,3540.7588824,2392.717285668,3540.7588824,131.31589829974,4.6655736,150.0,18973.6963845846,5.87628915335
1242873960,6.7302888,3540.7591872,2392.717285668,3540.7591872,131.46150145051,4.6655736,150.0,18882.2650081199,5.73113959495
1242873963,6.7296792,3540.759492,2392.717285668,3540.759492,131.50595350277,4.6655736,150.0,18882.2650081199,5.68623395032
1242873966,6.7290696,3540.7601016,2392.717285668,3540.7601016,131.49279932404,4.6655736,150.0,18879.4864209307,5.69938812905
1242873969,6.7287648,3540.7607112,2392.717285668,3540.7607112,131.52681875179,4.6655736,150.0,18861.8841055613,5.6653687013
1242873972,6.72846,3540.761016,2392.717285668,3540.761016,131.65427820776,4.6655736,150.0,18861.8841055613,5.53790924533
1242873975,6.7281552,3540.7613208,2392.717285668,3540.7613208,131.65427820776,4.6655736,148.0,18961.3409795152,5.53790924533
1242873978,6.7278504,3540.7616256,2392.717285668,3540.7616256,131.63069140452,4.6655736,149.0,18866.8276465405,5.56149604857
1242873981,6.7278504,3540.7619304,2392.717285668,3540.7619304,131.71233803112,4.6655736,149.0,18866.8276465405,5.47984942197
1242873984,6.7272408,3540.7622352,2392.717285668,3540.7622352,131.87880643091,4.6655736,148.0,18828.8306390978,5.31338102218
1242873987,6.7260216,3540.7637592,2392.717285668,3540.7637592,131.9545563567,4.6655736,150.0,18935.3960078211,5.23808468876
1242873990,6.725412,3540.764064,2392.717285668,3540.764064,131.78763436454,4.6655736,150.0,18935.3960078211,5.40455308855
1242873993,6.7248024,3540.7646736,2392.717285668,3540.7646736,131.96997849728,4.6655736,149.0,18846.7501133028,5.22220895581
1242873996,6.7244976,3540.7649784,2392.717285668,3540.7649784,132.06160415602,4.6655736,150.0,18900.1844823248,5.13058329707
1242873999,6.7244976,3540.7649784,2392.717285668,3540.7649784,131.76132600708,4.6655736,148.0,18930.4524668418,5.43086144601
1242874002,6.7241928,3540.765588,2392.717285668,3540.765588,131.80849961356,4.6655736,148.0,18930.4524668418,5.38368783953
1242874005,6.723888,3540.7658928,2392.717285668,3540.7658928,132.08881969822,4.6655736,149.0,18943.7386641458,5.10336775487
1242874014,6.722364,3540.7668072,2392.717285668,3540.7668072,132.09108766007,4.6655736,149.0,18854.1619773929,5.10155338539
1242874017,6.7217544,3540.7674168,2392.717285668,3540.7674168,132.21219682286,4.6655736,149.0,18854.1619773929,4.97999063023
1242874020,6.7211448,3540.7683312,2392.717285668,3540.7683312,132.02123443509,4.6655736,150.0,18928.9080412082,5.170953018
1242874023,6.7199256,3540.7692456,2392.717285668,3540.7692456,132.06296493313,4.6655736,149.0,18846.4398492246,5.12922251996
1242874026,6.7187064,3540.7707696,2392.717285668,3540.7707696,132.08836610585,4.6655736,149.0,18846.4398492246,5.10382134724
1242874029,6.7184016,3540.7710744,2392.717285668,3540.7710744,132.14824029869,4.6655736,149.0,18854.4653467138,5.04440074677
1242874032,6.7180968,3540.7713792,2392.717285668,3540.7713792,132.15731214609,4.6655736,150.0,18888.4496054119,5.034875307
1242874035,6.717792,3540.771684,2392.717285668,3540.771684,132.2403195498,4.6655736,150.0,18888.4496054119,4.95232149566
1242874038,6.717792,3540.771684,2392.717285668,3540.771684,132.17182710193,4.6655736,150.0,18938.7951231666,5.02081394353
1242874041,6.716268,3540.773208,2392.717285668,3540.773208,132.3809331845,4.6655736,149.0,18814.9308083948,4.81125426859
1242874044,6.7159632,3540.7738176,2392.717285668,3540.7738176,132.07339755764,4.6655736,149.0,18814.9308083948,5.11878989545
1242874047,6.7150488,3540.7744272,2392.717285668,3540.7744272,132.36369667444,4.6655736,150.0,18884.7402259881,4.82849077865
1242874050,6.714744,3540.774732,2392.717285668,3540.774732,132.29248267235,4.6655736,150.0,18858.7952542939,4.89970478074
1242874053,6.714744,3540.774732,2392.717285668,3540.774732,132.24304110402,4.6655736,150.0,18858.7952542939,4.94959994144
1242874056,6.7144392,3540.7750368,2392.717285668,3540.7750368,132.26254557593,4.6655736,150.0,18993.4636537441,4.92964187716
1242874059,6.7144392,3540.7750368,2392.717285668,3540.7750368,132.36369667444,4.6655736,150.0,18895.2409413456,4.82894437102
1242874062,6.7141344,3540.7756464,2392.717285668,3540.7756464,132.29611141131,4.6655736,150.0,18895.2409413456,4.89607604178
1242874065,6.7138296,3540.7759512,2392.717285668,3540.7759512,132.51066060232,4.6655736,149.0,18961.6512435934,4.68152685077
1242874068,6.71322,3540.776256,2392.717285668,3540.776256,132.52698992764,4.6655736,150.0,18878.2522593753,4.66519752545
1242874071,6.71322,3540.776256,2392.717285668,3540.776256,132.3854691082,4.6655736,150.0,18878.2522593753,4.80717193726
1242874074,6.7129152,3540.7765608,2392.717285668,3540.7765608,132.63086258037,4.6655736,149.0,18921.496177118,4.56177846509
1242874077,6.7126104,3540.7768656,2392.717285668,3540.7768656,132.56735964857,4.6655736,148.0,18903.2733335922,4.62482780452
1242874080,6.7120008,3540.7774752,2392.717285668,3540.7774752,132.63902724303,4.6655736,149.0,18974.316912741,4.55316021006
1242874083,6.7120008,3540.7774752,2392.717285668,3540.7774752,132.50158875492,4.6655736,149.0,18974.316912741,4.69059869817
1242874086,6.711696,3540.77778,2392.717285668,3540.77778,132.5623701325,4.6655736,149.0,18929.5285693646,4.62981732059
1242874089,6.7107816,3540.7786944,2392.717285668,3540.7786944,132.83951507057,4.6655736,149.0,18883.1958003545,4.35267238252
1242874092,6.7107816,3540.7786944,2392.717285668,3540.7786944,132.4399001926,4.6655736,149.0,18883.1958003545,4.75274085286
1242874095,6.7107816,3540.7786944,2392.717285668,3540.7786944,132.45985825688,4.6655736,149.0,18957.6384948488,4.73232919621
1242874098,6.7107816,3540.7786944,2392.717285668,3540.7786944,132.71250920697,4.6655736,149.0,18957.6384948488,4.47967824612
1242874101,6.7107816,3540.7786944,2392.717285668,3540.7786944,132.44942563237,4.6655736,151.0,18896.1648388229,4.74276182072
1242874104,6.7107816,3540.7786944,2392.717285668,3540.7786944,132.42901397572,4.6655736,149.0,18970.9177973955,4.76317347737
1242874107,6.7107816,3540.7786944,2392.717285668,3540.7786944,132.58368897389,4.6655736,149.0,18970.9177973955,4.6084984792
1242874110,6.7107816,3540.7786944,2392.717285668,3540.7786944,132.61997636349,4.6655736,149.0,18855.0858748702,4.57266468197
1242874113,6.7107816,3540.7789992,2392.717285668,3540.7789992,132.64038802014,4.6655736,150.0,19058.01926628,4.55225302532
1242874116,6.7104768,3540.7789992,2392.717285668,3540.7789992,132.66306763864,4.6655736,150.0,19058.01926628,4.52957340682
1242874119,6.7095624,3540.7796088,2392.717285668,3540.7796088,132.6939119198,4.6655736,149.0,18945.8967231785,4.49827553329
1242874122,6.7089528,3540.7805232,2392.717285668,3540.7805232,132.89666770919,4.6655736,150.0,18959.1829204825,4.2955197439
1242874125,6.7074288,3540.7820472,2392.717285668,3540.7820472,132.87807042202,4.6655736,150.0,18959.1829204825,4.31411703107
1242874131,6.6988944,3540.7911912,2392.717285668,3540.7911912,132.97332481972,4.6655736,150.0,18904.8177592258,4.21886263337
1242874134,6.6940176,3540.7957632,2392.717285668,3540.7957632,132.78190883958,4.6655736,150.0,18904.8177592258,4.41027861351
1242874137,6.6891408,3540.8003352,2392.717285668,3540.8003352,132.79279505646,4.6655736,150.0,18833.4639159988,4.39939239663
1242874140,6.6845688,3540.8049072,2392.717285668,3540.8049072,132.78054806247,4.6655736,150.0,18875.7839362643,4.41163939062
1242874143,6.6803016,3540.8094792,2392.717285668,3540.8094792,132.66397482338,4.6655736,150.0,18875.7839362643,4.52821262971
1242874146,6.6757296,3540.8140512,2392.717285668,3540.8140512,132.79597020305,4.6655736,149.0,18868.6754414951,4.39667084241
1242874149,6.6714624,3540.8180136,2392.717285668,3540.8180136,132.43309630705,4.6655736,150.0,18897.0956310575,4.75909114604
1242874152,6.6671952,3540.8225856,2392.717285668,3540.8225856,132.62678024904,4.6655736,150.0,18897.0956310575,4.56540720405
1242874155,6.6626232,3540.8271576,2392.717285668,3540.8271576,132.57189557227,4.6655736,148.0,18982.6526743084,4.62029188082
1242874158,6.6571368,3540.8323392,2392.717285668,3540.8323392,132.39590173271,4.6655736,149.0,18920.2620155625,4.79628572038
1242874161,6.649212,3540.8414832,2392.717285668,3540.8414832,132.42583882913,4.6655736,149.0,18920.2620155625,4.76634862396
1242874164,6.6391536,3540.850932,2392.717285668,3540.850932,132.08881969822,4.6655736,151.0,18996.8627690896,5.10336775487
1242874167,6.6303144,3540.8594664,2392.717285668,3540.8594664,131.84614778027,4.6655736,148.0,18849.5287004919,5.34603967282
1242874170,6.6205608,3540.8695248,2392.717285668,3540.8695248,131.77493377818,2.6816304,148.0,18849.5287004919,5.41725367491
1242874173,6.6138552,3540.8759256,2392.717285668,3540.8759256,131.28233246436,2.6816304,150.0,18880.1069490871,5.90985498873
1242874176,6.6053208,3540.8850696,2392.717285668,3540.8850696,131.38620511709,2.6816304,150.0,18854.4722414711,5.80643592837
1242874179,6.5952624,3540.8945184,2392.717285668,3540.8945184,131.29548664309,2.6816304,150.0,18987.5962152876,5.89670081
1242874182,6.5888616,3540.9009192,2392.717285668,3540.9009192,130.80560688349,2.6816304,150.0,18987.5962152876,6.3865805696
1242874185,6.5812416,3540.9085392,2392.717285668,3540.9085392,131.27643576355,2.6816304,149.0,18843.0338391218,5.91575168954
1242874188,6.5727072,3540.9176832,2392.717285668,3540.9176832,130.90721157437,2.6816304,149.0,18843.0338391218,6.28542947109
1242874191,6.5663064,3540.9231696,2392.717285668,3540.9231696,130.92399449206,2.6816304,150.0,18936.0096412201,6.26819296103
1242874194,6.5650872,3540.9243888,2392.717285668,3540.9243888,130.78700959632,2.6816304,150.0,18858.1747261376,6.40517785677
1242874197,6.5620392,3540.9277416,2392.717285668,3540.9277416,130.73938239747,2.6816304,150.0,18858.1747261376,6.45280505562
1242874200,6.5589912,3540.9307896,2392.717285668,3540.9307896,131.32134140818,2.6816304,150.0,18881.9547440417,5.87084604491
1242874203,6.5556384,3540.9338376,2392.717285668,3540.9338376,131.10497784769,2.6816304,149.0,18840.2621466899,6.0872096054
1242874206,6.5522856,3540.9374952,2392.717285668,3540.9374952,130.83236883332,2.6816304,149.0,18840.2621466899,6.35981861977
1242874209,6.5492376,3540.9405432,2392.717285668,3540.9405432,131.60347586232,2.6816304,149.0,18920.5653848834,5.58871159077
1242874212,6.5464944,3540.9429816,2392.717285668,3540.9429816,130.80651406823,2.6816304,148.0,18894.0067797902,6.38567338486
1242874215,6.5464944,3540.9429816,2392.717285668,3540.9429816,131.03648539982,2.6816304,148.0,18894.0067797902,6.15570205327
1242874218,6.5467992,3540.9420672,2392.717285668,3540.9429816,130.3851267565,2.6816304,150.0,18818.3299237403,6.80706069659
1242874221,6.6105024,3540.8725728,2392.717285668,3540.9429816,128.91185873874,2.6816304,150.0,18940.0292847221,8.28032871435
1242874224,6.6924936,3540.7911912,2392.717285668,3540.9429816,130.88543914061,2.6816304,150.0,18940.0292847221,6.30720190485
1242874227,6.7732656,3540.7101144,2392.717285668,3540.9429816,131.71052366164,2.6816304,151.0,18893.696515712,5.48166379145
1242874230,6.8546472,3540.628428,2392.717285668,3540.9429816,133.69362950328,2.6816304,151.0,18823.5768340404,3.49855794981
1242874233,6.935724,3540.5482656,2392.717285668,3540.9429816,134.56906277738,2.6816304,151.0,18823.5768340404,2.62312467571
1242874236,7.0055232,3540.4784664,2392.717285668,3540.9429816,135.50210228247,2.6816304,149.0,18736.1651010777,1.69008517062
1242874239,7.0756272,3540.4083624,2392.717285668,3540.9429816,134.85845470944,2.6816304,149.0,18876.3975696634,2.33373274365
1242874242,7.1457312,3540.3385632,2392.717285668,3540.9429816,134.95461629188,2.6816304,149.0,18876.3975696634,2.23757116121
1242874245,7.2152256,3540.268764,2392.717285668,3540.9429816,134.88839180586,2.6816304,149.0,18800.1070802145,2.30379564723
1242874251,7.354824,3540.1294704,2392.717285668,3540.9429816,134.88975258297,2.6816304,151.0,18862.1874748822,2.30288846249
1242874254,7.4246232,3540.0593664,2392.717285668,3540.9429816,134.93193667338,2.6816304,149.0,18786.8208829106,2.26025077971
1242874257,7.4947272,3539.9895672,2392.717285668,3540.9429816,134.76637545833,2.6816304,150.0,18869.6062337296,2.42581199476
1242874260,7.5639168,3539.9200728,2392.717285668,3540.9429816,134.79585896238,2.6816304,150.0,18922.1167052744,2.39632849071
1242874263,7.5840336,3539.9051376,2392.717285668,3540.9429816,135.70894040319,2.6816304,150.0,18922.1167052744,1.4832470499
1242874266,7.5840336,3539.9051376,2392.717285668,3540.9429816,135.42136284061,2.6816304,149.0,18941.8839744339,1.77082461248
1242874269,7.5840336,3539.9051376,2392.717285668,3540.9429816,135.42045565587,2.6816304,149.0,18941.8839744339,1.77173179722
1242874272,7.5587352,3539.9343984,2392.717285668,3540.9429816,136.81842734021,2.6816304,150.0,19031.4606611868,0.37376011288
1242874275,7.5081384,3539.9853,2392.717285668,3540.9429816,136.86287939247,2.6816304,149.0,19018.484727961,0.32930806062
1242874278,7.4468736,3540.0471744,2392.717285668,3540.9429816,136.74721333812,2.6816304,149.0,19018.484727961,0.44497411497
1242874281,7.38378,3540.1099632,2392.717285668,3540.9429816,136.85153958322,2.6816304,149.0,18986.9825818885,0.34064786987
1242874284,7.3203816,3540.1739712,2392.717285668,3540.9429816,136.79211898275,2.6816304,149.0,18979.5638230411,0.40052206271
1242874287,7.264908,3540.227616,2392.717285668,3540.9429816,136.88646619571,2.6816304,149.0,18979.5638230411,0.30572125738
1242874290,7.2231504,3540.2693736,2392.717285668,3540.9429816,137.17903327436,2.6816304,149.0,19013.85145106,0.0136077711
1242874293,7.1804784,3540.3120456,2392.717285668,3540.9429816,137.02209031434,2.6816304,149.0,19082.1164430197,0.17009713875
1242874296,7.1381112,3540.3544128,2392.717285668,3540.9429816,137.06109925816,2.6816304,149.0,19082.1164430197,0.13108819493
1242874299,7.0960488,3540.39678,2392.717285668,3540.9429816,136.9712879689,2.6816304,150.0,19028.9854433185,0.22089948419
1242874302,7.0536816,3540.4385376,2392.717285668,3540.9429816,137.09103635458,2.6816304,149.0,18959.7965538816,0.10115109851
1242874305,7.0116192,3540.4809048,2392.717285668,3540.9429816,137.03887323203,2.6816304,149.0,18959.7965538816,0.15331422106
1242874308,6.969252,3540.5235768,2392.717285668,3540.9429816,137.03705886255,2.6816304,150.0,19115.7835428822,0.15512859054
1242874311,6.9271896,3540.5653344,2392.717285668,3540.9429816,137.15635365586,2.6816304,150.0,18964.7400948608,0.03583379723
1242874314,6.8851272,3540.6077016,2392.717285668,3540.9429816,137.07788217585,2.6816304,150.0,18964.7400948608,0.11430527724
1242874317,6.8424552,3540.6500688,2392.717285668,3540.9429816,137.19536259968,2.6816304,149.0,19121.6509813387,-0.00317514659
1242874320,6.8003928,3540.692436,2392.717285668,3540.9429816,136.31403262477,2.6816304,151.0,18985.4312614976,0.87815482832
1242874323,6.7580256,3540.7341936,2392.717285668,3540.9429816,135.41410536269,2.6816304,151.0,18985.4312614976,1.7780820904
1242874326,6.716268,3540.7756464,2392.717285668,3540.9429816,134.84121819938,2.6816304,150.0,19151.6087017775,2.35096925371
1242874329,6.7052952,3540.783876,2392.717285668,3540.9429816,133.57796344893,2.6816304,149.0,19013.5411869818,3.61467759653
1242874332,6.7056,3540.783876,2392.717285668,3540.9429816,133.14342195847,2.6816304,149.0,19013.5411869818,4.04876549462
1242874335,6.7052952,3540.7841808,2392.717285668,3540.9429816,133.39017620775,2.6816304,150.0,19072.2293610613,3.80201124534
1242874338,6.7022472,3540.7875336,2392.717285668,3540.9429816,134.04697795951,2.6816304,149.0,19046.9049175235,3.14520949358
1242874341,6.6988944,3540.7908864,2392.717285668,3540.9429816,134.01522649361,2.6816304,149.0,19046.9049175235,3.17741455185
1242874344,6.6955416,3540.7939344,2392.717285668,3540.9429816,134.13497487929,2.6816304,149.0,19091.0727327435,3.0572125738
1242874347,6.6924936,3540.7969824,2392.717285668,3540.9429816,134.12635662426,2.6816304,149.0,19039.4930534333,3.06583082883
1242874350,6.6894456,3540.8003352,2392.717285668,3540.9429816,134.05196747558,2.6816304,150.0,18925.1986617845,3.14067356988
1242874353,6.6860928,3540.803688,2392.717285668,3540.9429816,133.86145868018,2.6816304,150.0,18925.1986617845,3.33072877291
1242874356,6.68274,3540.806736,2392.717285668,3540.9429816,133.88096315209,2.6816304,150.0,19006.7429562908,3.31167789337
1242874359,6.679692,3540.8100888,2392.717285668,3540.9429816,133.8641802344,2.6816304,150.0,19006.7429562908,3.32800721869
1242874362,6.6763392,3540.8131368,2392.717285668,3540.9429816,133.81519225844,2.6816304,150.0,18937.5540668538,3.37699519465
1242874365,6.6729864,3540.8167944,2392.717285668,3540.9429816,133.75441088086,2.6816304,149.0,18940.332654043,3.4382301646
1242874371,6.6665856,3540.8228904,2392.717285668,3540.9429816,133.69499028039,2.6816304,150.0,18931.3832590764,3.4971971727
1242874374,6.6635376,3540.826548,2392.717285668,3540.9429816,133.62014753934,2.6816304,149.0,19000.5721485134,3.57203991375
1242874377,6.6601848,3540.829596,2392.717285668,3540.9429816,133.63693045703,2.6816304,149.0,19000.5721485134,3.55525699606
1242874380,6.6546984,3540.8350824,2392.717285668,3540.9429816,133.49767759944,2.6816304,150.0,18885.6641234654,3.69450985365
1242874383,6.6482976,3540.841788,2392.717285668,3540.9429816,133.40015523989,2.6816304,149.0,18988.5201127649,3.7920322132
1242874386,6.641592,3540.8481888,2392.717285668,3540.9429816,133.2472946112,2.6816304,149.0,18988.5201127649,3.94489284189
1242874389,6.6351912,3540.8548944,2392.717285668,3540.9429816,133.15702972957,2.6816304,150.0,18940.6498128784,4.03515772352
1242874392,6.6284856,3540.8616,2392.717285668,3540.9429816,132.99056132978,2.6816304,150.0,18946.8275154131,4.20162612331
1242874395,6.62178,3540.8680008,2392.717285668,3540.9429816,132.97377841209,2.6816304,150.0,18946.8275154131,4.218409041
1242874398,6.6153792,3540.8747064,2392.717285668,3540.9429816,132.66578919286,2.6816304,150.0,18848.2876441792,4.52639826023
1242874401,6.6089784,3540.8808024,2392.717285668,3540.9429816,132.68257211055,2.6816304,149.0,18854.775610792,4.50961534254
1242874404,6.6028824,3540.8868984,2392.717285668,3540.9429816,132.66578919286,2.6816304,149.0,18854.775610792,4.5268518526
1242874407,6.5998344,3540.8899464,2392.717285668,3540.9429816,132.33149161617,2.6816304,150.0,18935.3960078211,4.86069583692
1242874410,6.5967864,3540.8929944,2392.717285668,3540.9429816,132.5306186666,2.6816304,150.0,18891.2212978437,4.66156878649
1242874413,6.5934336,3540.8960424,2392.717285668,3540.9429816,132.42765319861,2.6816304,150.0,18891.2212978437,4.76453425448
1242874416,6.5900808,3540.8990904,2392.717285668,3540.9429816,132.2811428631,2.6816304,151.0,18924.8883977063,4.91104458999
1242874419,6.5870328,3540.902748,2392.717285668,3540.9429816,132.61498684742,2.6816304,149.0,18923.964500229,4.57720060567
1242874422,6.58368,3540.9061008,2392.717285668,3540.9429816,132.51791808024,2.6816304,149.0,18923.964500229,4.67426937285
1242874425,6.5803272,3540.9091488,2392.717285668,3540.9429816,132.35144968045,2.6816304,149.0,18987.9064793658,4.84073777264
1242874428,6.5772792,3540.9125016,2392.717285668,3540.9429816,132.51746448787,2.6816304,150.0,18860.9533133267,4.67472296522
1242874431,6.5739264,3540.9158544,2392.717285668,3540.9429816,132.44171456208,2.6816304,150.0,18860.9533133267,4.75047289101
1242874434,6.5705736,3540.9189024,2392.717285668,3540.9429816,132.23895877269,2.6816304,150.0,19040.4169509106,4.9532286804
1242874437,6.5675256,3540.9222552,2392.717285668,3540.9429816,132.29747218842,2.6816304,150.0,18893.3862516338,4.89471526467
1242874440,6.5641728,3540.9253032,2392.717285668,3540.9429816,132.14189000551,2.6816304,150.0,18942.497607833,5.05029744758
1242874443,6.5611248,3540.928656,2392.717285668,3540.9429816,132.48707379908,2.6816304,150.0,18942.497607833,4.70511365401
1242874446,6.557772,3540.931704,2392.717285668,3540.9429816,132.30699762819,2.6816304,149.0,18860.0294158494,4.8851898249
1242874449,6.5544192,3540.9350568,2392.717285668,3540.9429816,132.08383018215,2.6816304,149.0,18860.0294158494,5.10835727094
1242874452,6.5510664,3540.9384096,2392.717285668,3540.9429816,132.18679565014,2.6816304,149.0,19000.5721485134,5.00539180295
1242874455,6.5480184,3540.9417624,2392.717285668,3540.9429816,132.07657270423,2.6816304,149.0,18926.7430874181,5.11561474886
1242874458,6.5449704,3540.9448104,2392.717285668,3540.9448104,131.98358626838,2.6816304,149.0,18926.7430874181,5.20860118471
1242874461,6.5416176,3540.9481632,2392.717285668,3540.9481632,131.96952490491,2.6816304,150.0,18891.8418260001,5.22311614055
1242874464,6.5382648,3540.9512112,2392.717285668,3540.9512112,132.15821933083,2.6816304,150.0,18875.1634081079,5.03396812226
1242874467,6.534912,3540.954564,2392.717285668,3540.954564,132.25438091327,2.6816304,150.0,18875.1634081079,4.93780653982
1242874470,6.531864,3540.9579168,2392.717285668,3540.9579168,132.00490510977,2.6816304,150.0,18940.0292847221,5.18728234332
1242874473,6.5285112,3540.9612696,2392.717285668,3540.9612696,131.98222549127,2.6816304,149.0,18996.5525050115,5.20996196182
1242874476,6.5251584,3540.9643176,2392.717285668,3540.9643176,132.02939909775,2.6816304,149.0,18996.5525050115,5.16278835534
1242874479,6.5221104,3540.9679752,2392.717285668,3540.9679752,131.8774456538,2.6816304,150.0,18847.0534826237,5.31474179929
1242874482,6.5187576,3540.9707184,2392.717285668,3540.9707184,131.97768956757,2.6816304,149.0,18968.1392102063,5.21495147789
1242874485,6.5154048,3540.9740712,2392.717285668,3540.9740712,131.88107439276,2.6816304,149.0,18968.1392102063,5.31111306033
1242874494,6.505956,3540.98352,2392.717285668,3540.98352,131.55040555503,2.6816304,150.0,18910.0715642832,5.64178189806
1242874497,6.5026032,3540.9868728,2392.717285668,3540.9868728,131.74771823598,2.6816304,149.0,18851.9970236029,5.44446921711
1242874500,6.4995552,3540.9899208,2392.717285668,3540.9899208,131.75996522997,2.6816304,149.0,18946.2069872567,5.43267581549
1242874503,6.4962024,3540.9935784,2392.717285668,3540.9935784,131.82618971599,2.6816304,149.0,18946.2069872567,5.3659977371
1242874506,6.4928496,3540.9966264,2392.717285668,3540.9966264,131.9318767382,2.6816304,149.0,18907.2860823368,5.26031071489
1242874509,6.4898016,3540.9996744,2392.717285668,3540.9996744,131.54904477792,2.6816304,149.0,18855.7064030266,5.64314267517
1242874512,6.4864488,3541.003332,2392.717285668,3541.003332,131.83344719391,2.6816304,149.0,18855.7064030266,5.35874025918
1242874515,6.483096,3541.0066848,2392.717285668,3541.0066848,131.69374074395,2.6816304,149.0,18923.9713949863,5.49844670914
1242874518,6.480048,3541.009428,2392.717285668,3541.009428,131.36806142229,2.6816304,148.0,18981.1082486748,5.8241260308
1242874521,6.4766952,3541.0127808,2392.717285668,3541.0127808,131.83889030235,2.6816304,149.0,18862.4977389604,5.35329715074
1242874524,6.4733424,3541.0164384,2392.717285668,3541.0164384,131.64747432221,2.412492,149.0,18862.4977389604,5.54471313088
1242874527,6.4702944,3541.0194864,2392.717285668,3541.0194864,131.60166149284,2.412492,150.0,18884.1196978318,5.59052596025
1242874530,6.4669416,3541.0225344,2392.717285668,3541.0225344,131.77221222396,2.412492,150.0,18884.1196978318,5.41997522913
1242874533,6.4638936,3541.0258872,2392.717285668,3541.0258872,131.4782843682,2.412492,150.0,18997.1661384105,5.71435667726
1242874536,6.4605408,3541.02924,2392.717285668,3541.02924,131.59984712336,2.412492,149.0,18935.3960078211,5.59234032973
1242874539,6.4565784,3541.0332024,2392.717285668,3541.0332024,131.50776787225,2.412492,149.0,18935.3960078211,5.68441958084
1242874542,6.452616,3541.03686,2392.717285668,3541.03686,131.53044749075,2.412492,149.0,18974.0066486628,5.66173996234
1242874545,6.4486536,3541.041432,2392.717285668,3541.041432,131.69918385239,2.412492,148.0,18802.8787726464,5.4930036007
1242874548,6.4446912,3541.0450896,2392.717285668,3541.0450896,131.37214375362,2.412492,148.0,18802.8787726464,5.82049729184
1242874551,6.440424,3541.0493568,2392.717285668,3541.0493568,131.75633649101,2.412492,150.0,19014.7753485373,5.43585096208
1242874554,6.4361568,3541.0533192,2392.717285668,3541.0533192,131.64021684429,2.412492,149.0,18822.0393031641,5.5519706088
1242874557,6.4321944,3541.0575864,2392.717285668,3541.0575864,131.35490724356,2.412492,149.0,18822.0393031641,5.83728020953
1242874560,6.4279272,3541.0615488,2392.717285668,3541.0615488,131.53906574578,2.412492,149.0,18949.6061026023,5.65312170731
1242874563,6.4242696,3541.0655112,2392.717285668,3541.0655112,131.47193407502,2.412492,148.0,18931.9968924755,5.72025337807
1242874566,6.4200024,3541.0697784,2392.717285668,3541.0697784,131.30773363708,2.412492,148.0,18931.9968924755,5.88445381601
1242874569,6.4157352,3541.0740456,2392.717285668,3541.0740456,131.41432784403,2.412492,149.0,18976.4749717737,5.77785960906
1242874572,6.4117728,3541.078008,2392.717285668,3541.078008,131.23379808077,2.412492,150.0,18917.7867976943,5.95838937232
1242874575,6.4075056,3541.0822752,2392.717285668,3541.0822752,131.50640709514,2.412492,150.0,18917.7867976943,5.68578035795
1242874578,6.4032384,3541.0865424,2392.717285668,3541.0865424,131.4283892075,2.412492,149.0,18922.4200745953,5.76379824559
1242874581,6.399276,3541.0905048,2392.717285668,3541.0905048,131.29185790413,2.412492,149.0,18968.7528436054,5.90032954896
1242874584,6.3950088,3541.094772,2392.717285668,3541.094772,131.5327154526,2.412492,149.0,18968.7528436054,5.65947200049
1242874587,6.3910464,3541.0984296,2392.717285668,3541.0984296,131.01788811265,2.412492,149.0,19002.1096793897,6.17429934044
1242874590,6.3867792,3541.1026968,2392.717285668,3541.1026968,131.23289089603,2.412492,150.0,18980.8048793539,5.95929655706
1242874593,6.3828168,3541.106964,2392.717285668,3541.106964,131.29367227361,2.412492,150.0,18980.8048793539,5.89851517948
1242874596,6.3791592,3541.1106216,2392.717285668,3541.1106216,131.06188657254,2.412492,150.0,18835.6288697889,6.13030088055
1242874599,6.374892,3541.1148888,2392.717285668,3541.1148888,131.18571728955,2.412492,149.0,18942.497607833,6.00647016354
1242874602,6.3709296,3541.1188512,2392.717285668,3541.1188512,130.96345702825,2.412492,149.0,18942.497607833,6.22873042484
1242874605,6.3666624,3541.1228136,2392.717285668,3541.1228136,131.10769940191,2.412492,150.0,18948.3719410468,6.08448805118
1242874611,6.3584328,3541.131348,2392.717285668,3541.131348,130.76523716256,2.412492,150.0,18901.7289079585,6.42695029053
1242874614,6.3541656,3541.1353104,2392.717285668,3541.1353104,131.15986252446,2.412492,150.0,18798.5557598235,6.032778521
1242874617,6.3498984,3541.1398824,2392.717285668,3541.1398824,130.93624148605,2.412492,150.0,18798.5557598235,6.25594596704
1242874620,6.345936,3541.1438448,2392.717285668,3541.1438448,130.86366670685,2.412492,150.0,18871.7642927624,6.32852074624
1242874623,6.3419736,3541.1475024,2392.717285668,3541.1475024,131.41568862114,2.412492,149.0,18858.7883595367,5.77649883195
1242874626,6.3380112,3541.1514648,2392.717285668,3541.1514648,130.44545454171,2.412492,150.0,18811.8419571275,6.74673291138
1242874629,6.3340488,3541.155732,2392.717285668,3541.155732,131.05100035566,2.412492,150.0,18811.8419571275,6.14118709743
1242874632,6.3300864,3541.1599992,2392.717285668,3541.1599992,130.36652946933,2.412492,149.0,18911.9193592378,6.82611157613
1242874635,6.326124,3541.1636568,2392.717285668,3541.1636568,130.2944082825,2.412492,148.0,18763.0408650064,6.89823276296
1242874638,6.3221616,3541.1676192,2392.717285668,3541.1676192,131.22064390204,3.5588448,148.0,18763.0408650064,5.97154355105
1242874641,6.3209424,3541.1685336,2392.717285668,3541.1685336,130.08348783045,3.5588448,152.0,18748.8307702252,7.10869962264
1242874644,6.3209424,3541.1685336,2392.717285668,3541.1685336,130.75117579909,3.5588448,150.0,18798.5626545808,6.441011654
1242874647,6.3209424,3541.1685336,2392.717285668,3541.1685336,130.04674684848,3.5588448,150.0,18798.5626545808,7.14589419698
1242874650,6.3462408,3541.1401872,2392.717285668,3541.1685336,128.83066570451,3.5588448,148.0,18834.3947082334,8.36197534095
1242874653,6.3828168,3541.1036112,2392.717285668,3541.1685336,129.41489267707,3.5588448,150.0,18628.0553067208,7.77729477602
1242874656,6.4200024,3541.0667304,2392.717285668,3541.1685336,129.45480880563,3.5588448,150.0,18628.0553067208,7.73783223983
1242874659,6.4562736,3541.0301544,2392.717285668,3541.1685336,130.96708576721,3.5588448,149.0,18760.8759112164,6.22510168588
1242874662,6.4928496,3540.9938832,2392.717285668,3541.1685336,130.58289302982,3.5588448,150.0,18669.1411654308,6.60929442327
1242874665,6.5291208,3540.9570024,2392.717285668,3541.1685336,131.92870159161,3.5588448,150.0,18669.1411654308,5.26348586148
1242874668,6.565392,3540.921036,2392.717285668,3541.1685336,131.8456941879,3.5588448,150.0,18837.4835595008,5.34694685756
1242874671,6.6016632,3540.8847648,2392.717285668,3541.1685336,132.86219468907,3.5588448,150.0,18756.8631624717,4.33044635639
1242874674,6.6379344,3540.8491032,2392.717285668,3541.1685336,133.84467576249,3.5588448,150.0,18756.8631624717,3.3475116906
1242874677,6.6742056,3540.8125272,2392.717285668,3541.1685336,134.10775933709,3.5588448,150.0,18802.2651392473,3.084428116
1242874680,6.7107816,3540.7759512,2392.717285668,3541.1685336,134.85210441626,3.5588448,150.0,18744.8180214806,2.34008303683
1242874683,6.746748,3540.7399848,2392.717285668,3541.1685336,134.85391878574,3.5588448,150.0,18744.8180214806,2.33826866735
1242874686,6.7830192,3540.7034088,2392.717285668,3541.1685336,134.6851824241,3.5588448,151.0,18896.1648388229,2.50745862136
1242874689,6.8195952,3540.6671376,2392.717285668,3541.1685336,134.69516145624,3.5588448,150.0,18662.6531988179,2.49702599685
1242874692,6.8558664,3540.6305616,2392.717285668,3541.1685336,134.75186050249,3.5588448,150.0,18662.6531988179,2.4403269506
1242874695,6.8921376,3540.5945952,2392.717285668,3541.1685336,134.7441494322,3.5588448,149.0,18831.609226287,2.44803802089
1242874698,6.9284088,3540.5586288,2392.717285668,3541.1685336,134.58130977137,3.5588448,149.0,18943.4284000676,2.61087768172
1242874701,6.96468,3540.5220528,2392.717285668,3541.1685336,134.81490984192,3.5588448,149.0,18943.4284000676,2.37727761117
1242874704,7.0006464,3540.4863912,2392.717285668,3541.1685336,134.81581702666,3.5588448,149.0,18930.76273092,2.3768240188
1242874707,7.036308,3540.45012,2392.717285668,3541.1685336,134.87070170343,3.5588448,149.0,18930.76273092,2.32148574966
1242874710,7.0725792,3540.4141536,2392.717285668,3541.1685336,134.65116299635,3.5588448,149.0,18941.8839744339,2.54102445674
1242874713,7.1091552,3540.3775776,2392.717285668,3541.1685336,134.72509855266,3.5588448,150.0,18860.6430492485,2.46708890043
1242874716,7.1454264,3540.3413064,2392.717285668,3541.1685336,134.58493851033,3.5588448,149.0,18950.8402641577,2.60724894276
1242874719,7.1820024,3540.3047304,2392.717285668,3541.1685336,134.68155368514,3.5588448,149.0,18950.8402641577,2.51063376795
1242874722,7.2182736,3540.2684592,2392.717285668,3541.1685336,134.57495947819,3.5588448,149.0,18768.9083034629,2.6172279749
1242874725,7.2551544,3540.2315784,2392.717285668,3541.1685336,134.66023484375,3.5588448,150.0,18947.1377794913,2.53195260934
1242874728,7.2917304,3540.1950024,2392.717285668,3541.1685336,134.65705969716,3.5588448,150.0,18947.1377794913,2.53512775593
1242874731,7.3280016,3540.1581216,2392.717285668,3541.1685336,134.62893697022,3.5588448,150.0,18905.7416567031,2.56325048287
1242874734,7.3648824,3540.1218504,2392.717285668,3541.1685336,134.52506431749,3.5588448,150.0,19112.3844275367,2.6671231356
1242874737,7.4011536,3540.0855792,2392.717285668,3541.1685336,134.50147751425,3.5588448,150.0,19112.3844275367,2.69116353121
1242874740,7.43712,3540.049308,2392.717285668,3541.1685336,134.61170046016,3.5588448,150.0,19025.2829586521,2.58048699293
1242874743,7.473696,3540.0130368,2392.717285668,3541.1685336,134.60036065091,3.5588448,150.0,18966.2845204944,2.59182680218
1242874746,7.5105768,3539.976156,2392.717285668,3541.1685336,134.5400328657,3.5588448,150.0,18966.2845204944,2.65260817976
1242874749,7.546848,3539.9401896,2392.717285668,3541.1685336,134.53776490385,3.5588448,149.0,18991.6158587895,2.65487614161
1242874752,7.5825096,3539.9042232,2392.717285668,3541.1685336,134.59491754247,3.5588448,150.0,18900.7981157239,2.59772350299
1242874755,7.6190856,3539.8673424,2392.717285668,3541.1685336,134.50782780743,3.5588448,150.0,18900.7981157239,2.68435964566
1242874758,7.6553568,3539.831376,2392.717285668,3541.1685336,134.64481270317,3.5588448,149.0,18854.1550826356,2.54737474992
1242874761,7.691628,3539.7951048,2392.717285668,3541.1685336,134.54184723518,3.5588448,149.0,18913.7740489497,2.65034021791
1242874764,7.7278992,3539.7585288,2392.717285668,3541.1685336,134.6942542715,3.5588448,149.0,18913.7740489497,2.49793318159
1242874767,7.7650848,3539.7219528,2392.717285668,3541.1685336,134.40168719285,3.5588448,150.0,19084.8950302088,2.79050026024
1242874770,7.8010512,3539.6856816,2392.717285668,3541.1685336,134.53776490385,3.5588448,149.0,18980.8048793539,2.65442254924
1242874773,7.8373224,3539.6491056,2392.717285668,3541.1685336,134.580856179,3.5588448,149.0,18980.8048793539,2.61133127409
1242874776,7.8742032,3539.6128344,2392.717285668,3541.1685336,134.58357773322,3.5588448,149.0,19023.118004862,2.60860971987
1242874779,7.9101696,3539.5762584,2392.717285668,3541.1685336,134.52551790986,3.5588448,150.0,18956.397438536,2.6671231356
1242874782,7.946136,3539.5405968,2392.717285668,3541.1685336,134.60761812883,3.5588448,150.0,18956.397438536,2.58456932426
1242874785,7.9821024,3539.5046304,2392.717285668,3541.1685336,134.46473653228,3.5588448,149.0,19061.4183816256,2.72745092081
1242874788,8.0186784,3539.4677496,2392.717285668,3541.1685336,134.62666900837,3.5588448,150.0,18991.3055947114,2.56551844472
1242874791,8.0549496,3539.4317832,2392.717285668,3541.1685336,134.25381608023,3.5588448,150.0,18991.3055947114,2.93837137286
1242874794,8.090916,3539.3973408,2392.717285668,3541.1685336,134.59128880351,3.5588448,150.0,19061.1150123047,2.60089864958
1242874797,8.0918304,3539.3973408,2392.717285668,3541.1685336,134.86979451869,3.5588448,150.0,19031.4606611868,2.3223929344
1242874800,8.0915256,3539.3979504,2392.717285668,3541.1685336,135.0752718623,3.5588448,150.0,19031.4606611868,2.11691559079
1242874803,8.0534256,3539.442756,2392.717285668,3541.1685336,136.23828269898,3.5588448,150.0,18981.1082486748,0.95435834648
1242874806,7.9677768,3539.5277952,2392.717285668,3541.1685336,136.68416399869,3.5588448,149.0,19050.6074021899,0.5080234544
1242874809,7.8827376,3539.6128344,2392.717285668,3541.1685336,136.46689325346,3.5588448,149.0,19050.6074021899,0.72529419963
1242874812,7.7980032,3539.6978736,2392.717285668,3541.1685336,136.88828056519,3.5588448,148.0,19019.4086254383,0.3039068879
1242874815,7.7132688,3539.782608,2392.717285668,3541.1685336,136.44602800444,3.5588448,150.0,19071.9190969831,0.74615944865
1242874818,7.6285344,3539.8670376,2392.717285668,3541.1685336,136.73133760517,3.5588448,150.0,19071.9190969831,0.46130344029
1242874821,7.5434952,3539.9523816,2392.717285668,3541.1685336,136.59616707891,3.5588448,150.0,18991.3055947114,0.59647396655
1242874824,7.4587608,3540.0368112,2392.717285668,3541.1685336,136.78350072772,3.5588448,149.0,19077.1729020405,0.40868672537
1242874827,7.3737216,3540.1218504,2392.717285668,3541.1685336,136.62610417533,3.5588448,149.0,19077.1729020405,0.56608327776
1242874830,7.2895968,3540.20628,2392.717285668,3541.1685336,136.8533539527,3.5588448,150.0,19030.8401330304,0.33883350039
1242874833,7.2045576,3540.2913192,2392.717285668,3541.1685336,136.75447081604,3.5588448,149.0,19073.1532585386,0.43771663705
1242874836,7.1195184,3540.3763584,2392.717285668,3541.1685336,136.93726854115,3.5588448,149.0,19073.1532585386,0.25491891194
1242874839,7.0341744,3540.4617024,2392.717285668,3541.1685336,136.63245446851,3.5588448,150.0,18995.318343456,0.56018657695
1242874842,6.9503544,3540.5452176,2392.717285668,3541.1685336,136.87875512542,3.5588448,150.0,19172.0033938507,0.31343232767
1242874845,6.8659248,3540.629952,2392.717285668,3541.1685336,136.75084207708,3.5588448,150.0,19172.0033938507,0.44134537601
1242874848,6.7818,3540.7140768,2392.717285668,3541.1685336,136.88374464149,3.5588448,149.0,18995.0149741351,0.3084428116
1242874854,6.6388488,3540.8551992,2392.717285668,3541.1685336,137.00802895087,3.5588448,149.0,19186.8202272737,0.18461209459
1242874857,6.579108,3540.9143304,2392.717285668,3541.1685336,136.20653123308,3.5588448,149.0,19033.6187202195,0.98565622001
1242874860,6.5708784,3540.9185976,2392.717285668,3541.1685336,134.85800111707,3.5588448,148.0,19027.4479124421,2.33418633602
1242874863,6.5711832,3540.9182928,2392.717285668,3541.1685336,134.46382934754,3.5588448,148.0,19027.4479124421,2.72835810555
1242874866,6.5711832,3540.9182928,2392.717285668,3541.1685336,134.61033968305,3.5588448,149.0,18903.2733335922,2.58184777004
1242874869,6.5711832,3540.9182928,2392.717285668,3541.1685336,134.66340999034,3.5588448,149.0,19005.1985306571,2.52877746275
1242874872,6.5696592,3540.9201216,2392.717285668,3541.1685336,134.83713586805,3.5588448,149.0,19005.1985306571,2.35505158504
1242874875,6.565392,3540.924084,2392.717285668,3541.1685336,135.43950653541,3.5588448,150.0,19073.7737866949,1.75313451005
1242874878,6.5611248,3540.928656,2392.717285668,3541.1685336,135.51026694513,3.5588448,150.0,18939.1053872448,1.68237410033
1242874881,6.5571624,3540.9326184,2392.717285668,3541.1685336,135.47715470212,3.5588448,150.0,18939.1053872448,1.71548634334
1242874884,6.5528952,3540.9368856,2392.717285668,3541.1685336,135.38688982049,3.5588448,150.0,19006.749851048,1.80575122497
1242874887,6.548628,3540.9411528,2392.717285668,3541.1685336,135.35831350118,3.5588448,151.0,18950.8402641577,1.83387395191
1242874890,6.5446656,3540.9451152,2392.717285668,3541.1685336,135.36693175621,3.5588448,151.0,18950.8402641577,1.82525569688
1242874893,6.5403984,3540.9490776,2392.717285668,3541.1685336,135.26351269585,3.5588448,150.0,19007.3634844471,1.92912834961
1242874896,6.5361312,3540.9536496,2392.717285668,3541.1685336,135.25852317978,3.5588448,149.0,19020.953051072,1.93366427331
1242874899,6.5321688,3540.957612,2392.717285668,3541.1685336,135.16054722786,3.5588448,149.0,19020.953051072,2.03164022523
1242874902,6.5279016,3540.9615744,2392.717285668,3541.1685336,135.14512508728,3.5588448,150.0,18949.2958385241,2.04706236581
1242874905,6.5239392,3540.9661464,2392.717285668,3541.1685336,135.17279422185,3.5588448,149.0,18906.9758182586,2.01939323124
1242874908,6.519672,3540.9701088,2392.717285668,3541.1685336,134.84031101464,3.5588448,149.0,18906.9758182586,2.35187643845
1242874911,6.5154048,3540.9740712,2392.717285668,3541.1685336,134.68200727751,3.5588448,149.0,19025.586327973,2.51018017558
1242874914,6.5117472,3540.9783384,2392.717285668,3541.1685336,134.65116299635,3.5588448,149.0,18872.695084997,2.54102445674
1242874917,6.50748,3540.9823008,2392.717285668,3541.1685336,134.72464496029,3.5588448,149.0,18872.695084997,2.4675424928
1242874920,6.5032128,3540.986568,2392.717285668,3541.1685336,134.51417810061,3.5588448,149.0,18918.0970617725,2.67800935248
1242874923,6.4989456,3540.9908352,2392.717285668,3541.1685336,134.44160332141,3.5588448,150.0,18892.1520900783,2.75058413168
1242874926,6.4949832,3540.9947976,2392.717285668,3541.1685336,134.43752099008,3.5588448,150.0,18892.1520900783,2.75466646301
1242874929,6.490716,3540.9990648,2392.717285668,3541.1685336,134.4583862391,3.5588448,149.0,18944.6625616231,2.73380121399
1242874932,6.4867536,3541.003332,2392.717285668,3541.1685336,134.35179203215,3.5588448,151.0,18847.0534826237,2.84039542094
1242874935,6.4824864,3541.0072944,2392.717285668,3541.1685336,134.19620984924,3.5588448,151.0,18847.0534826237,2.99597760385
1242874938,6.478524,3541.0112568,2392.717285668,3541.1685336,134.02248397153,3.5588448,149.0,18933.8515821874,3.17015707393
1242874941,6.4745616,3541.0152192,2392.717285668,3541.1685336,134.03563815026,3.5588448,150.0,18937.8712256893,3.15654930283
1242874944,6.4702944,3541.0194864,2392.717285668,3541.1685336,134.04924592136,3.5588448,150.0,18937.8712256893,3.14294153173
1242874947,6.4660272,3541.0234488,2392.717285668,3541.1685336,134.03427737315,3.5588448,149.0,18827.5964775424,3.15836367231
1242874950,6.4620648,3541.027716,2392.717285668,3541.1685336,133.81473866607,3.5588448,150.0,18906.9827130159,3.37744878702
1242874953,6.4577976,3541.0319832,2392.717285668,3541.1685336,133.68954717195,3.5588448,150.0,18906.9827130159,3.50264028114
1242874956,6.4538352,3541.0359456,2392.717285668,3541.1685336,133.66958910767,3.5588448,149.0,18981.1082486748,3.52259834542
1242874959,6.4498728,3541.039908,2392.717285668,3541.1685336,133.76983302144,3.5588448,150.0,18948.9855744459,3.42235443165
1242874962,6.4456056,3541.0441752,2392.717285668,3541.1685336,133.71585552941,3.5588448,150.0,18948.9855744459,3.47633192368
1242874965,6.4413384,3541.0481376,2392.717285668,3541.1685336,133.66777473819,3.5588448,149.0,18881.6513747208,3.5244127149
1242874968,6.437376,3541.0524048,2392.717285668,3541.1685336,133.52988265771,3.5588448,149.0,19047.8288150007,3.66230479538
1242874974,6.4291464,3541.0603296,2392.717285668,3541.1685336,133.44007136845,3.5588448,150.0,18846.4398492246,3.75256967701
1242874977,6.4248792,3541.0649016,2392.717285668,3541.1685336,133.47227642672,3.5588448,150.0,18895.8545747447,3.71991102637
1242874980,6.420612,3541.0691688,2392.717285668,3541.1685336,133.24003713328,3.5588448,150.0,18895.8545747447,3.95215031981
1242874983,6.4166496,3541.0728264,2392.717285668,3541.1685336,133.15249380587,3.5588448,150.0,18816.1649699503,4.03969364722
1242874986,6.4123824,3541.0770936,2392.717285668,3541.1685336,133.01369454065,3.5588448,150.0,18942.497607833,4.17849291244
1242874989,6.40842,3541.0816656,2392.717285668,3541.1685336,133.03818852863,3.5588448,150.0,18942.497607833,4.15399892446
1242874992,6.4041528,3541.0853232,2392.717285668,3541.1685336,133.08808368933,3.5588448,149.0,18891.5315619219,4.10410376376
1242874995,6.4001904,3541.0895904,2392.717285668,3541.1685336,133.07991902667,3.5588448,150.0,18881.6513747208,4.11226842642
1242874998,6.3959232,3541.0938576,2392.717285668,3541.1685336,133.07583669534,3.5588448,150.0,18881.6513747208,4.11635075775
1242875001,6.391656,3541.09782,2392.717285668,3541.1685336,132.88033838387,3.5588448,149.0,18801.9617699264,4.31184906922
1242875004,6.3876936,3541.1020872,2392.717285668,3541.1685336,132.76421873715,3.5588448,150.0,18966.8981538935,4.42842230831
1242875007,6.3834264,3541.1060496,2392.717285668,3541.1685336,132.78508398617,3.5588448,150.0,18966.8981538935,4.40710346692
1242875010,6.379464,3541.1103168,2392.717285668,3541.1685336,132.80413486571,3.5588448,149.0,18913.7740489497,4.38805258738
1242875013,6.3751968,3541.114584,2392.717285668,3541.1685336,132.61906917875,3.5588448,150.0,18847.977380101,4.57311827434
1242875016,6.3712344,3541.1185464,2392.717285668,3541.1685336,132.3627894897,3.5588448,150.0,18847.977380101,4.82939796339
1242875019,6.3669672,3541.1225088,2392.717285668,3541.1685336,132.50431030914,3.5588448,150.0,18988.5201127649,4.68787714395
1242875022,6.3630048,3541.1264712,2392.717285668,3541.1685336,132.50431030914,3.5588448,150.0,18842.1168364018,4.68787714395
1242875025,6.3587376,3541.1307384,2392.717285668,3541.1685336,132.25302013616,3.5588448,150.0,18842.1168364018,4.93916731693
1242875028,6.3547752,3541.1350056,2392.717285668,3541.1685336,132.32468773062,3.5588448,150.0,18959.7965538816,4.86749972247
1242875031,6.350508,3541.138968,2392.717285668,3541.1685336,132.24984498957,3.5588448,149.0,18828.8306390978,4.94234246352
1242875034,6.3462408,3541.1432352,2392.717285668,3541.1685336,132.07339755764,3.5588448,149.0,18828.8306390978,5.11878989545
1242875037,6.3422784,3541.1475024,2392.717285668,3541.1685336,132.03665657567,3.5588448,151.0,18932.6174206319,5.15553087742
1242875040,6.3380112,3541.1514648,2392.717285668,3541.1685336,131.87971361565,3.5588448,149.0,18873.3087183961,5.31247383744
1242875043,6.3340488,3541.155732,2392.717285668,3541.1685336,131.98721500734,3.5588448,149.0,18873.3087183961,5.20497244575
1242875046,6.3297816,3541.1599992,2392.717285668,3541.1685336,131.94820606352,3.5588448,149.0,18923.3508668299,5.24398138957
1242875049,6.3255144,3541.1639616,2392.717285668,3541.1685336,132.10650980065,3.5588448,150.0,18884.4299619099,5.08567765244
1242875052,6.321552,3541.1682288,2392.717285668,3541.1685336,132.00263714792,3.5588448,150.0,18884.4299619099,5.18955030517
1242875055,6.3172848,3541.1721912,2392.717285668,3541.1721912,131.6642572399,3.5588448,149.0,18945.8967231785,5.52793021319
1242875058,6.3133224,3541.1761536,2392.717285668,3541.1761536,131.93550547716,3.5588448,149.0,18853.2311851584,5.25668197593
1242875061,6.3090552,3541.1807256,2392.717285668,3541.1807256,131.74272871991,3.5588448,149.0,18853.2311851584,5.44945873318
1242875064,6.3050928,3541.184688,2392.717285668,3541.184688,131.76087241471,3.5588448,151.0,18818.0196596622,5.43131503838
1242875067,6.3008256,3541.1886504,2392.717285668,3541.1886504,131.86792021403,3.5588448,150.0,18881.0377413217,5.32426723906
1242875070,6.2968632,3541.1929176,2392.717285668,3541.1929176,131.72957454118,3.5588448,150.0,18881.0377413217,5.46261291191
1242875073,6.292596,3541.1971848,2392.717285668,3541.1971848,131.82210738466,3.5588448,150.0,18934.4652155865,5.37008006843
1242875076,6.2886336,3541.2011472,2392.717285668,3541.2011472,131.62706266556,3.5588448,150.0,18913.7740489497,5.56512478753
1242875079,6.2843664,3541.2054144,2392.717285668,3541.2054144,131.71823473193,3.5588448,150.0,18913.7740489497,5.47440631353
1242875082,6.2800992,3541.2096816,2392.717285668,3541.2096816,131.67378267967,3.5588448,150.0,18797.0182289472,5.51840477342
1242875085,6.275832,3541.213644,2392.717285668,3541.213644,131.53634419156,3.5588448,149.0,18902.3425413576,5.65584326153
1242875088,6.2718696,3541.218216,2392.717285668,3541.218216,131.70371977609,3.5588448,149.0,18902.3425413576,5.488467677
1242875097,6.2593728,3541.2307128,2392.717285668,3541.2307128,131.3648862757,3.5588448,150.0,18950.5300000796,5.82775476976
1242875100,6.2551056,3541.2346752,2392.717285668,3541.2346752,131.44607930993,3.5588448,149.0,18882.8855362763,5.74610814316
1242875103,6.2511432,3541.2386376,2392.717285668,3541.2386376,131.40797755085,3.5588448,149.0,18888.1393413337,5.78420990224
1242875106,6.246876,3541.2426,2392.717285668,3541.2426,131.54541603896,3.5588448,149.0,18888.1393413337,5.64677141413
1242875109,6.2429136,3541.2468672,2392.717285668,3541.2468672,131.43247153883,3.5588448,150.0,18809.9872674156,5.75971591426
1242875112,6.2386464,3541.2511344,2392.717285668,3541.2511344,131.41977095247,3.5588448,149.0,18853.2311851584,5.77241650062
1242875115,6.2343792,3541.2550968,2392.717285668,3541.2550968,131.46830533606,3.5588448,149.0,18853.2311851584,5.72388211703
1242875118,6.230112,3541.2596688,2392.717285668,3541.2596688,131.18072777348,3.5588448,149.0,18878.8727875317,6.01145967961
1242875121,6.2261496,3541.2636312,2392.717285668,3541.2636312,131.38892667131,3.5588448,150.0,18836.242503188,5.80326078178
1242875124,6.2218824,3541.2675936,2392.717285668,3541.2675936,131.38439074761,3.5588448,150.0,18836.242503188,5.80779670548
1242875127,6.21792,3541.2718608,2392.717285668,3541.2718608,131.40162725767,3.5588448,149.0,18880.1069490871,5.79056019542
1242875130,6.2136528,3541.2755184,2392.717285668,3541.2755184,131.37305093836,3.5588448,150.0,18816.1649699503,5.8195901071
1242875133,6.2096904,3541.2800904,2392.717285668,3541.2800904,131.33449558691,3.5588448,150.0,18816.1649699503,5.85769186618
1242875136,6.2054232,3541.2843576,2392.717285668,3541.2843576,131.28142527962,3.5588448,149.0,18944.9728257013,5.91076217347
1242875139,6.2014608,3541.2880152,2392.717285668,3541.2880152,131.27734294829,3.5588448,150.0,18829.140903176,5.9148445048
1242875142,6.1971936,3541.2925872,2392.717285668,3541.2925872,131.19932506065,3.5588448,150.0,18829.140903176,5.99331598481
1242875145,6.1932312,3541.2968544,2392.717285668,3541.2968544,131.27144624748,3.5588448,149.0,18899.2536900903,5.92074120561
1242875148,6.188964,3541.300512,2392.717285668,3541.300512,131.21882953256,3.5588448,149.0,18887.5188131773,5.97335792053
1242875151,6.1846968,3541.3047792,2392.717285668,3541.3047792,131.17210951845,3.5588448,149.0,18887.5188131773,6.02007793464
1242875154,6.1807344,3541.3090464,2392.717285668,3541.3090464,131.13310057463,3.5588448,149.0,18959.7965538816,6.05908687846
1242875157,6.1801248,3541.3093512,2392.717285668,3541.3093512,130.96164265877,3.5588448,149.0,18729.987398543,6.23054479432
1242875160,6.1801248,3541.3093512,2392.717285668,3541.3093512,131.08774133763,3.5588448,149.0,18729.987398543,6.10444611546
1242875163,6.1801248,3541.3093512,2392.717285668,3541.3093512,130.92127293784,3.5588448,150.0,18900.7981157239,6.27091451525
1242875166,6.1801248,3541.3093512,2392.717285668,3541.3093512,131.05871142595,3.5588448,148.0,18896.7853669793,6.13347602714
1242875169,6.1801248,3541.3093512,2392.717285668,3541.3093512,130.94712770293,3.5588448,148.0,18896.7853669793,6.24505975016
1242875172,6.1801248,3541.3093512,2392.717285668,3541.3093512,131.1380900907,3.5588448,149.0,18864.3524286722,6.05409736239
1242875175,6.1801248,3541.3093512,2392.717285668,3541.3093512,131.28097168725,3.5588448,150.0,18877.9419952971,5.91121576584
1242875178,6.1801248,3541.3093512,2392.717285668,3541.3093512,130.99112616282,3.5588448,150.0,18877.9419952971,6.20106129027
1242875181,6.1801248,3541.3093512,2392.717285668,3541.3093512,131.35218568934,3.5588448,149.0,18893.696515712,5.84000176375
1242875184,6.1801248,3541.3093512,2392.717285668,3541.3093512,131.21701516308,3.5588448,149.0,18923.6611309081,5.97517229001
1242875187,6.1801248,3541.3093512,2392.717285668,3541.3093512,131.39028744842,3.5588448,149.0,18923.6611309081,5.80190000467
1242875190,6.1801248,3541.3093512,2392.717285668,3541.3093512,131.37214375362,3.5588448,149.0,19143.2729402101,5.82004369947
1242875193,6.1801248,3541.3093512,2392.717285668,3541.3093512,131.29775460494,3.5588448,149.0,18869.9096030505,5.89488644052
1242875196,6.1801248,3541.3093512,2392.717285668,3541.3093512,131.62479470371,3.5588448,149.0,18869.9096030505,5.56739274938
1242875199,6.1801248,3541.309656,2392.717285668,3541.309656,131.42657483802,3.5588448,148.0,18794.239641758,5.76561261507
1242875202,6.1801248,3541.309656,2392.717285668,3541.309656,131.53861215341,3.5588448,149.0,18976.4749717737,5.65357529968
1242875205,6.1801248,3541.3093512,2392.717285668,3541.309656,131.77720174003,3.5588448,149.0,18976.4749717737,5.41498571306
1242875208,6.17982,3541.309656,2392.717285668,3541.309656,131.45787271155,3.5588448,143.0,18865.8968543059,5.73431474154
1242875214,6.17982,3541.309656,2392.717285668,3541.309656,131.53226186023,3.5588448,140.0,18908.5271386496,5.65992559286
1242875217,6.17982,3541.309656,2392.717285668,3541.309656,131.52863312127,3.5588448,139.0,18808.1325777037,5.66355433182
1242875220,6.17982,3541.309656,2392.717285668,3541.309656,132.04935716203,3.5588448,140.0,18850.4525979692,5.14283029106
1242875223,6.1801248,3541.3093512,2392.717285668,3541.309656,131.47919155294,3.5588448,140.0,18850.4525979692,5.71299590015
1242875226,6.1801248,3541.3093512,2392.717285668,3541.309656,131.80849961356,3.5588448,139.0,18751.2990933362,5.38368783953
1242875229,6.1801248,3541.3093512,2392.717285668,3541.309656,131.54088011526,3.5588448,139.0,18751.2990933362,5.65130733783
1242875232,6.1801248,3541.3093512,2392.717285668,3541.309656,131.54813759318,3.5588448,140.0,18894.0067797902,5.64404985991
1242875235,6.17982,3541.309656,2392.717285668,3541.309656,132.22625818633,3.5588448,139.0,18822.342672485,4.96592926676
1242875238,6.1801248,3541.309656,2392.717285668,3541.309656,131.65926772383,3.5588448,140.0,18765.2058187965,5.53291972926
1242875241,6.17982,3541.309656,2392.717285668,3541.309656,132.09018047533,3.5588448,140.0,18765.2058187965,5.10200697776
1242875244,6.17982,3541.309656,2392.717285668,3541.309656,131.64248480614,3.5588448,139.0,18901.7289079585,5.54970264695
1242875247,6.17982,3541.309656,2392.717285668,3541.309656,131.7821912561,3.5588448,140.0,18799.4865520581,5.40999619699
1242875250,6.17982,3541.309656,2392.717285668,3541.309656,132.24258751165,3.5588448,140.0,18799.4865520581,4.94959994144
1242875253,6.1853064,3541.3023408,2392.717285668,3541.309656,131.59032168359,3.5588448,142.0,18838.4074569781,5.6018657695
1242875256,6.2054232,3541.2828336,2392.717285668,3541.309656,130.38195160991,3.5588448,140.0,18662.0326706615,6.81023584318
1242875259,6.2249304,3541.2627168,2392.717285668,3541.309656,130.05944743484,3.5588448,140.0,18662.0326706615,7.13274001825
1242875262,6.2441328,3541.2438192,2392.717285668,3541.309656,130.589243323,3.5588448,140.0,18719.1764191073,6.60294413009
1242875265,6.2639448,3541.2237024,2392.717285668,3541.309656,131.14988349232,3.5588448,140.0,18749.1410343034,6.04230396077
1242875268,6.2837568,3541.2041952,2392.717285668,3541.309656,131.14081164492,3.5588448,140.0,18749.1410343034,6.05137580817
1242875271,6.303264,3541.184688,2392.717285668,3541.309656,131.83117923206,3.5588448,137.0,18862.1874748822,5.36100822103
1242875274,6.3224664,3541.1654856,2392.717285668,3541.309656,131.68421530418,3.5588448,140.0,18694.7758730468,5.50797214891
1242875277,6.3419736,3541.1459784,2392.717285668,3541.309656,132.24304110402,3.5588448,140.0,18694.7758730468,4.94914634907
1242875280,6.3608712,3541.1270808,2392.717285668,3541.309656,132.96334578758,3.5588448,139.0,18827.9067416206,4.22929525788
1242875283,6.3806832,3541.1072688,2392.717285668,3541.309656,132.88986382364,3.5588448,140.0,18798.5626545808,4.30232362945
1242875286,6.4001904,3541.0877616,2392.717285668,3541.309656,133.64146638073,3.5588448,140.0,18798.5626545808,3.55072107236
1242875289,6.4120776,3541.0773984,2392.717285668,3541.309656,134.25789841156,3.5588448,139.0,18864.042164594,2.9347426339
1242875292,6.4120776,3541.0773984,2392.717285668,3541.309656,134.56588763079,3.5588448,139.0,18934.7754796647,2.6262998223
1242875295,6.4120776,3541.0773984,2392.717285668,3541.309656,134.78860148446,3.5588448,139.0,18934.7754796647,2.40358596863
1242875298,6.4120776,3541.0773984,2392.717285668,3541.309656,134.59627831958,3.5588448,138.0,18786.8208829106,2.59590913351
1242875301,6.4120776,3541.0773984,2392.717285668,3541.309656,134.65705969716,3.5588448,140.0,18936.6301693765,2.5355813483
1242875304,6.4120776,3541.0773984,2392.717285668,3541.309656,134.80810595637,3.5588448,140.0,18936.6301693765,2.38408149672
1242875307,6.4120776,3541.0773984,2392.717285668,3541.309656,134.6216794923,3.5588448,140.0,18880.4172131653,2.57050796079
1242875310,6.4087248,3541.0807512,2392.717285668,3541.309656,135.32338688869,3.5588448,140.0,18907.9066104932,1.8688005644
1242875313,6.4047624,3541.0850184,2392.717285668,3541.309656,136.07952536948,3.5588448,140.0,18760.8759112164,1.11266208361
1242875316,6.4008,3541.088676,2392.717285668,3541.309656,136.22558211262,3.5588448,140.0,18760.8759112164,0.96660534047
1242875319,6.3968376,3541.0929432,2392.717285668,3541.309656,136.45963577554,3.5588448,139.0,18939.1053872448,0.73255167755
1242875322,6.3928752,3541.0966008,2392.717285668,3541.309656,136.35576312281,3.5588448,139.0,18939.1053872448,0.83642433028
1242875325,6.3889128,3541.1005632,2392.717285668,3541.309656,136.29226019101,3.5588448,139.0,18888.1393413337,0.89992726208
1242875328,6.3852552,3541.1045256,2392.717285668,3541.309656,136.27048775725,3.5588448,140.0,18938.7951231666,0.92169969584
1242875334,6.3776352,3541.1121456,2392.717285668,3541.309656,136.12352382937,3.5588448,139.0,18825.7417878305,1.06866362372
1242875337,6.3739776,3541.1158032,2392.717285668,3541.309656,136.04822749595,3.5588448,140.0,18966.2845204944,1.14395995714
1242875340,6.3697104,3541.1200704,2392.717285668,3541.309656,136.15572888764,3.5588448,140.0,18966.2845204944,1.03645856545
1242875343,6.3654432,3541.1243376,2392.717285668,3541.309656,136.00014670473,3.5588448,139.0,18902.6528054358,1.19204074836
1242875346,6.361176,3541.1283,2392.717285668,3541.309656,135.90761386125,3.5588448,140.0,18972.4622230291,1.28502718421
1242875349,6.3572136,3541.1325672,2392.717285668,3541.309656,135.83095675072,3.5588448,140.0,18972.4622230291,1.36123070237
1242875352,6.3532512,3541.1362248,2392.717285668,3541.309656,135.78559751372,3.5588448,139.0,18851.0731261256,1.40658993937
1242875355,6.3498984,3541.1398824,2392.717285668,3541.309656,135.53158578652,3.5588448,140.0,18847.6740107801,1.66105525894
1242875358,6.345936,3541.1438448,2392.717285668,3541.309656,135.52977141704,3.5588448,140.0,18847.6740107801,1.66241603605
1242875361,6.3419736,3541.1475024,2392.717285668,3541.309656,135.50845257565,3.5588448,140.0,18899.5639541685,1.68373487744
1242875364,6.3386208,3541.15116,2392.717285668,3541.309656,135.47760829449,3.5588448,139.0,18844.2748954345,1.7145791586
1242875367,6.335268,3541.1548176,2392.717285668,3541.309656,135.27394532036,3.5588448,139.0,18844.2748954345,1.91824213273
1242875370,6.33222,3541.1578656,2392.717285668,3541.309656,135.19184510139,3.5588448,140.0,18977.4057640083,2.0003423517
1242875373,6.3285624,3541.1609136,2392.717285668,3541.309656,135.03081981004,3.5588448,140.0,18857.5541979812,2.16136764305
1242875376,6.3252096,3541.1642664,2392.717285668,3541.309656,134.96414173165,3.5588448,140.0,18857.5541979812,2.22804572144
1242875379,6.3221616,3541.1676192,2392.717285668,3541.309656,135.09613711132,3.5588448,139.0,18930.4524668418,2.09605034177
1242875382,6.3194184,3541.1700576,2392.717285668,3541.309656,134.92150404887,3.5588448,139.0,18856.9405645821,2.27068340422
1242875385,6.3166752,3541.1728008,2392.717285668,3541.309656,134.9029067617,3.5588448,139.0,18856.9405645821,2.28973428376
1242875388,6.313932,3541.175544,2392.717285668,3541.309656,134.80493080978,3.5588448,139.0,18833.4639159988,2.38725664331
1242875391,6.3114936,3541.1782872,2392.717285668,3541.309656,134.82897120539,3.5588448,139.0,18907.2929770941,2.36366984007
1242875394,6.3084456,3541.1813352,2392.717285668,3541.309656,134.74505661694,3.5588448,139.0,18906.6724489377,2.44713083615
1242875397,6.306312,3541.183164,2392.717285668,3541.309656,134.74959254064,3.5588448,139.0,18906.6724489377,2.44259491245
1242875400,6.3035688,3541.1859072,2392.717285668,3541.309656,134.8484756773,3.5588448,140.0,18829.4511672542,2.34371177579
1242875403,6.3011304,3541.1883456,2392.717285668,3541.309656,134.86253704077,3.5588448,140.0,18829.4511672542,2.33010400469
1242875406,6.2989968,3541.190784,2392.717285668,3541.309656,134.68926475543,3.5588448,139.0,18890.2974003664,2.50292269766
1242875409,6.2968632,3541.1929176,2392.717285668,3541.309656,134.64345192606,3.5588448,140.0,18911.3057258387,2.54873552703
1242875412,6.2944248,3541.195356,2392.717285668,3541.309656,134.65161658872,3.5588448,140.0,18911.3057258387,2.54057086437
1242875415,6.2922912,3541.1974896,2392.717285668,3541.309656,134.65887406664,3.5588448,139.0,18833.1536519207,2.53331338645
1242875418,6.2904624,3541.1987088,2392.717285668,3541.309656,134.50011673714,3.5588448,140.0,18899.8742182466,2.69207071595
1242875421,6.2886336,3541.2008424,2392.717285668,3541.309656,134.42300603424,3.5588448,140.0,18899.8742182466,2.76918141885
1242875424,6.2871096,3541.2020616,2392.717285668,3541.309656,134.38263631331,3.5588448,139.0,18943.7386641458,2.80955113978
1242875427,6.2855856,3541.2038904,2392.717285668,3541.309656,134.57858821715,3.5588448,139.0,18909.4510361269,2.61359923594
1242875430,6.2837568,3541.206024,2392.717285668,3541.309656,134.39397612256,3.5588448,139.0,18909.4510361269,2.79821133053
1242875433,6.2828424,3541.2069384,2392.717285668,3541.309656,134.40667670892,3.5588448,139.0,18870.8403952851,2.78551074417
1242875436,6.2810136,3541.2084624,2392.717285668,3541.309656,134.4039551547,3.5588448,140.0,18845.1987929118,2.78823229839
1242875439,6.2797944,3541.2099864,2392.717285668,3541.309656,134.33909144579,3.5588448,140.0,18845.1987929118,2.8530960073
1242875442,6.2779656,3541.2112056,2392.717285668,3541.309656,134.52324994801,3.5588448,140.0,18923.964500229,2.66893750508
1242875445,6.2764416,3541.2133392,2392.717285668,3541.309656,134.39896563863,3.5588448,139.0,18919.6414874062,2.79322181446
1242875448,6.2749176,3541.2145584,2392.717285668,3541.309656,134.41892370291,3.5588448,139.0,18919.6414874062,2.77371734255
1242875451,6.2736984,3541.2157776,2392.717285668,3541.309656,134.48696255841,3.5588448,140.0,18850.142333891,2.70522489468
1242875457,6.27126,3541.218216,2392.717285668,3541.309656,134.25200171075,3.5588448,140.0,18949.9163666805,2.94063933471
1242875460,6.269736,3541.21974,2392.717285668,3541.309656,134.31686541966,3.5588448,139.0,18879.4864209307,2.87532203343
1242875463,6.268212,3541.221264,2392.717285668,3541.309656,134.17489100785,3.5588448,140.0,18906.9827130159,3.01729644524
1242875466,6.2663832,3541.2233976,2392.717285668,3541.309656,134.28239239954,3.5588448,140.0,18906.9827130159,2.90979505355
1242875469,6.265164,3541.2240072,2392.717285668,3541.309656,134.2043745119,3.5588448,140.0,18807.2086802265,2.98781294119
1242875472,6.2639448,3541.225836,2392.717285668,3541.309656,134.19439547976,3.5588448,140.0,18927.6738796527,2.99779197333
1242875475,6.2618112,3541.22736,2392.717285668,3541.309656,134.12998536322,3.5588448,140.0,18927.6738796527,3.06265568224
1242875478,6.2599824,3541.2294936,2392.717285668,3541.309656,134.24020830913,3.5588448,139.0,18854.7825055493,2.95197914396
1242875481,6.2584584,3541.2313224,2392.717285668,3541.309656,134.03473096552,3.5588448,139.0,18835.3186057107,3.15745648757
1242875484,6.25602,3541.233456,2392.717285668,3541.309656,134.1590152749,3.5588448,140.0,18896.4751029011,3.03317217819
1242875487,6.2541912,3541.2352848,2392.717285668,3541.309656,134.08417253385,3.5588448,140.0,18896.4751029011,3.10801491924
1242875490,6.2526672,3541.236504,2392.717285668,3541.309656,134.0229375639,3.5588448,140.0,18926.129454019,3.16970348156
1242875493,6.251448,3541.2377232,2392.717285668,3541.309656,134.08553331096,3.5588448,140.0,18926.129454019,3.10665414213
1242875496,6.2502288,3541.2392472,2392.717285668,3541.309656,133.9775783269,3.5588448,139.0,18925.8191899408,3.21460912619
1242875499,6.2493144,3541.2398568,2392.717285668,3541.309656,133.9503627847,3.5588448,140.0,18797.9421264244,3.24182466839
1242875502,6.2490096,3541.2401616,2392.717285668,3541.309656,133.96669211002,3.5588448,140.0,18797.9421264244,3.22549534307
1242875505,6.2480952,3541.2413808,2392.717285668,3541.309656,133.93357986701,3.5588448,140.0,18933.8515821874,3.25860758608
1242875508,6.2462664,3541.2435144,2392.717285668,3541.309656,134.03518455789,3.5588448,140.0,18922.4269693526,3.1570028952
1242875511,6.245352,3541.244124,2392.717285668,3541.309656,134.03064863419,3.5588448,140.0,18922.4269693526,3.1615388189
1242875514,6.2441328,3541.2453432,2392.717285668,3541.309656,133.70315494305,3.5588448,140.0,18915.6287386615,3.48903251004
1242875517,6.2435232,3541.2459528,2392.717285668,3541.309656,133.72674174629,3.5588448,139.0,18891.8418260001,3.4654457068
1242875520,6.242304,3541.247172,2392.717285668,3541.309656,133.96442414817,3.5588448,139.0,18891.8418260001,3.22776330492
1242875523,6.2410848,3541.248696,2392.717285668,3541.309656,133.92586879672,3.5588448,140.0,19061.7286457038,3.26631865637
1242875526,6.24078,3541.2490008,2392.717285668,3541.309656,133.76166835878,3.5588448,139.0,18882.2650081199,3.43051909431
1242875529,6.2401704,3541.2490008,2392.717285668,3541.309656,133.81337788896,3.5588448,139.0,18882.2650081199,3.37880956413
1242875532,6.2398656,3541.2493056,2392.717285668,3541.309656,133.85465479463,3.5588448,139.0,18893.696515712,3.33753265846
1242875535,6.2395608,3541.2499152,2392.717285668,3541.309656,133.79840934075,3.5588448,140.0,18866.5173824623,3.39377811234
1242875538,6.2389512,3541.25022,2392.717285668,3541.309656,133.62604424015,3.5588448,140.0,18866.5173824623,3.56614321294
1242875541,6.2383416,3541.2511344,2392.717285668,3541.309656,133.93993016019,3.5588448,139.0,18911.6090951596,3.25271088527
1242875544,6.2374272,3541.2520488,2392.717285668,3541.309656,133.88141674446,3.5588448,140.0,18863.7387952732,3.31077070863
1242875547,6.2368176,3541.2523536,2392.717285668,3541.309656,133.80748118815,3.5588448,140.0,18863.7387952732,3.38470626494
1242875550,6.2359032,3541.2535728,2392.717285668,3541.309656,133.87597363602,3.5588448,140.0,18860.960208084,3.31621381707
1242875553,6.2355984,3541.2538776,2392.717285668,3541.309656,133.81337788896,3.5588448,139.0,18944.0420334667,3.37880956413
1242875556,6.2352936,3541.2541824,2392.717285668,3541.309656,133.70043338883,3.5588448,139.0,18944.0420334667,3.49175406426
1242875559,6.2340744,3541.2550968,2392.717285668,3541.309656,133.8687161581,3.5588448,140.0,18910.3749336041,3.32347129499
1242875562,6.2337696,3541.2554016,2392.717285668,3541.309656,133.82880002954,3.5588448,139.0,18922.7303386735,3.36338742355
1242875565,6.2334648,3541.256316,2392.717285668,3541.309656,133.66732114582,3.5588448,139.0,18922.7303386735,3.52486630727
1242875568,6.2328552,3541.2566208,2392.717285668,3541.309656,133.74760699531,3.5588448,139.0,18856.0097723475,3.44503405015
1242875571,6.2325504,3541.2569256,2392.717285668,3541.309656,133.7326384471,3.5588448,140.0,19009.8318075581,3.45954900599
1242875574,6.2322456,3541.2572304,2392.717285668,3541.309656,133.84059343116,3.5588448,139.0,18829.7614313324,3.35159402193
1242875577,6.2313312,3541.2581448,2392.717285668,3541.309656,133.83152158376,3.5588448,139.0,18829.7614313324,3.36066586933
1242875580,6.2310264,3541.2587544,2392.717285668,3541.309656,133.69272231854,3.5588448,140.0,18894.9306772674,3.49946513455
1242875583,6.2298072,3541.2596688,2392.717285668,3541.309656,133.87370567417,3.5588448,140.0,18894.9306772674,3.31848177892
1242875586,6.2295024,3541.2599736,2392.717285668,3541.309656,133.84649013197,3.5588448,139.0,18888.7598694901,3.34569732112
1242875589,6.228588,3541.2611928,2392.717285668,3541.309656,133.6691355153,3.5588448,139.0,18862.8080030386,3.52305193779
1242875592,6.2276736,3541.2618024,2392.717285668,3541.309656,133.88413829868,3.5588448,139.0,18862.8080030386,3.30804915441
1242875595,6.2273688,3541.2618024,2392.717285668,3541.309656,133.73626718606,3.5588448,139.0,18826.3623159869,3.45592026703
1242875598,6.2267592,3541.262412,2392.717285668,3541.309656,133.7326384471,3.5588448,139.0,18858.1747261376,3.45954900599
1242875601,6.2261496,3541.2630216,2392.717285668,3541.309656,133.90454995533,3.5588448,139.0,18858.1747261376,3.28763749776
1242875604,6.2249304,3541.2645456,2392.717285668,3541.309656,133.87053052758,3.5588448,139.0,18930.1422027637,3.32211051788
1242875607,6.2246256,3541.2648504,2392.717285668,3541.309656,133.79977011786,3.5588448,140.0,18886.8982850209,3.39241733523
1242875610,6.224016,3541.2651552,2392.717285668,3541.309656,133.91634335695,3.5588448,140.0,18886.8982850209,3.27629768851
1242875613,6.2237112,3541.2660696,2392.717285668,3541.309656,133.7326384471,3.5588448,140.0,18909.4510361269,3.46000259836
1242875616,6.2231016,3541.2663744,2392.717285668,3541.309656,133.89910684689,3.5588448,140.0,18869.9164978078,3.2930806062
1242875619,6.2231016,3541.2663744,2392.717285668,3541.309656,133.74760699531,3.5588448,140.0,18869.9164978078,3.44458045778
1242875622,6.222492,3541.266984,2392.717285668,3541.309656,133.61833316986,3.5588448,139.0,18967.5186820499,3.57385428323
1242875625,6.2215776,3541.2675936,2392.717285668,3541.309656,133.8324287685,3.5588448,140.0,18911.9193592378,3.35975868459
1242875628,6.2215776,3541.2678984,2392.717285668,3541.309656,133.68183610166,3.5588448,140.0,18911.9193592378,3.51035135143
1242875631,6.220968,3541.2682032,2392.717285668,3541.309656,133.71676271415,3.5588448,139.0,18946.5172513349,3.47587833131
1242875634,6.220968,3541.2682032,2392.717285668,3541.309656,133.75667884271,3.5588448,138.0,18823.5768340404,3.43596220275
1242875637,6.2203584,3541.2691176,2392.717285668,3541.309656,133.74896777242,3.5588448,138.0,18823.5768340404,3.44321968067
1242875640,6.2203584,3541.2691176,2392.717285668,3541.309656,133.75486447323,3.5588448,141.0,18939.1053872448,3.43732297986
1242875643,6.2203584,3541.2691176,2392.717285668,3541.309656,133.80748118815,3.5588448,139.0,18775.706534154,3.38470626494
1242875646,6.2203584,3541.2691176,2392.717285668,3541.309656,133.68365047114,3.5588448,139.0,18775.706534154,3.50853698195
1242875649,6.2200536,3541.2694224,2392.717285668,3541.309656,133.77119379855,3.5588448,139.0,18906.9758182586,3.42099365454
1242875652,6.2200536,3541.2694224,2392.717285668,3541.309656,133.83651109983,3.5588448,140.0,18868.061808096,3.35612994563
1242875655,6.2200536,3541.2694224,2392.717285668,3541.309656,133.68818639484,3.5588448,140.0,18868.061808096,3.50400105825
1242875658,6.2197488,3541.2697272,2392.717285668,3541.309656,133.73173126236,3.5588448,139.0,18854.1619773929,3.46045619073
1242875661,6.219444,3541.270032,2392.717285668,3541.309656,133.84921168619,3.5588448,140.0,18888.4496054119,3.3429757669
1242875664,6.219444,3541.270032,2392.717285668,3541.309656,133.75894680456,3.5588448,140.0,18888.4496054119,3.43324064853
1242875667,6.2182248,3541.271556,2392.717285668,3541.309656,133.80385244919,3.5588448,139.0,18835.9391338671,3.3883350039
1242875670,6.2139576,3541.2755184,2392.717285668,3541.309656,134.15266498172,3.5588448,139.0,18913.1604155506,3.03952247137
1242875673,6.2099952,3541.2794808,2392.717285668,3541.309656,133.98982532089,3.5588448,139.0,18913.1604155506,3.20281572457
1242875676,6.2063376,3541.2831384,2392.717285668,3541.309656,134.02203037916,3.5588448,140.0,18830.0716954106,3.17015707393
1242875679,6.2020704,3541.2874056,2392.717285668,3541.309656,133.86100508781,3.5588448,140.0,18927.6738796527,3.33118236528
1242875682,6.1978032,3541.2919776,2392.717285668,3541.309656,133.80793478052,3.5588448,140.0,18927.6738796527,3.38425267257
1242875685,6.193536,3541.2965496,2392.717285668,3541.309656,133.74806058768,3.5588448,140.0,18861.8841055613,3.44412686541
1242875688,6.1892688,3541.3002072,2392.717285668,3541.309656,133.48180186649,3.5588448,139.0,18910.6851976823,3.7103855866
1242875691,6.185916,3541.3038648,2392.717285668,3541.309656,133.35252804104,3.5588448,139.0,18910.6851976823,3.83965941205
1242875700,6.1743336,3541.3154472,2392.717285668,3541.3154472,133.16791594645,3.5588448,139.0,18918.0970617725,4.02472509901
1242875703,6.1703712,3541.3194096,2392.717285668,3541.3194096,133.23731557906,3.5588448,139.0,18822.9632006414,3.95487187403
1242875706,6.1673232,3541.3224576,2392.717285668,3541.3224576,133.05406426158,1.6002,139.0,18917.7936924516,4.13812319151
1242875709,6.16458,3541.3252008,2392.717285668,3541.3252008,133.20737848264,1.6002,139.0,18917.7936924516,3.98480897045
1242875712,6.1612272,3541.3282488,2392.717285668,3541.3282488,133.30671521167,1.6002,139.0,18816.4752340285,3.88547224142
1242875715,6.1581792,3541.3312968,2392.717285668,3541.3312968,133.21463596056,1.6002,140.0,18765.5091881174,3.9780050849
1242875718,6.155436,3541.3343448,2392.717285668,3541.3343448,133.22325421559,1.6002,140.0,18765.5091881174,3.9689332375
1242875721,6.152388,3541.3373928,2392.717285668,3541.3373928,133.084001358,1.6002,139.0,18869.2959696514,4.10818609509
1242875724,6.1496448,3541.3398312,2392.717285668,3541.3398312,132.91798655058,1.6002,139.0,18903.5835976704,4.27420090251
1242875727,6.1475112,3541.3422696,2392.717285668,3541.3422696,132.91299703451,1.6002,139.0,18903.5835976704,4.27919041858
1242875730,6.1453776,3541.3444032,2392.717285668,3541.3444032,132.85901954248,1.6002,140.0,18952.9983231905,4.33316791061
1242875733,6.143244,3541.346232,2392.717285668,3541.346232,132.99736521533,1.6002,139.0,18873.6189824743,4.19482223776
1242875736,6.1408056,3541.3486704,2392.717285668,3541.3486704,132.88578149231,1.6002,139.0,18873.6189824743,4.30640596078
1242875739,6.1389768,3541.3504992,2392.717285668,3541.3504992,132.74652863472,1.6002,139.0,18939.4087565657,4.44565881837
1242875742,6.1365384,3541.3529376,2392.717285668,3541.3529376,132.68121133344,1.6002,139.0,18832.5400185216,4.51097611965
1242875745,6.1341,3541.355376,2392.717285668,3541.355376,132.90936829555,1.6002,139.0,18832.5400185216,4.28281915754
1242875748,6.1319664,3541.3578144,2392.717285668,3541.3578144,132.57779227308,1.6002,139.0,18974.6202820619,4.61484877238
1242875751,6.1289184,3541.3608624,2392.717285668,3541.3608624,132.76421873715,1.6002,139.0,18974.6202820619,4.42796871594
1242875754,6.1267848,3541.362996,2392.717285668,3541.362996,132.66851074708,1.6002,139.0,18850.7628620474,4.52367670601
1242875757,6.1237368,3541.3657392,2392.717285668,3541.3657392,132.64583112858,1.6002,140.0,18851.6867595247,4.54635632451
1242875760,6.1216032,3541.3678728,2392.717285668,3541.3678728,132.64628472095,1.6002,140.0,18851.6867595247,4.54590273214
1242875763,6.11886,3541.370616,2392.717285668,3541.370616,132.4217564978,1.6002,140.0,18985.1278921767,4.77043095529
1242875766,6.1167264,3541.3727496,2392.717285668,3541.3727496,132.52562915053,1.6002,139.0,18900.1844823248,4.66655830256
1242875769,6.115812,3541.3739688,2392.717285668,3541.3739688,132.60636859239,1.6002,140.0,18883.8094337536,4.58627245307
1242875772,6.1139832,3541.3754928,2392.717285668,3541.3754928,132.52562915053,1.6002,140.0,18883.8094337536,4.66701189493
1242875775,6.1118496,3541.3776264,2392.717285668,3541.3776264,132.65626375309,1.6002,140.0,18853.5414492366,4.5359237
1242875778,6.109716,3541.3800648,2392.717285668,3541.3800648,132.53107225897,1.6002,139.0,18966.5947845726,4.66111519412
1242875781,6.1078872,3541.3815888,2392.717285668,3541.3815888,132.40633435722,1.6002,139.0,18966.5947845726,4.78585309587
1242875784,6.1057536,3541.3837224,2392.717285668,3541.3837224,132.55012313851,1.6002,139.0,18859.7191517712,4.64206431458
1242875787,6.1039248,3541.385856,2392.717285668,3541.385856,132.41948853595,1.6002,140.0,18880.1069490871,4.77315250951
1242875790,6.1014864,3541.3882944,2392.717285668,3541.3882944,132.4399001926,1.6002,140.0,18880.1069490871,4.75228726049
1242875793,6.0987432,3541.3907328,2392.717285668,3541.3907328,132.50249593966,1.6002,139.0,18964.4298307826,4.68969151343
1242875796,6.0966096,3541.3928664,2392.717285668,3541.3928664,132.22489740922,1.6002,138.0,18965.050358939,4.96729004387
1242875799,6.0950856,3541.395,2392.717285668,3541.395,132.25302013616,1.6002,138.0,18965.050358939,4.93916731693
1242875802,6.0926472,3541.3968288,2392.717285668,3541.3968288,132.39181940138,1.6002,140.0,18856.9405645821,4.80082164408
1242875805,6.0902088,3541.3992672,2392.717285668,3541.3992672,132.1949603128,1.6002,139.0,18926.7499821754,4.99722714029
1242875808,6.0880752,3541.4014008,2392.717285668,3541.4014008,132.28386441732,1.6002,139.0,18926.7499821754,4.90832303577
1242875811,6.086856,3541.4029248,2392.717285668,3541.4029248,132.21219682286,1.6002,140.0,19007.9840126035,4.97999063023
1242875817,6.0828936,3541.4065824,2392.717285668,3541.4065824,132.13100378863,1.6002,139.0,18954.8530129024,5.06118366446
1242875820,6.0816744,3541.4078016,2392.717285668,3541.4078016,132.1178496099,1.6002,139.0,18908.2168745714,5.07433784319
1242875823,6.079236,3541.41024,2392.717285668,3541.41024,132.21537196945,1.6002,139.0,18993.4636537441,4.97681548364
1242875826,6.0780168,3541.411764,2392.717285668,3541.411764,131.96680335069,1.6002,139.0,18993.4636537441,5.2253841024
1242875829,6.0767976,3541.4129832,2392.717285668,3541.4129832,132.16865195534,1.6002,139.0,18870.8403952851,5.02353549775
1242875832,6.0752736,3541.4142024,2392.717285668,3541.4142024,132.19858905176,1.6002,140.0,18915.6287386615,4.99359840133
1242875835,6.0734448,3541.4160312,2392.717285668,3541.4160312,132.17590943326,1.6002,140.0,18915.6287386615,5.01627801983
1242875838,6.071616,3541.41786,2392.717285668,3541.41786,132.05842900943,1.6002,139.0,18933.231054031,5.13375844366
1242875841,6.070092,3541.419384,2392.717285668,3541.419384,132.20131060598,1.6002,139.0,18970.2972692391,4.99133043948
1242875844,6.0691776,3541.4202984,2392.717285668,3541.4202984,131.88833187068,1.6002,139.0,18970.2972692391,5.30385558241
1242875847,6.0676536,3541.4218224,2392.717285668,3541.4218224,132.14824029869,1.6002,140.0,18964.4298307826,5.0439471544
1242875850,6.0664344,3541.4233464,2392.717285668,3541.4233464,132.19904264413,1.6002,140.0,18853.8517133147,4.99314480896
1242875853,6.0646056,3541.4248704,2392.717285668,3541.4248704,132.15050826054,1.6002,140.0,18853.8517133147,5.04167919255
1242875856,6.0636912,3541.4260896,2392.717285668,3541.4260896,132.03212065197,1.6002,139.0,19006.4395869699,5.16006680112
1242875859,6.0618624,3541.4273088,2392.717285668,3541.4273088,132.07294396527,1.6002,140.0,18981.4185127529,5.11924348782
1242875862,6.060948,3541.428528,2392.717285668,3541.428528,131.93006236872,1.6002,140.0,18981.4185127529,5.26212508437
1242875865,6.059424,3541.4297472,2392.717285668,3541.4297472,131.93595906953,1.6002,140.0,18966.2845204944,5.25622838356
1242875868,6.0582048,3541.4312712,2392.717285668,3541.4312712,131.97814315994,1.6002,140.0,18920.8756489616,5.21449788552
1242875871,6.0569856,3541.4324904,2392.717285668,3541.4324904,132.01306977243,1.6002,140.0,18920.8756489616,5.17911768066
1242875874,6.0554616,3541.4340144,2392.717285668,3541.4340144,132.04935716203,1.6002,139.0,19001.5029407479,5.14283029106
1242875877,6.0545472,3541.4349288,2392.717285668,3541.4349288,132.06160415602,1.6002,139.0,18875.1634081079,5.13058329707
1242875880,6.0539376,3541.4355384,2392.717285668,3541.4355384,131.87154895299,1.6002,139.0,18875.1634081079,5.3206385001
1242875883,6.0530232,3541.4367576,2392.717285668,3541.4367576,132.05117153151,1.6002,139.0,18956.7077026142,5.14101592158
1242875886,6.0514992,3541.4382816,2392.717285668,3541.4382816,131.97995752942,1.6002,140.0,18920.2620155625,5.21222992367
1242875889,6.05028,3541.4395008,2392.717285668,3541.4395008,131.91418663577,1.6002,140.0,18920.2620155625,5.27845440969
1242875892,6.0484512,3541.4410248,2392.717285668,3541.4410248,131.98540063786,1.6002,140.0,19010.4523357145,5.20678681523
1242875895,6.0469272,3541.4425488,2392.717285668,3541.4425488,131.89377497912,1.6002,139.0,18844.2748954345,5.29841247397
1242875898,6.0450984,3541.4443776,2392.717285668,3541.4443776,132.0362029833,1.6002,139.0,18844.2748954345,5.15598446979
1242875901,6.0432696,3541.4465112,2392.717285668,3541.4465112,132.10015950747,1.6002,139.0,18872.0745568406,5.09202794562
1242875904,6.04266,3541.4471208,2392.717285668,3541.4471208,131.76041882234,1.6002,140.0,18956.0940692151,5.43176863075
1242875907,6.0405264,3541.4489496,2392.717285668,3541.4489496,131.82528253125,1.6002,140.0,18956.0940692151,5.36690492184
1242875910,6.0393072,3541.4501688,2392.717285668,3541.4501688,131.87653846906,1.6002,139.0,18879.7966850089,5.31564898403
1242875913,6.0374784,3541.4523024,2392.717285668,3541.4523024,131.8638378827,1.6002,140.0,18856.3200364257,5.32834957039
1242875916,6.0353448,3541.4538264,2392.717285668,3541.4538264,131.83843670998,1.6002,140.0,18856.3200364257,5.35375074311
1242875919,6.0338208,3541.4556552,2392.717285668,3541.4556552,131.75452212153,1.6002,139.0,18813.6966468393,5.43766533156
1242875922,6.0332112,3541.4565696,2392.717285668,3541.4565696,131.74363590465,1.6002,138.0,18985.1278921767,5.44855154844
1242875925,6.0313824,3541.4583984,2392.717285668,3541.4583984,131.87608487669,1.6002,138.0,18985.1278921767,5.3161025764
1242875928,6.0292488,3541.4602272,2392.717285668,3541.4602272,132.08246940504,1.6002,140.0,18824.507626275,5.10971804805
1242875931,6.0277248,3541.462056,2392.717285668,3541.462056,131.66697879412,1.6002,140.0,18824.507626275,5.52520865897
1242875937,6.0246768,3541.4647992,2392.717285668,3541.4647992,132.05525386284,1.6002,140.0,18852.6175517593,5.13693359025
1242875940,6.0234576,3541.4663232,2392.717285668,3541.4663232,131.65790694672,1.6002,140.0,18895.2409413456,5.53428050637
1242875943,6.021324,3541.4684568,2392.717285668,3541.4684568,131.88833187068,1.6002,140.0,18895.2409413456,5.30385558241
1242875946,6.0179712,3541.4718096,2392.717285668,3541.4718096,132.02667754353,1.6002,140.0,18728.1327088311,5.16550990956
1242875949,6.0143136,3541.4754672,2392.717285668,3541.4754672,131.92371207554,1.34874,140.0,18934.4721103438,5.26847537755
1242875952,6.0109608,3541.4785152,2392.717285668,3541.4785152,131.94004140086,1.34874,140.0,18934.4721103438,5.25214605223
1242875955,6.0082176,3541.4815632,2392.717285668,3541.4815632,131.86247710559,1.34874,140.0,18958.2521282479,5.33016393987
1242875958,6.0048648,3541.484916,2392.717285668,3541.484916,131.80759242882,1.34874,139.0,18807.2086802265,5.38504861664
1242875961,6.001512,3541.487964,2392.717285668,3541.487964,131.87608487669,1.34874,139.0,18807.2086802265,5.3161025764
1242875964,5.998464,3541.491012,2392.717285668,3541.491012,131.77946970188,1.34874,140.0,18913.7740489497,5.41271775121
1242875967,5.995416,3541.49406,2392.717285668,3541.49406,131.76994426211,1.34874,139.0,18860.0294158494,5.42224319098
1242875970,5.992368,3541.497108,2392.717285668,3541.497108,131.75633649101,1.34874,139.0,18860.0294158494,5.43630455445
1242875973,5.9896248,3541.500156,2392.717285668,3541.500156,131.64838150695,1.34874,140.0,18948.9855744459,5.54380594614
1242875976,5.9868816,3541.5028992,2392.717285668,3541.5028992,131.79398465772,1.34874,140.0,18772.6176828866,5.39820279537
1242875979,5.9838336,3541.5056424,2392.717285668,3541.5056424,131.70190540661,1.34874,140.0,18772.6176828866,5.49028204648
1242875982,5.9807856,3541.5089952,2392.717285668,3541.5089952,131.67106112545,1.34874,139.0,18846.1295851464,5.52112632764
1242875985,5.9774328,3541.512348,2392.717285668,3541.512348,131.70326618372,1.34874,139.0,18902.963069514,5.48892126937
1242875988,5.9737752,3541.5157008,2392.717285668,3541.5157008,131.61073334024,1.34874,139.0,18902.963069514,5.58145411285
1242875991,5.9713368,3541.5178344,2392.717285668,3541.5178344,131.47510922161,1.34874,139.0,18978.3296614856,5.71707823148
1242875994,5.9685936,3541.5208824,2392.717285668,3541.5208824,131.64656713747,1.34874,139.0,18827.2862134642,5.54562031562
1242875997,5.9658504,3541.5239304,2392.717285668,3541.5239304,131.48191310716,1.34874,139.0,18827.2862134642,5.71027434593
1242876000,5.9628024,3541.5269784,2392.717285668,3541.5269784,131.48826340034,1.34874,140.0,19020.6496817511,5.70392405275
1242876003,5.9612784,3541.5285024,2392.717285668,3541.5285024,131.54224089237,1.34874,139.0,18872.0745568406,5.64994656072
1242876006,5.95884,3541.5303312,2392.717285668,3541.5303312,131.50731427988,1.34874,139.0,18872.0745568406,5.68487317321
1242876009,5.9564016,3541.5330744,2392.717285668,3541.5330744,131.53589059919,1.34874,140.0,18927.3636155745,5.6562968539
1242876012,5.954268,3541.5355128,2392.717285668,3541.5355128,131.65699976198,1.34874,140.0,18927.3636155745,5.53518769111
1242876015,5.9509152,3541.5385608,2392.717285668,3541.5385608,131.45832630392,1.34874,140.0,18970.9177973955,5.73386114917
1242876018,5.9478672,3541.5416088,2392.717285668,3541.5416088,131.37259734599,1.34874,140.0,18866.2071183841,5.8195901071
1242876021,5.9454288,3541.5440472,2392.717285668,3541.5440472,131.38983385605,1.34874,140.0,18866.2071183841,5.80235359704
1242876024,5.942076,3541.5474,2392.717285668,3541.5474,131.52273642046,1.34874,140.0,18996.8627690896,5.669904625
1242876027,5.9393328,3541.5501432,2392.717285668,3541.5501432,131.46966611317,1.34874,139.0,18918.7106951716,5.72252133992
1242876030,5.9365896,3541.5528864,2392.717285668,3541.5528864,131.45152241837,1.34874,140.0,18965.9742564163,5.74066503472
1242876033,5.9347608,3541.55502,2392.717285668,3541.55502,131.38892667131,1.34874,140.0,18965.9742564163,5.80326078178
1242876036,5.9317128,3541.5577632,2392.717285668,3541.5577632,131.36851501466,1.34874,139.0,18865.5865902277,5.8241260308
1242876039,5.9289696,3541.5605064,2392.717285668,3541.5605064,131.58805372174,1.34874,139.0,18953.0052179478,5.60413373135
1242876042,5.9262264,3541.5632496,2392.717285668,3541.5632496,131.42974998461,1.34874,139.0,18953.0052179478,5.76289106085
1242876045,5.9240928,3541.565688,2392.717285668,3541.565688,131.41614221351,1.34874,140.0,18819.2607159749,5.77649883195
1242876048,5.9213496,3541.5681264,2392.717285668,3541.5681264,131.46286222762,1.34874,139.0,18942.8078719112,5.72932522547
1242876051,5.9189112,3541.5705648,2392.717285668,3541.5705648,131.5417873,1.34874,139.0,18942.8078719112,5.65040015309
1242876060,5.9119008,3541.57788,2392.717285668,3541.57788,131.6597213162,1.34874,139.0,18893.3862516338,5.53246613689
1242876063,5.9088528,3541.5806232,2392.717285668,3541.5806232,131.62207314949,1.34874,139.0,18847.977380101,5.5701143036
1242876066,5.9061096,3541.5833664,2392.717285668,3541.5833664,131.60030071573,1.34874,140.0,18828.5203750196,5.59188673736
1242876069,5.9033664,3541.5861096,2392.717285668,3541.5861096,131.51139661121,1.34874,140.0,18828.5203750196,5.68079084188
1242876072,5.900928,3541.5888528,2392.717285668,3541.5888528,131.45379038022,1.34874,139.0,18836.2493979453,5.73839707287
1242876075,5.8975752,3541.5919008,2392.717285668,3541.5919008,131.44471853282,1.34874,139.0,18924.5850283854,5.74746892027
1242876078,5.8945272,3541.5952536,2392.717285668,3541.5952536,131.27507498644,1.34874,139.0,18924.5850283854,5.91711246665
1242876081,5.891784,3541.5979968,2392.717285668,3541.5979968,131.42748202276,1.34874,139.0,18967.2084179717,5.7651590227
1242876084,5.8890408,3541.60074,2392.717285668,3541.60074,131.56038458717,1.34874,140.0,18877.328361898,5.63180286592
1242876087,5.8862976,3541.6034832,2392.717285668,3541.6034832,131.48871699271,1.34874,140.0,18877.328361898,5.70347046038
1242876090,5.8835544,3541.6059216,2392.717285668,3541.6059216,131.67922578811,1.34874,140.0,18992.2294921886,5.51296166498
1242876093,5.8814208,3541.6080552,2392.717285668,3541.6080552,131.57081721168,1.34874,140.0,18811.2214289711,5.62137024141
1242876096,5.8789824,3541.6104936,2392.717285668,3541.6104936,131.56854924983,1.34874,140.0,18811.2214289711,5.62363820326
1242876099,5.876544,3541.6132368,2392.717285668,3541.6132368,131.62071237238,1.34874,139.0,18948.6753103677,5.57147508071
1242876102,5.8747152,3541.6150656,2392.717285668,3541.6150656,131.4283892075,1.34874,139.0,18948.6753103677,5.76379824559
1242876105,5.8722768,3541.6171992,2392.717285668,3541.6171992,131.79852058142,1.34874,139.0,18883.1958003545,5.39366687167
1242876108,5.8701432,3541.6193328,2392.717285668,3541.6193328,131.54042652289,1.34874,139.0,18890.9179285228,5.6517609302
1242876111,5.8677048,3541.6217712,2392.717285668,3541.6217712,131.36216472148,1.34874,139.0,18972.7724871073,5.83002273161
1242876114,5.8649616,3541.6245144,2392.717285668,3541.6245144,131.72413143274,2.6758392,139.0,18972.7724871073,5.46805602035
1242876117,5.8625232,3541.6272576,2392.717285668,3541.6272576,131.32814529373,2.6758392,140.0,18881.6513747208,5.86449575173
1242876120,5.8594752,3541.6300008,2392.717285668,3541.6300008,131.61935159527,2.6758392,139.0,18936.0165359774,5.57283585782
1242876123,5.8573416,3541.6321344,2392.717285668,3541.6321344,131.64974228406,2.6758392,139.0,18936.0165359774,5.54244516903
1242876126,5.8561224,3541.6333536,2392.717285668,3541.6333536,131.10452425532,2.6758392,140.0,18925.2055565417,6.08766319777
1242876129,5.8561224,3541.6333536,2392.717285668,3541.6333536,131.6415776214,2.6758392,140.0,18897.4058951357,5.55106342406
1242876132,5.8649616,3541.6226856,2392.717285668,3541.6333536,130.55930622658,2.6758392,140.0,18897.4058951357,6.63288122651
1242876135,5.8908696,3541.596168,2392.717285668,3541.6333536,129.38858431961,2.6758392,140.0,18852.9209210802,7.80360313348
1242876138,5.922264,3541.5647736,2392.717285668,3541.6333536,129.47930279361,2.6758392,138.0,18982.0390409093,7.71288465948
1242876141,5.9539632,3541.5330744,2392.717285668,3541.6333536,130.03948937056,2.6758392,138.0,18982.0390409093,7.15269808253
1242876144,5.9853576,3541.50168,2392.717285668,3541.6333536,131.360350352,2.6758392,139.0,18934.1618462656,5.83183710109
1242876147,6.0170568,3541.4699808,2392.717285668,3541.6333536,131.29049712702,2.6758392,139.0,18856.0097723475,5.90169032607
1242876150,6.0484512,3541.4388912,2392.717285668,3541.6333536,132.16411603164,2.6758392,139.0,18856.0097723475,5.02807142145
1242876153,6.0798456,3541.407192,2392.717285668,3541.6333536,132.27025664622,2.6758392,139.0,18781.2637085323,4.92193080687
1242876156,6.11124,3541.3761024,2392.717285668,3541.6333536,133.09534116725,2.6758392,139.0,18874.2395106306,4.09729987821
1242876159,6.1426344,3541.344708,2392.717285668,3541.6333536,134.07782224067,2.6758392,139.0,18874.2395106306,3.11436521242
1242876162,6.173724,3541.3130088,2392.717285668,3541.6333536,134.24610500994,2.6758392,141.0,18740.4881139005,2.94608244315
1242876165,6.2051184,3541.2819192,2392.717285668,3541.6333536,134.93375104286,2.6758392,140.0,18814.9308083948,2.25843641023
1242876168,6.2322456,3541.2554016,2392.717285668,3541.6333536,134.8121882877,2.6758392,140.0,18814.9308083948,2.37999916539
1242876171,6.2538864,3541.2340656,2392.717285668,3541.6333536,134.68608960884,2.6758392,139.0,18791.4541598116,2.50609784425
1242876174,6.2752224,3541.21212,2392.717285668,3541.6333536,134.58856724929,2.6758392,140.0,18906.3621848595,2.6036202038
1242876177,6.2968632,3541.1910888,2392.717285668,3541.6333536,134.73734554665,2.6758392,140.0,18906.3621848595,2.45484190644
1242876180,6.3181992,3541.1700576,2392.717285668,3541.6333536,134.64571988791,2.6758392,139.0,18898.9503207694,2.54646756518
1242876183,6.3395352,3541.148112,2392.717285668,3541.6333536,134.45974701621,2.6758392,140.0,18812.772749362,2.73244043688
1242876186,6.3608712,3541.1270808,2392.717285668,3541.6333536,134.65887406664,2.6758392,140.0,18812.772749362,2.53331338645
1242876189,6.382512,3541.10544,2392.717285668,3541.6333536,134.74006710087,2.6758392,140.0,18916.5526361388,2.45212035222
1242876192,6.4041528,3541.0834944,2392.717285668,3541.6333536,134.65978125138,2.6758392,140.0,18916.5526361388,2.53285979408
1242876195,6.4257936,3541.0618536,2392.717285668,3541.6333536,134.68155368514,2.6758392,140.0,18952.0744257132,2.51063376795
1242876198,6.4468248,3541.0411272,2392.717285668,3541.6333536,134.7985805166,2.6758392,140.0,18983.2732024648,2.39360693649
1242876201,6.4681608,3541.0194864,2392.717285668,3541.6333536,134.8620834484,2.6758392,140.0,18903.8869669913,2.33010400469
1242876204,6.4898016,3540.9975408,2392.717285668,3541.6333536,134.9029067617,2.6758392,140.0,18903.8869669913,2.28973428376
1242876207,6.5114424,3540.9765096,2392.717285668,3541.6333536,134.75594283382,2.6758392,140.0,19035.7767792523,2.43624461927
1242876210,6.5327784,3540.9551736,2392.717285668,3541.6333536,134.69652223335,2.6758392,140.0,18919.0278540071,2.49566521974
1242876213,6.5544192,3540.933228,2392.717285668,3541.6333536,134.71375874341,2.6758392,140.0,18919.0278540071,2.47842870968
1242876216,6.5757552,3540.9121968,2392.717285668,3541.6333536,134.69697582572,2.6758392,139.0,19002.7302075461,2.49521162737
1242876219,6.5970912,3540.890556,2392.717285668,3541.6333536,134.5899280264,2.6758392,140.0,18953.3085872687,2.60225942669
1242876222,6.618732,3540.86922,2392.717285668,3541.6333536,134.51826043194,2.6758392,140.0,18953.3085872687,2.67392702115
1242876225,6.640068,3540.8475792,2392.717285668,3541.6333536,134.50510625321,2.6758392,139.0,19025.8965920512,2.68708119988
1242876228,6.6617088,3540.8262432,2392.717285668,3541.6333536,134.71602670526,2.6758392,139.0,19030.2264996313,2.47616074783
1242876231,6.6836544,3540.8042976,2392.717285668,3541.6333536,134.64209114895,2.6758392,139.0,19030.2264996313,2.55009630414
1242876234,6.7049904,3540.782352,2392.717285668,3541.6333536,134.82171372747,2.6758392,139.0,18977.0954999301,2.37047372562
1242876237,6.7266312,3540.7613208,2392.717285668,3541.6333536,134.71058359682,2.6758392,140.0,19054.3098868563,2.48160385627
1242876240,6.7479672,3540.7399848,2392.717285668,3541.6333536,134.7396135085,2.6758392,140.0,19054.3098868563,2.45257394459
1242876243,6.7689984,3540.7186488,2392.717285668,3541.6333536,134.50964217691,2.6758392,139.0,19007.6737485253,2.68254527618
1242876246,6.7888104,3540.7006656,2392.717285668,3541.6333536,134.66749232167,2.6758392,140.0,19058.6397944364,2.52514872379
1242876249,6.7885056,3540.7012752,2392.717285668,3541.6333536,135.10158021976,2.6758392,140.0,19058.6397944364,2.09060723333
1242876252,6.768084,3540.7235256,2392.717285668,3541.6333536,136.62565058296,2.6758392,139.0,18982.6526743084,0.56653687013
1242876255,6.737604,3540.7537008,2392.717285668,3541.6333536,136.93817572589,2.6758392,139.0,18998.7174588015,0.2540117272
1242876258,6.7080384,3540.783876,2392.717285668,3541.6333536,137.14501384661,2.6758392,139.0,18998.7174588015,0.04717360648
1242876261,6.6775584,3540.814356,2392.717285668,3541.6333536,137.14501384661,2.6758392,140.0,19020.9599458293,0.04717360648
1242876264,6.6470784,3540.8445312,2392.717285668,3541.6333536,137.24253620616,2.6758392,140.0,19022.4974767056,-0.05034875307
1242876267,6.6162936,3540.875316,2392.717285668,3541.6333536,137.08876839273,2.6758392,140.0,19022.4974767056,0.10341906036
1242876270,6.5861184,3540.905796,2392.717285668,3541.6333536,136.91186736843,2.6758392,140.0,18961.030715437,0.28032008466
1242876273,6.5556384,3540.9359712,2392.717285668,3541.6333536,137.17268298118,2.6758392,139.0,19088.9146737107,0.01950447191
1242876276,6.528816,3540.962184,2392.717285668,3541.6333536,137.0211831296,2.6758392,139.0,19088.9146737107,0.17100432349
1242876279,6.5053464,3540.9859584,2392.717285668,3541.6333536,137.16497191089,2.6758392,139.0,18977.4057640083,0.0272155422
1242876282,6.4849248,3541.0060752,2392.717285668,3541.6333536,137.29152418212,2.6758392,140.0,19050.9176662681,-0.09933672903
1242876285,6.4660272,3541.024668,2392.717285668,3541.6333536,137.36682051554,2.6758392,140.0,19050.9176662681,-0.17463306245
1242876288,6.4471296,3541.0438704,2392.717285668,3541.6333536,137.39086091115,2.6758392,140.0,19003.6609997807,-0.19867345806
1242876291,6.4279272,3541.0624632,2392.717285668,3541.6333536,137.56231882701,2.6758392,140.0,19152.5394940121,-0.37013137392
1242876294,6.4090296,3541.0819704,2392.717285668,3541.6333536,137.44483840318,2.6758392,140.0,19152.5394940121,-0.25265095009
1242876297,6.390132,3541.1005632,2392.717285668,3541.6333536,137.58635922262,2.6758392,139.0,18973.0827511855,-0.39417176953
1242876300,6.3709296,3541.1200704,2392.717285668,3541.6333536,137.36273818421,2.6758392,139.0,18990.0714331559,-0.17055073112
1242876303,6.3517272,3541.138968,2392.717285668,3541.6333536,137.2978744753,2.6758392,139.0,18990.0714331559,-0.10568702221
1242876306,6.3328296,3541.1581704,2392.717285668,3541.6333536,137.27564844917,2.6758392,140.0,19056.7851047246,-0.08300740371
1242876309,6.3121032,3541.180116,2392.717285668,3541.6333536,137.14047792291,2.6758392,139.0,19035.1631458532,0.05170953018
1242876312,6.283452,3541.2084624,2392.717285668,3541.6333536,137.18719793702,2.6758392,139.0,19035.1631458532,0.00544310844
1242876315,6.2548008,3541.2368088,2392.717285668,3541.6333536,137.04114119388,2.6758392,139.0,19088.6044096325,0.15104625921
1242876318,6.2258448,3541.2660696,2392.717285668,3541.6333536,137.11008723412,2.6758392,140.0,18957.0179666924,0.08210021897
1242876321,6.1974984,3541.2941112,2392.717285668,3541.6333536,137.166332688,2.6758392,140.0,18957.0179666924,0.02585476509
1242876324,6.169152,3541.3224576,2392.717285668,3541.6333536,137.16451831852,2.6758392,140.0,19056.1645765682,0.02766913457
1242876327,6.1408056,3541.350804,2392.717285668,3541.6333536,137.41853004572,2.6758392,140.0,18974.316912741,-0.22634259263
1242876330,6.1121544,3541.37976,2392.717285668,3541.6333536,136.69414303083,2.6758392,140.0,18974.316912741,0.49804442226
1242876333,6.0828936,3541.408716,2392.717285668,3541.6333536,136.19609860857,2.6758392,139.0,19029.2957073967,0.99608884452
1242876336,6.0542424,3541.4370624,2392.717285668,3541.6333536,135.63727280873,2.6758392,139.0,18961.030715437,1.55491464436
1242876339,6.0521088,3541.4373672,2392.717285668,3541.6333536,134.52551790986,2.6758392,139.0,18961.030715437,2.66666954323
1242876342,6.0524136,3541.4370624,2392.717285668,3541.6333536,134.43797458245,2.6758392,139.0,19077.1729020405,2.75421287064
1242876345,6.0524136,3541.4370624,2392.717285668,3541.6333536,134.45294313066,2.6758392,139.0,18893.696515712,2.73924432243
1242876348,6.047232,3541.4425488,2392.717285668,3541.6333536,135.01086174576,2.6758392,139.0,18893.696515712,2.1817792997
1242876351,6.0405264,3541.4492544,2392.717285668,3541.6333536,135.13469246277,2.6758392,140.0,19008.9148048381,2.05749499032
1242876354,6.0341256,3541.4556552,2392.717285668,3541.6333536,134.83668227568,2.6758392,139.0,18953.0052179478,2.35550517741
1242876357,6.0277248,3541.4623608,2392.717285668,3541.6333536,134.943730075,2.6758392,139.0,18953.0052179478,2.24845737809
1242876360,6.0210192,3541.4687616,2392.717285668,3541.6333536,134.89020617534,2.6758392,139.0,18963.8093026262,2.30198127775
1242876363,6.0146184,3541.4751624,2392.717285668,3541.6333536,134.58130977137,2.6758392,139.0,18963.8093026262,2.61087768172
1242876366,6.009132,3541.4800392,2392.717285668,3541.6333536,134.65932765901,2.6758392,140.0,18827.5964775424,2.53285979408
1242876369,6.007608,3541.481868,2392.717285668,3541.6333536,134.42119166476,2.6758392,139.0,18911.3057258387,2.77099578833
1242876372,6.006084,3541.4836968,2392.717285668,3541.6333536,134.45747905436,2.6758392,140.0,19005.2054254144,2.7351619911
1242876375,6.0042552,3541.4852208,2392.717285668,3541.6333536,134.43797458245,2.6758392,140.0,19005.2054254144,2.75421287064
1242876378,6.0024264,3541.4870496,2392.717285668,3541.6333536,134.49059129737,2.6758392,140.0,18972.7724871073,2.70159615572
1242876381,6.0005976,3541.4888784,2392.717285668,3541.6333536,134.42618118083,2.6758392,140.0,18931.3763643191,2.76600627226
1242876384,5.9990736,3541.4904024,2392.717285668,3541.6333536,134.33546270683,2.6758392,140.0,18931.3763643191,2.85672474626
1242876387,5.9972448,3541.4919264,2392.717285668,3541.6333536,134.38535786753,2.6758392,139.0,18889.9940310455,2.80728317793
1242876390,5.9957208,3541.4937552,2392.717285668,3541.6333536,134.4311706969,2.6758392,139.0,18966.9050486508,2.76101675619
1242876393,5.9941968,3541.4952792,2392.717285668,3541.6333536,134.24610500994,2.6758392,139.0,18966.9050486508,2.94608244315
1242876396,5.992368,3541.497108,2392.717285668,3541.6333536,134.1862308171,2.6758392,140.0,18924.2747643072,3.00595663599
1242876399,5.9905392,3541.4992416,2392.717285668,3541.6333536,134.37719320487,2.6758392,140.0,18872.0745568406,2.81499424822
1242876402,5.9887104,3541.5007656,2392.717285668,3541.6333536,134.12590303189,2.6758392,140.0,18872.0745568406,3.0662844212
1242876405,5.9871864,3541.5025944,2392.717285668,3541.6333536,134.17353023074,2.6758392,140.0,18930.1422027637,3.01865722235
1242876408,5.9853576,3541.5041184,2392.717285668,3541.6333536,134.30371124093,2.6758392,140.0,18973.0827511855,2.88847621216
1242876411,5.9835288,3541.5056424,2392.717285668,3541.6333536,134.17942693155,2.6758392,140.0,18973.0827511855,3.01276052154
1242876414,5.9817,3541.5074712,2392.717285668,3541.6333536,134.08916204992,2.6758392,140.0,18857.5610927385,3.10302540317
1242876420,5.9783472,3541.5114336,2392.717285668,3541.6333536,134.06512165431,2.6758392,140.0,18908.8305079705,3.12706579878
1242876423,5.9765184,3541.5129576,2392.717285668,3541.6333536,134.00751542332,2.6758392,140.0,18916.2492668179,3.18467202977
1242876426,5.9746896,3541.5147864,2392.717285668,3541.6333536,134.00706183095,2.6758392,140.0,18903.5767029131,3.18557921451
1242876429,5.9731656,3541.5163104,2392.717285668,3541.6333536,134.081904572,2.6758392,140.0,18903.5767029131,3.11028288109
1242876432,5.9713368,3541.5178344,2392.717285668,3541.6333536,134.00071153777,2.6758392,139.0,18856.9405645821,3.19147591532
1242876435,5.9698128,3541.519968,2392.717285668,3541.6333536,133.96578492528,2.6758392,140.0,18956.7077026142,3.22640252781
1242876438,5.967984,3541.5217968,2392.717285668,3541.6333536,133.991186098,2.6758392,140.0,18956.7077026142,3.20145494746
1242876441,5.96646,3541.523016,2392.717285668,3541.6333536,133.8596443107,2.6758392,139.0,18970.9177973955,3.33254314239
1242876444,5.9646312,3541.5248448,2392.717285668,3541.6333536,133.90228199348,2.6758392,140.0,18826.0520519087,3.28990545961
1242876447,5.9628024,3541.5269784,2392.717285668,3541.6333536,133.95716667025,2.6758392,140.0,18826.0520519087,3.23502078284
1242876450,5.9612784,3541.5281976,2392.717285668,3541.6333536,133.9095394714,2.6758392,140.0,18965.3537282599,3.28264798169
1242876453,5.9597544,3541.5297216,2392.717285668,3541.6333536,133.85465479463,2.6758392,140.0,18965.3537282599,3.33753265846
1242876456,5.9582304,3541.5315504,2392.717285668,3541.6333536,133.83877906168,2.6758392,140.0,18906.0519207813,3.35340839141
1242876459,5.9564016,3541.5330744,2392.717285668,3541.6333536,133.84966527856,2.6758392,140.0,18980.8048793539,3.34252217453
1242876462,5.9545728,3541.5349032,2392.717285668,3541.6333536,133.75486447323,2.6758392,139.0,18869.9164978078,3.43732297986
1242876465,5.9530488,3541.536732,2392.717285668,3541.6333536,133.70633008964,2.6758392,139.0,18869.9164978078,3.48585736345
1242876468,5.95122,3541.538256,2392.717285668,3541.6333536,133.68637202536,2.6758392,140.0,19063.5833354156,3.50581542773
1242876471,5.9493912,3541.5400848,2392.717285668,3541.6333536,133.57796344893,2.6758392,139.0,18925.8191899408,3.61422400416
1242876474,5.9472576,3541.5422184,2392.717285668,3541.6333536,133.71177319808,2.6758392,139.0,18925.8191899408,3.48041425501
1242876477,5.945124,3541.5446568,2392.717285668,3541.6333536,133.65961007553,2.6758392,140.0,19008.9148048381,3.53303096993
1242876480,5.9426856,3541.5470952,2392.717285668,3541.6333536,133.72265941496,2.6758392,140.0,18881.6444799635,3.46952803813
1242876483,5.9402472,3541.5495336,2392.717285668,3541.6333536,133.70179416594,2.6758392,140.0,18881.6444799635,3.49039328715
1242876486,5.9378088,3541.551972,2392.717285668,3541.6333536,133.63783764177,2.6758392,139.0,18984.5073640203,3.55434981132
1242876489,5.9356752,3541.5541056,2392.717285668,3541.6333536,133.46002943273,2.6758392,140.0,18962.8854051489,3.73215802036
1242876492,5.9332368,3541.5562392,2392.717285668,3541.6333536,133.49450245285,2.6758392,140.0,18962.8854051489,3.69768500024
1242876495,5.9307984,3541.5586776,2392.717285668,3541.6333536,133.64509511969,2.6758392,139.0,18877.328361898,3.5470923334
1242876498,5.9286648,3541.5608112,2392.717285668,3541.6333536,133.51808925609,2.6758392,140.0,18971.2211667164,3.674098197
1242876501,5.9265312,3541.5632496,2392.717285668,3541.6333536,133.50266711551,2.6758392,140.0,18971.2211667164,3.68952033758
1242876504,5.9243976,3541.5653832,2392.717285668,3541.6333536,133.44506088452,2.6758392,139.0,18962.8854051489,3.74712656857
1242876507,5.9219592,3541.5675168,2392.717285668,3541.6333536,133.27405656103,2.6758392,139.0,18966.2845204944,3.91858448443
1242876510,5.9195208,3541.5699552,2392.717285668,3541.6333536,133.33846667757,2.6758392,139.0,18966.2845204944,3.85372077552
1242876513,5.9173872,3541.5720888,2392.717285668,3541.6333536,133.30807598878,2.6758392,140.0,18811.2214289711,3.88411146431
1242876516,5.9152536,3541.5745272,2392.717285668,3541.6333536,133.33755949283,2.6758392,140.0,18934.1618462656,3.85462796026
1242876519,5.9128152,3541.5766608,2392.717285668,3541.6333536,133.28448918554,2.6758392,140.0,18934.1618462656,3.90769826755
1242876522,5.9103768,3541.5790992,2392.717285668,3541.6333536,133.13797885003,2.6758392,139.0,18856.9405645821,4.05466219543
1242876525,5.9082432,3541.5812328,2392.717285668,3541.6333536,133.1202887476,2.6758392,140.0,18918.7106951716,4.07189870549
1242876528,5.9058048,3541.5836712,2392.717285668,3541.6333536,133.21917188426,2.6758392,140.0,18918.7106951716,3.97301556883
1242876531,5.9033664,3541.5861096,2392.717285668,3541.6333536,133.1429683661,2.6758392,139.0,18858.4849902158,4.04921908699
1242876534,5.900928,3541.588548,2392.717285668,3541.6333536,133.0341061973,2.6758392,140.0,19001.4960459907,4.15853484816
1242876540,5.896356,3541.59312,2392.717285668,3541.6333536,132.90165722526,2.6758392,140.0,18931.9968924755,4.29053022783
1242876543,5.8942224,3541.5952536,2392.717285668,3541.6333536,132.92660480561,2.6758392,140.0,18890.6076644446,4.26558264748
1242876546,5.891784,3541.597692,2392.717285668,3541.6333536,132.87625605254,2.6758392,140.0,18890.6076644446,4.31593140055
1242876549,5.8896504,3541.6001304,2392.717285668,3541.6333536,132.92887276746,2.6758392,139.0,18964.7332001035,4.26331468563
1242876552,5.887212,3541.6025688,2392.717285668,3541.6333536,132.87035935173,2.6758392,140.0,18870.5301312069,4.32182810136
1242876555,5.8847736,3541.6047024,2392.717285668,3541.6333536,132.92252247428,2.6758392,140.0,18870.5301312069,4.26966497881
1242876558,5.88264,3541.606836,2392.717285668,3541.6333536,132.87308090595,2.6758392,139.0,18963.1956692271,4.31910654714
1242876561,5.8802016,3541.6089696,2392.717285668,3541.6333536,132.72067386963,2.6758392,140.0,18778.4851213431,4.47151358346
1242876564,5.878068,3541.611408,2392.717285668,3541.6333536,132.80867078941,2.6758392,140.0,18778.4851213431,4.38351666368
1242876567,5.8756296,3541.6138464,2392.717285668,3541.6333536,132.90437877948,2.6758392,140.0,18927.0533514963,4.28780867361
1242876570,5.873496,3541.6162848,2392.717285668,3541.6333536,132.74562144998,2.6758392,140.0,18953.6188513469,4.44656600311
1242876573,5.8710576,3541.6184184,2392.717285668,3541.6333536,132.75151815079,2.6758392,140.0,18953.6188513469,4.4406693023
1242876576,5.8686192,3541.6208568,2392.717285668,3541.6333536,132.72384901622,2.6758392,140.0,18984.8176280985,4.46833843687
1242876579,5.8664856,3541.6232952,2392.717285668,3541.6333536,132.72475620096,2.6758392,140.0,18868.061808096,4.46743125213
1242876582,5.8640472,3541.6257336,2392.717285668,3541.6333536,132.63812005829,2.6758392,140.0,18868.061808096,4.5540673948
1242876585,5.8619136,3541.6278672,2392.717285668,3541.6333536,132.61816199401,2.6758392,140.0,18946.8275154131,4.57447905145
1242876588,5.8594752,3541.6303056,2392.717285668,3541.6333536,132.78326961669,2.6758392,139.0,18999.0277228797,4.4089178364
1242876591,5.8570368,3541.632744,2392.717285668,3541.6333536,132.7029837672,2.6758392,139.0,18999.0277228797,4.48965727826
1242876594,5.8545984,3541.6345728,2392.717285668,3541.6345728,132.53288662845,2.6758392,139.0,18900.494746403,4.65930082464
1242876597,5.85216,3541.637316,2392.717285668,3541.637316,132.56010217065,2.6758392,140.0,18977.7091333292,4.63208528244
1242876600,5.8500264,3541.6394496,2392.717285668,3541.6394496,132.63403772696,2.6758392,140.0,18977.7091333292,4.55814972613
1242876603,5.847588,3541.641888,2392.717285668,3541.641888,132.52063963446,2.6758392,139.0,18967.8289461281,4.67154781863
1242876606,5.8454544,3541.6440216,2392.717285668,3541.6440216,132.53107225897,2.6758392,140.0,18925.5158206199,4.66111519412
1242876609,5.843016,3541.64646,2392.717285668,3541.64646,132.50068157018,2.6758392,140.0,18925.5158206199,4.69150588291
1242876612,5.8408824,3541.6488984,2392.717285668,3541.6488984,132.51202137943,2.6758392,139.0,18816.1649699503,4.68016607366
1242876615,5.838444,3541.651032,2392.717285668,3541.651032,132.41041668855,2.6758392,140.0,18955.7838051369,4.78177076454
1242876618,5.8363104,3541.6534704,2392.717285668,3541.6534704,132.40451998774,2.6758392,140.0,18955.7838051369,4.78812105772
1242876621,5.833872,3541.655604,2392.717285668,3541.655604,132.26798868437,2.6758392,140.0,18906.3621848595,4.92419876872
1242876624,5.8317384,3541.6580424,2392.717285668,3541.6580424,132.3038224816,2.6758392,140.0,18906.3621848595,4.88881856386
1242876627,5.8293,3541.6604808,2392.717285668,3541.6604808,132.35054249571,2.6758392,139.0,18965.9742564163,4.84164495738
1242876630,5.8268616,3541.6629192,2392.717285668,3541.6629192,132.21038245338,2.6758392,139.0,18879.7966850089,4.98180499971
1242876633,5.824728,3541.664748,2392.717285668,3541.664748,132.46076544162,2.6758392,139.0,18879.7966850089,4.73142201147
1242876636,5.8219848,3541.6674912,2392.717285668,3541.6674912,132.35553201178,2.6758392,140.0,18939.1053872448,4.83665544131
1242876639,5.8198512,3541.6696248,2392.717285668,3541.6696248,132.34101705594,2.6758392,140.0,18863.1182671168,4.85162398952
1242876642,5.8174128,3541.6720632,2392.717285668,3541.6720632,132.28295723258,2.6758392,140.0,18934.1618462656,4.90923022051
1242876645,5.8152792,3541.6745016,2392.717285668,3541.6745016,132.18951720436,2.6758392,140.0,18934.1618462656,5.00267024873
1242876648,5.8128408,3541.6766352,2392.717285668,3541.6766352,132.13916845129,2.6758392,139.0,18957.6384948488,5.0530190018
1242876651,5.8107072,3541.6790736,2392.717285668,3541.6790736,132.15277622239,2.6758392,140.0,18877.0180978198,5.0394112307
1242876654,5.8082688,3541.6812072,2392.717285668,3541.6812072,131.99492607763,2.6758392,140.0,18877.0180978198,5.19726137546
1242876666,5.7991248,3541.6903512,2392.717285668,3541.6903512,131.95546354144,2.6758392,139.0,19034.852881775,5.23672391165
1242876669,5.7966864,3541.6927896,2392.717285668,3541.6927896,132.0815622203,2.6758392,139.0,18825.1212596741,5.11107882516
1242876672,5.7945528,3541.6949232,2392.717285668,3541.6949232,131.94230936271,2.6758392,139.0,18825.1212596741,5.24987809038
1242876675,5.7921144,3541.6973616,2392.717285668,3541.6973616,132.03711016804,2.6758392,139.0,18941.8839744339,5.15507728505
1242876678,5.789676,3541.6998,2392.717285668,3541.6998,131.97859675231,2.6758392,140.0,18746.9760805133,5.21359070078
1242876681,5.7872376,3541.7022384,2392.717285668,3541.7022384,131.95727791092,2.6758392,140.0,18746.9760805133,5.23490954217
1242876684,5.785104,3541.7046768,2392.717285668,3541.7046768,132.14007563603,2.6758392,139.0,18957.6384948488,5.05211181706
1242876687,5.7829704,3541.7065056,2392.717285668,3541.7065056,131.86792021403,2.6758392,139.0,18852.6175517593,5.32426723906
1242876690,5.7808368,3541.708944,2392.717285668,3541.708944,131.95228839485,2.6758392,139.0,18852.6175517593,5.23989905824
1242876693,5.7783984,3541.7110776,2392.717285668,3541.7110776,131.94185577034,2.6758392,139.0,18964.1195667044,5.25033168275
1242876696,5.7762648,3541.713516,2392.717285668,3541.713516,131.81348912963,2.6758392,138.0,18885.0504900663,5.37869832346
1242876699,5.7738264,3541.7156496,2392.717285668,3541.7156496,131.87472409958,2.6758392,138.0,18885.0504900663,5.31746335351
1242876702,5.771388,3541.718088,2392.717285668,3541.718088,131.62978421978,2.6758392,139.0,18961.3409795152,5.56285682568
1242876705,5.7692544,3541.7202216,2392.717285668,3541.7202216,131.70644133031,2.6758392,140.0,18862.4977389604,5.48574612278
1242876708,5.766816,3541.72266,2392.717285668,3541.72266,131.59258964544,2.6758392,140.0,18862.4977389604,5.59959780765
1242876711,5.7646824,3541.7247936,2392.717285668,3541.7247936,131.52409719757,2.6758392,139.0,18890.9179285228,5.66809025552
1242876714,5.762244,3541.727232,2392.717285668,3541.727232,131.62298033423,2.6758392,139.0,18890.9179285228,5.56920711886
1242876717,5.7601104,3541.7296704,2392.717285668,3541.7296704,131.65473180013,2.6758392,140.0,18907.9066104932,5.53745565296
1242876720,5.7579768,3541.7314992,2392.717285668,3541.7314992,131.52500438231,2.6758392,139.0,18880.7205824862,5.66718307078
1242876723,5.7555384,3541.7342424,2392.717285668,3541.7342424,131.79443825009,2.6758392,139.0,18880.7205824862,5.397749203
1242876726,5.7531,3541.736376,2392.717285668,3541.736376,131.5009639867,2.6758392,139.0,18913.4637848715,5.69122346639
1242876729,5.7509664,3541.7388144,2392.717285668,3541.7388144,131.60891897076,2.6758392,139.0,18855.7064030266,5.58326848233
1242876732,5.7488328,3541.7406432,2392.717285668,3541.7406432,131.54360166948,2.6758392,139.0,18977.0954999301,5.64858578361
1242876735,5.7463944,3541.7433864,2392.717285668,3541.7433864,131.45469756496,2.6758392,139.0,18977.0954999301,5.73748988813
1242876738,5.743956,3541.7452152,2392.717285668,3541.7452152,131.54314807711,2.6758392,140.0,18830.0648006533,5.64903937598
1242876741,5.7415176,3541.7479584,2392.717285668,3541.7479584,131.52545797468,2.6758392,141.0,18946.8275154131,5.66672947841
1242876744,5.7390792,3541.7503968,2392.717285668,3541.7503968,131.5463232237,2.6758392,141.0,18946.8275154131,5.64586422939
1242876747,5.7369456,3541.7528352,2392.717285668,3541.7528352,131.54224089237,2.6758392,139.0,18829.4511672542,5.64994656072
1242876750,5.7345072,3541.7549688,2392.717285668,3541.7549688,131.43201794646,2.6758392,140.0,18876.7078337416,5.76016950663
1242876753,5.7323736,3541.7571024,2392.717285668,3541.7571024,131.5553950711,2.6758392,140.0,18876.7078337416,5.63679238199
1242876756,5.7299352,3541.7595408,2392.717285668,3541.7595408,131.57762109723,2.6758392,140.0,18827.5964775424,5.61456635586
1242876759,5.7278016,3541.7619792,2392.717285668,3541.7619792,131.54723040844,2.6758392,139.0,18980.7979845966,5.64495704465
1242876762,5.7253632,3541.7644176,2392.717285668,3541.7644176,131.5009639867,2.6758392,139.0,18980.7979845966,5.69122346639
1242876765,5.7232296,3541.7662464,2392.717285668,3541.7662464,131.57081721168,2.6758392,140.0,18908.2168745714,5.62137024141
1242876768,5.7207912,3541.7686848,2392.717285668,3541.7686848,131.49007776982,2.6758392,139.0,18831.609226287,5.70256327564
1242876771,5.7186576,3541.7708184,2392.717285668,3541.7708184,131.45424397259,2.6758392,139.0,18831.609226287,5.7379434805
1242876774,5.7162192,3541.7732568,2392.717285668,3541.7732568,131.33268121743,2.6758392,139.0,18818.0196596622,5.85950623566
1242876780,5.7116472,3541.7778288,2392.717285668,3541.7778288,131.40752395848,2.1369528,140.0,18982.6526743084,5.78466349461
1242876783,5.7092088,3541.780572,2392.717285668,3541.780572,131.45242960311,2.1369528,140.0,18853.2311851584,5.73975784998
1242876786,5.7067704,3541.7824008,2392.717285668,3541.7824008,131.46558378184,2.1369528,140.0,18826.975949386,5.72660367125
1242876789,5.7046368,3541.785144,2392.717285668,3541.785144,131.45469756496,2.1369528,140.0,18826.975949386,5.73748988813
1242876792,5.7021984,3541.7875824,2392.717285668,3541.7875824,131.46150145051,2.1369528,139.0,18940.0292847221,5.73068600258
1242876795,5.7000648,3541.789716,2392.717285668,3541.789716,131.34583539616,2.1369528,140.0,18969.9938999182,5.84635205693
1242876798,5.6976264,3541.7921544,2392.717285668,3541.7921544,131.32587733188,2.1369528,140.0,18969.9938999182,5.86631012121
1242876801,5.6954928,3541.7945928,2392.717285668,3541.7945928,131.26736391615,2.1369528,140.0,18942.8078719112,5.92482353694
1242876804,5.6930544,3541.7961168,2392.717285668,3541.7961168,131.13446135174,2.1369528,140.0,18942.8078719112,6.05772610135
1242876807,5.6909208,3541.7985552,2392.717285668,3541.7985552,131.22926215707,2.1369528,140.0,18910.0715642832,5.96292529602
1242876810,5.6884824,3541.8009936,2392.717285668,3541.8009936,131.25375614505,2.1369528,139.0,19020.6496817511,5.93888490041
1242876813,5.686044,3541.803432,2392.717285668,3541.803432,131.19297476747,2.1369528,139.0,18714.2328781281,5.99921268562
1242876816,5.6836056,3541.8058704,2392.717285668,3541.8058704,131.21338642412,2.1369528,139.0,18714.2328781281,5.97880102897
1242876819,5.681472,3541.808004,2392.717285668,3541.808004,131.28550761095,2.1369528,139.0,18854.1619773929,5.90667984214
1242876822,5.6790336,3541.8104424,2392.717285668,3541.8104424,131.29004353465,2.1369528,139.0,18951.4607923141,5.90214391844
1242876825,5.6765952,3541.8128808,2392.717285668,3541.8128808,131.43428590831,2.1369528,139.0,18951.4607923141,5.75790154478
1242876828,5.6744616,3541.8153192,2392.717285668,3541.8153192,131.41977095247,2.1369528,139.0,18947.7514128904,5.77241650062
1242876831,5.6720232,3541.8177576,2392.717285668,3541.8177576,131.31136237604,2.1369528,139.0,18958.2521282479,5.88082507705
1242876834,5.6698896,3541.820196,2392.717285668,3541.820196,131.29820819731,2.1369528,139.0,18958.2521282479,5.89397925578
1242876837,5.6674512,3541.8220248,2392.717285668,3541.8220248,131.24377711291,2.1369528,140.0,18849.8389645701,5.94841034018
1242876840,5.6653176,3541.8241584,2392.717285668,3541.8241584,131.28596120332,2.1369528,140.0,18921.1928077971,5.90622624977
1242876843,5.6628792,3541.8265968,2392.717285668,3541.8265968,131.27053906274,2.1369528,140.0,18921.1928077971,5.92210198272
1242876846,5.6607456,3541.8287304,2392.717285668,3541.8287304,131.29321868124,2.1369528,139.0,18906.9758182586,5.89896877185
1242876849,5.6583072,3541.8311688,2392.717285668,3541.8311688,131.27688935592,2.1369528,139.0,18881.6513747208,5.91529809717
1242876852,5.6561736,3541.8333024,2392.717285668,3541.8333024,131.35354646645,2.1369528,139.0,18881.6513747208,5.83864098664
1242876855,5.6537352,3541.8357408,2392.717285668,3541.8357408,131.23379808077,2.1369528,139.0,18835.9391338671,5.95838937232
1242876858,5.6516016,3541.8378744,2392.717285668,3541.8378744,131.1471619381,2.1369528,139.0,18952.0744257132,6.04502551499
1242876861,5.6491632,3541.8406176,2392.717285668,3541.8406176,131.12765746619,2.1369528,139.0,18952.0744257132,6.0645299869
1242876864,5.6467248,3541.8427512,2392.717285668,3541.8427512,131.06778327335,2.1369528,140.0,18966.2845204944,6.12440417974
1242876867,5.6445912,3541.8454944,2392.717285668,3541.8454944,131.23561245025,2.1369528,139.0,19025.2829586521,5.95657500284
1242876870,5.6421528,3541.8473232,2392.717285668,3541.8473232,131.41432784403,2.1369528,139.0,19025.2829586521,5.77831320143
1242876873,5.6397144,3541.8494568,2392.717285668,3541.8494568,131.2832396491,2.1369528,140.0,18856.3200364257,5.90894780399
1242876876,5.6375808,3541.8518952,2392.717285668,3541.8518952,131.36760782992,2.1369528,139.0,18951.1505282359,5.82457962317
1242876879,5.6354472,3541.8543336,2392.717285668,3541.8543336,131.37123656888,2.1369528,139.0,18951.1505282359,5.82095088421
1242876882,5.6330088,3541.856772,2392.717285668,3541.856772,131.496428063,2.1369528,139.0,18929.2183052864,5.69575939009
1242876885,5.6305704,3541.8586008,2392.717285668,3541.8586008,131.41841017536,2.1369528,139.0,18929.2183052864,5.7742308701
1242876888,5.6284368,3541.8610392,2392.717285668,3541.8610392,131.24740585187,2.1369528,140.0,18963.8093026262,5.94478160122
1242876891,5.6259984,3541.8634776,2392.717285668,3541.8634776,131.3694221994,2.1369528,140.0,18946.5172513349,5.82276525369
1242876894,5.6232552,3541.8665256,2392.717285668,3541.8665256,131.16575922527,2.1369528,140.0,18946.5172513349,6.02642822782
1242876897,5.6199024,3541.8695736,2392.717285668,3541.8695736,131.42249250669,2.1369528,139.0,18904.8177592258,5.7696949464
1242876900,5.6165496,3541.8729264,2392.717285668,3541.8729264,131.40752395848,2.1369528,140.0,18939.4087565657,5.78511708698
1242876903,5.6135016,3541.8762792,2392.717285668,3541.8762792,131.37894763917,2.1369528,139.0,18850.7628620474,5.81369340629
1242876906,5.6101488,3541.879632,2392.717285668,3541.879632,131.1698415566,2.1369528,139.0,18850.7628620474,6.02234589649
1242876909,5.606796,3541.8829848,2392.717285668,3541.8829848,131.20295379961,2.1369528,139.0,19018.484727961,5.98923365348
1242876912,5.6034432,3541.8860328,2392.717285668,3541.8860328,131.15804815498,2.1369528,139.0,18876.0942003425,6.03413929811
1242876915,5.6003952,3541.8890808,2392.717285668,3541.8890808,131.28505401858,2.1369528,139.0,18876.0942003425,5.90713343451
1242876918,5.5973472,3541.8924336,2392.717285668,3541.8924336,131.24740585187,2.1369528,139.0,18857.5541979812,5.94478160122
1242876921,5.5939944,3541.8957864,2392.717285668,3541.8957864,131.27598217118,2.1369528,140.0,18786.8208829106,5.91665887428
1242876924,5.5906416,3541.8988344,2392.717285668,3541.8988344,131.50413913329,2.1369528,140.0,18786.8208829106,5.6880483198
1242876927,5.5875936,3541.9021872,2392.717285668,3541.9021872,131.35263928171,2.1369528,139.0,18956.397438536,5.84000176375
1242876930,5.5842408,3541.9052352,2392.717285668,3541.9052352,131.44018260912,2.1369528,140.0,18817.0888674276,5.75200484397
1242876933,5.580888,3541.9088928,2392.717285668,3541.9088928,131.15124426943,2.1369528,140.0,18817.0888674276,6.04139677603
1242876936,5.5775352,3541.9119408,2392.717285668,3541.9119408,131.11495687983,2.1369528,140.0,18857.8713568167,6.07723057326
1242876939,5.5744872,3541.9152936,2392.717285668,3541.9152936,131.20839690805,2.1369528,140.0,18911.3057258387,5.98424413741
1242876942,5.5711344,3541.9186464,2392.717285668,3541.9186464,131.01017704236,2.1369528,140.0,18911.3057258387,6.18201041073
1242876945,5.5677816,3541.9219992,2392.717285668,3541.9219992,131.37305093836,2.1369528,140.0,18938.7951231666,5.81913651473
1242876948,5.5644288,3541.9250472,2392.717285668,3541.9250472,130.96073547403,2.1369528,139.0,18842.1168364018,6.23145197906
1242876951,5.5613808,3541.9284,2392.717285668,3541.9284,131.04238210063,2.1369528,139.0,18842.1168364018,6.14980535246
1242876954,5.558028,3541.9317528,2392.717285668,3541.9317528,131.41795658299,2.1110448,138.0,18935.7062718992,5.77468446247
1242876957,5.5555896,3541.9338864,2392.717285668,3541.9338864,130.80107095979,2.1110448,138.0,18907.9066104932,6.39157008567
1242876960,5.5555896,3541.9338864,2392.717285668,3541.9338864,131.24649866713,2.1110448,138.0,18907.9066104932,5.94614237833
1242876963,5.5555896,3541.9338864,2392.717285668,3541.9338864,130.58516099167,2.1110448,139.0,18831.2989622088,6.60748005379
1242876966,5.5555896,3541.9338864,2392.717285668,3541.9338864,130.88498554824,2.1110448,139.0,18931.6866283973,6.30720190485
1242876969,5.5555896,3541.9338864,2392.717285668,3541.9338864,130.59423283907,2.1110448,139.0,18931.6866283973,6.59795461402
1242876972,5.5555896,3541.9338864,2392.717285668,3541.9338864,130.70989889342,2.1110448,141.0,18842.7304698009,6.48228855967
1242876975,5.5555896,3541.9338864,2392.717285668,3541.9338864,131.30728004471,2.1110448,141.0,18842.7304698009,5.88490740838
1242876978,5.5604664,3541.9262664,2392.717285668,3541.9338864,130.67905461226,2.1110448,140.0,18969.0631076836,6.5135864332
1242876981,5.7278016,3541.7443008,2392.717285668,3541.9338864,129.23345572907,2.1110448,139.0,18688.2879064339,7.95873172402
1242876984,5.9960256,3541.4724192,2392.717285668,3541.9338864,134.16899430704,2.1110448,139.0,18688.2879064339,3.02319314605
1242876987,6.2721744,3541.1959656,2392.717285668,3541.9338864,138.25177922941,2.1110448,139.0,18879.4864209307,-1.05959177632
1242876990,6.554724,3540.913416,2392.717285668,3541.9338864,136.2047168636,2.1110448,138.0,18675.6291320436,0.98747058949
1242876993,6.7366896,3540.7537008,2392.717285668,3541.9338864,137.23255717402,2.1110448,138.0,18746.6658164352,-0.04036972093
1242876996,6.6519552,3540.844836,2392.717285668,3541.9338864,135.89128453593,2.1110448,138.0,18746.6658164352,1.30090291716
1242876999,6.53034,3540.9707184,2392.717285668,3541.9338864,136.74812052286,2.1110448,139.0,18703.7321627706,0.44406693023
1242877002,6.3450216,3541.1599992,2392.717285668,3541.9338864,136.54627191821,2.1110448,139.0,18763.3511290846,0.64591553488
1242877005,6.1389768,3541.3657392,2392.717285668,3541.9338864,135.89854201385,2.1110448,139.0,18763.3511290846,1.29364543924
1242877008,5.9347608,3541.57026,2392.717285668,3541.9338864,136.19246986961,2.1110448,139.0,18903.5835976704,1.00017117585
1242877011,5.7354216,3541.7604552,2392.717285668,3541.9338864,135.94208688137,2.1110448,139.0,18849.2184364137,1.25010057172
1242877014,5.728716,3541.7604552,2392.717285668,3541.9338864,133.14568992032,2.1110448,139.0,18849.2184364137,4.04649753277
1242877017,5.7290208,3541.7601504,2392.717285668,3541.9338864,133.07402232586,2.1110448,139.0,18919.6414874062,4.1186187196
1242877023,5.6893968,3541.8006888,2392.717285668,3541.9338864,133.20374974368,2.1110448,139.0,19029.6059714749,3.98843770941
1242877026,5.6808624,3541.8089184,2392.717285668,3541.9338864,133.53441858141,2.1110448,140.0,19092.306894299,3.65776887168
1242877029,5.6729376,3541.8174528,2392.717285668,3541.9338864,133.5149141095,2.1110448,140.0,18969.9938999182,3.67727334359
1242877032,5.664708,3541.8253776,2392.717285668,3541.9338864,133.31170472774,2.1110448,140.0,18969.9938999182,3.88048272535
1242877035,5.6564784,3541.8333024,2392.717285668,3541.9338864,133.32848764543,2.1110448,139.0,18997.1730331678,3.86369980766
1242877038,5.6485536,3541.841532,2392.717285668,3541.9338864,133.1202887476,2.1110448,140.0,18851.6867595247,4.07189870549
1242877041,5.6406288,3541.849152,2392.717285668,3541.9338864,133.05633222343,2.1110448,140.0,18851.6867595247,4.13585522966
1242877044,5.6323992,3541.8579912,2392.717285668,3541.9338864,133.09216602066,2.1110448,140.0,18972.7724871073,4.10002143243
1242877047,5.6241696,3541.865916,2392.717285668,3541.9338864,132.73110649414,2.1110448,140.0,18942.8078719112,4.46108095895
1242877050,5.61594,3541.8738408,2392.717285668,3541.9338864,132.65036705228,2.1110448,140.0,18942.8078719112,4.54227399318
1242877053,5.6077104,3541.8820704,2392.717285668,3541.9338864,132.47754835931,2.1110448,139.0,18974.6202820619,4.71509268615
1242877056,5.5994808,3541.8906048,2392.717285668,3541.9338864,132.22535100159,2.1110448,139.0,18935.7062718992,4.9668364515
1242877059,5.5912512,3541.8985296,2392.717285668,3541.9338864,132.44035378497,2.1110448,139.0,18935.7062718992,4.75228726049
1242877062,5.5833264,3541.9064544,2392.717285668,3541.9338864,132.31561588322,2.1110448,139.0,18888.4496054119,4.87657156987
1242877065,5.5827168,3541.9067592,2392.717285668,3541.9338864,131.85113729634,2.1110448,139.0,18888.4496054119,5.34105015675
1242877068,5.5827168,3541.9067592,2392.717285668,3541.9338864,131.83435437865,2.1110448,139.0,18935.0857437429,5.35783307444
1242877071,5.5827168,3541.9067592,2392.717285668,3541.9338864,131.84251904131,2.1110448,139.0,18959.1829204825,5.34966841178
1242877074,5.5827168,3541.9067592,2392.717285668,3541.9338864,131.76767630026,2.1110448,139.0,18959.1829204825,5.4249647452
1242877077,5.5827168,3541.9067592,2392.717285668,3541.9338864,131.82891127021,2.1110448,140.0,18926.7430874181,5.36327618288
1242877080,5.582412,3541.907064,2392.717285668,3541.9338864,131.89014624016,2.1110448,140.0,18889.3735028892,5.3024948053
1242877083,5.582412,3541.907064,2392.717285668,3541.9338864,131.94503091693,2.1110448,140.0,18954.2393795033,5.24715653616
1242877086,5.5772304,3541.9125504,2392.717285668,3541.9338864,132.20085701361,2.1110448,140.0,18954.2393795033,4.99133043948
1242877089,5.5592472,3541.932972,2392.717285668,3541.9338864,132.26345276067,2.1110448,140.0,18956.7077026142,4.92873469242
1242877092,5.5510176,3541.9384584,2392.717285668,3541.9384584,131.11858561879,2.1110448,139.0,18940.332654043,6.0736018343
1242877095,5.550408,3541.939068,2392.717285668,3541.939068,130.69855908417,2.1110448,139.0,18940.332654043,6.49362836892
1242877098,5.5470552,3541.9424208,2392.717285668,3541.9424208,131.54677681607,2.1110448,139.0,18857.2508286603,5.64541063702
1242877101,5.5440072,3541.9454688,2392.717285668,3541.9454688,131.56991002694,2.1110448,140.0,19024.0487970966,5.62227742615
1242877104,5.5406544,3541.9488216,2392.717285668,3541.9488216,131.69237996684,2.1110448,140.0,19024.0487970966,5.49980748625
1242877107,5.5376064,3541.9518696,2392.717285668,3541.9518696,131.60030071573,2.1110448,140.0,18871.4609234415,5.59188673736
1242877110,5.5345584,3541.9552224,2392.717285668,3541.9552224,131.40072007293,2.1110448,140.0,18850.142333891,5.79146738016
1242877113,5.5312056,3541.95888,2392.717285668,3541.95888,131.82618971599,2.1110448,140.0,18850.142333891,5.3659977371
1242877116,5.5278528,3541.9616232,2392.717285668,3541.9616232,131.48962417745,2.1110448,139.0,18864.6626927504,5.70256327564
1242877119,5.5248048,3541.9646712,2392.717285668,3541.9646712,131.32678451662,2.1110448,139.0,18870.8403952851,5.86540293647
1242877122,5.5217568,3541.968024,2392.717285668,3541.968024,131.64792791458,2.1110448,139.0,18870.8403952851,5.54425953851
1242877125,5.518404,3541.971072,2392.717285668,3541.971072,131.4011736653,2.1110448,140.0,18936.0165359774,5.79101378779
1242877128,5.515356,3541.9744248,2392.717285668,3541.9744248,131.32134140818,2.1110448,139.0,18923.3508668299,5.87084604491
1242877131,5.5120032,3541.9777776,2392.717285668,3541.9777776,131.47102689028,2.1110448,139.0,18923.3508668299,5.72161415518
1242877134,5.5086504,3541.9808256,2392.717285668,3541.9808256,131.18163495822,2.1110448,139.0,18953.3085872687,6.01055249487
1242877137,5.5056024,3541.9841784,2392.717285668,3541.9841784,131.53770496867,2.1110448,140.0,18888.4496054119,5.65493607679
1242877140,5.5022496,3541.9872264,2392.717285668,3541.9872264,131.2197367173,2.1110448,140.0,18888.4496054119,5.97245073579
1242877143,5.4992016,3541.9905792,2392.717285668,3541.9905792,131.31181596841,2.1110448,139.0,18953.3085872687,5.88037148468
1242877146,5.4958488,3541.9936272,2392.717285668,3541.9936272,131.34266024957,2.1110448,139.0,18953.3085872687,5.84952720352
1242877149,5.492496,3541.9972848,2392.717285668,3541.9972848,131.23062293418,2.1110448,140.0,18904.1972310695,5.96156451891
1242877152,5.489448,3542.000028,2392.717285668,3542.000028,131.34538180379,2.1110448,139.0,18940.9531821993,5.8468056493
1242877155,5.4860952,3542.0033808,2392.717285668,3542.0033808,131.06370094202,2.1110448,139.0,18940.9531821993,6.12848651107
1242877158,5.4830472,3542.0070384,2392.717285668,3542.0070384,131.18027418111,2.1110448,139.0,18893.0759875556,6.01191327198
1242877161,5.4796944,3542.0100864,2392.717285668,3542.0100864,130.89088224905,2.1110448,140.0,19016.9403023274,6.30130520404
1242877164,5.4763416,3542.0131344,2392.717285668,3542.0131344,130.79971018268,2.1110448,139.0,18831.2989622088,6.39293086278
1242877167,5.4739032,3542.0155728,2392.717285668,3542.0155728,130.99021897808,2.1110448,139.0,18831.2989622088,6.20196847501
1242877170,5.4717696,3542.0180112,2392.717285668,3542.0180112,130.63369537526,2.1110448,138.0,18937.864330932,6.55849207783
1242877173,5.4693312,3542.0201448,2392.717285668,3542.0201448,130.83282242569,2.1110448,140.0,18903.8869669913,6.3593650274
1242877176,5.4671976,3542.0225832,2392.717285668,3542.0225832,131.29775460494,2.1110448,140.0,18903.8869669913,5.89443284815
1242877179,5.465064,3542.0247168,2392.717285668,3542.0247168,130.67315791145,2.1110448,141.0,18969.0631076836,6.51902954164
1242877182,5.4626256,3542.0271552,2392.717285668,3542.0271552,131.36670064518,2.1110448,141.0,18799.1762879799,5.82548680791
1242877185,5.4601872,3542.028984,2392.717285668,3542.028984,130.69402316047,2.1110448,141.0,18799.1762879799,6.49816429262
1242877188,5.4580536,3542.0314224,2392.717285668,3542.0314224,131.01834170502,2.1110448,140.0,18833.774180077,6.17384574807
1242877191,5.4556152,3542.0338608,2392.717285668,3542.0338608,130.81921465459,2.1110448,139.0,18891.228192601,6.37342639087
1242877194,5.4534816,3542.0362992,2392.717285668,3542.0362992,130.70672374683,2.1110448,139.0,18891.228192601,6.48546370626
1242877197,5.4510432,3542.0384328,2392.717285668,3542.0384328,131.52409719757,2.1110448,140.0,18877.9419952971,5.66809025552
1242877200,5.4486048,3542.0408712,2392.717285668,3542.0408712,130.73802162036,2.1110448,139.0,18711.4542909389,6.45416583273
1242877203,5.4464712,3542.0433096,2392.717285668,3542.0433096,131.16712000238,2.1110448,139.0,18711.4542909389,6.02506745071
1242877206,5.4440328,3542.0454432,2392.717285668,3542.0454432,130.6572821785,2.1110448,139.0,18743.2667010896,6.53535886696
1242877209,5.4440328,3542.0454432,2392.717285668,3542.0454432,130.78156648788,2.1110448,140.0,18882.2719028772,6.41062096521
1242877212,5.4443376,3542.0451384,2392.717285668,3542.0454432,131.01063063473,2.1110448,140.0,18882.2719028772,6.18201041073
1242877215,5.5327296,3541.940592,2392.717285668,3542.0454432,131.17483107267,2.1110448,141.0,18792.9985854452,6.01780997279
1242877218,5.7771792,3541.6933992,2392.717285668,3542.0454432,132.88079197624,2.1110448,141.0,18894.0067797902,4.31139547685
1242877221,5.9987688,3541.4913168,2392.717285668,3542.0454432,135.51208131461,2.1110448,141.0,18894.0067797902,1.68010613848
1242877224,6.0313824,3541.4526072,2392.717285668,3542.0454432,134.16581916045,2.1110448,140.0,18699.4091499478,3.02636829264
1242877227,6.0466224,3541.4425488,2392.717285668,3542.0454432,135.37645719598,2.1110448,139.0,18679.6418807883,1.81573025711
1242877230,6.0463176,3541.4431584,2392.717285668,3542.0454432,135.31340785655,2.1110448,139.0,18679.6418807883,1.87877959654
1242877233,6.0463176,3541.4431584,2392.717285668,3542.0454432,135.4018583687,2.1110448,139.0,18892.1520900783,1.79032908439
1242877236,6.0463176,3541.4431584,2392.717285668,3542.0454432,135.54655433473,2.1110448,139.0,18892.1520900783,1.64608671073
1242877239,6.0463176,3541.4431584,2392.717285668,3542.0454432,135.42680594905,2.1110448,139.0,18778.1748572649,1.76538150404
1242877242,6.044184,3541.4449872,2392.717285668,3542.0454432,135.76836100366,2.1110448,139.0,18909.4510361269,1.42382644943
1242877245,6.0420504,3541.4474256,2392.717285668,3542.0454432,136.14983218683,2.1110448,139.0,18909.4510361269,1.04235526626
1242877248,6.039612,3541.449864,2392.717285668,3542.0454432,136.34442331356,2.1110448,139.0,19016.9403023274,0.84776413953
1242877251,6.0374784,3541.4523024,2392.717285668,3542.0454432,136.58528086203,2.1110448,140.0,18828.8306390978,0.60690659106
1242877254,6.03504,3541.4541312,2392.717285668,3542.0454432,136.67554574366,2.1110448,140.0,18928.59777713,0.51664170943
1242877257,6.0329064,3541.4565696,2392.717285668,3542.0454432,136.7218121654,2.1110448,140.0,18928.59777713,0.47037528769
1242877263,6.0283344,3541.4614464,2392.717285668,3542.0454432,136.93817572589,2.1110448,139.0,18976.4749717737,0.2540117272
1242877266,6.0262008,3541.46358,2392.717285668,3542.0454432,136.93681494878,2.1110448,139.0,18976.4749717737,0.25582609668
1242877269,6.0237624,3541.4657136,2392.717285668,3542.0454432,136.81888093258,2.1110448,139.0,18854.1619773929,0.37330652051
1242877272,6.0216288,3541.4675424,2392.717285668,3542.0454432,136.9304646556,2.1110448,139.0,18931.3763643191,0.26172279749
1242877275,6.0194952,3541.4702856,2392.717285668,3542.0454432,136.91504251502,2.1110448,139.0,18931.3763643191,0.27714493807
1242877278,6.0170568,3541.4724192,2392.717285668,3542.0454432,137.02934779226,2.1110448,139.0,19054.9304150127,0.1632932532
1242877281,6.0146184,3541.4748576,2392.717285668,3542.0454432,137.05701692683,2.1110448,140.0,18968.4425795272,0.13517052626
1242877284,6.0124848,3541.477296,2392.717285668,3542.0454432,136.92955747086,2.1110448,140.0,18968.4425795272,0.26262998223
1242877287,6.0100464,3541.4794296,2392.717285668,3542.0454432,137.00712176613,2.1110448,139.0,19020.3394176729,0.18506568696
1242877290,6.007608,3541.4821728,2392.717285668,3542.0454432,137.05565614972,2.1110448,139.0,18940.3395488003,0.13653130337
1242877293,6.0051696,3541.4843064,2392.717285668,3542.0454432,136.90279552103,2.1110448,139.0,18940.3395488003,0.28984552443
1242877296,6.0027312,3541.4870496,2392.717285668,3542.0454432,137.05202741076,2.1110448,139.0,19038.5622611987,0.14016004233
1242877299,6.0005976,3541.4891832,2392.717285668,3542.0454432,137.1028297562,2.1110448,139.0,18942.497607833,0.08935769689
1242877302,5.9914536,3541.4992416,2392.717285668,3542.0454432,137.14410666187,2.1110448,139.0,18942.497607833,0.04808079122
1242877305,5.9746896,3541.5157008,2392.717285668,3542.0454432,137.00167865769,2.1110448,140.0,19028.9854433185,0.19096238777
1242877308,5.9579256,3541.5324648,2392.717285668,3542.0454432,137.0846860614,2.1110448,140.0,19043.1955380997,0.10750139169
1242877311,5.9414664,3541.5495336,2392.717285668,3542.0454432,137.12006626626,2.1110448,140.0,19043.1955380997,0.07212118683
1242877314,5.9247024,3541.5659928,2392.717285668,3542.0454432,137.22031018003,2.1110448,139.0,18992.2294921886,-0.02812272694
1242877317,5.9082432,3541.582452,2392.717285668,3542.0454432,137.17313657355,2.1110448,140.0,19054.3167816136,0.01905087954
1242877320,5.891784,3541.5989112,2392.717285668,3542.0454432,137.13503481447,2.1110448,140.0,19054.3167816136,0.05715263862
1242877323,5.87502,3541.61598,2392.717285668,3542.0454432,137.25342242304,2.1110448,139.0,18939.7190206439,-0.06123496995
1242877326,5.858256,3541.6321344,2392.717285668,3542.0454432,137.2842667042,2.1110448,139.0,18939.7190206439,-0.09207925111
1242877329,5.841492,3541.6492032,2392.717285668,3542.0454432,137.17903327436,2.1110448,139.0,19085.205294287,0.01315417873
1242877332,5.824728,3541.6659672,2392.717285668,3542.0454432,137.20035211575,2.1110448,140.0,19057.0953688028,-0.00816466266
1242877335,5.807964,3541.6824264,2392.717285668,3542.0454432,137.27564844917,2.1110448,140.0,19057.0953688028,-0.08346099608
1242877338,5.7915048,3541.6991904,2392.717285668,3542.0454432,137.20806318604,2.1110448,139.0,18909.1407720487,-0.01587573295
1242877341,5.7747408,3541.7156496,2392.717285668,3542.0454432,137.30558554559,2.1110448,139.0,19026.8273842858,-0.1133980925
1242877344,5.7582816,3541.7321088,2392.717285668,3542.0454432,137.25523679252,2.1110448,140.0,19086.7497199207,-0.06304933943
1242877347,5.7415176,3541.7491776,2392.717285668,3542.0454432,137.01029691272,2.1110448,140.0,19086.7497199207,0.18189054037
1242877350,5.7250584,3541.7656368,2392.717285668,3542.0454432,136.67509215129,2.1110448,139.0,19071.9190969831,0.51754889417
1242877353,5.7082944,3541.7824008,2392.717285668,3542.0454432,136.41745168513,2.1110448,139.0,19020.3394176729,0.77473576796
1242877356,5.6915304,3541.79886,2392.717285668,3542.0454432,136.15255374105,2.1110448,139.0,19020.3394176729,1.03963371204
1242877359,5.6747664,3541.8159288,2392.717285668,3542.0454432,135.63500484688,2.1110448,140.0,18956.397438536,1.55718260621
1242877362,5.6583072,3541.8326928,2392.717285668,3542.0454432,135.40594070003,2.1110448,139.0,19087.673617398,1.78624675306
1242877365,5.641848,3541.8488472,2392.717285668,3542.0454432,135.0435203964,2.1110448,139.0,19087.673617398,2.14866705669
1242877368,5.625084,3541.8656112,2392.717285668,3542.0454432,134.88975258297,2.1110448,139.0,18929.2183052864,2.30243487012
1242877371,5.60832,3541.8820704,2392.717285668,3542.0454432,134.47426197205,2.1110448,139.0,18913.1535207933,2.71792548104
1242877374,5.5918608,3541.8988344,2392.717285668,3542.0454432,134.17035508415,2.1110448,139.0,18913.1535207933,3.02183236894
1242877377,5.5750968,3541.9159032,2392.717285668,3542.0454432,133.97122803372,2.1110448,139.0,18957.9418641697,3.22095941937
1242877380,5.561076,3541.9296192,2392.717285668,3542.0454432,133.64328075021,2.1110448,140.0,18950.8402641577,3.54890670288
1242877383,5.5415688,3541.9488216,2392.717285668,3542.0454432,133.28267481606,2.1110448,140.0,18950.8402641577,3.90951263703
1242877386,5.5251096,3541.9652808,2392.717285668,3542.0454432,132.99555084585,2.1110448,139.0,18923.0406027517,4.19663660724
1242877389,5.5083456,3541.9823496,2392.717285668,3542.0454432,132.74879659657,2.1110448,139.0,18961.0376101943,4.44339085652
1242877392,5.4918864,3541.998504,2392.717285668,3542.0454432,132.4308283452,2.1110448,139.0,18961.0376101943,4.76135910789
1242877395,5.4751224,3542.015268,2392.717285668,3542.0454432,131.98449345312,2.1110448,139.0,18947.7514128904,5.20769399997
1242877398,5.4586632,3542.0323368,2392.717285668,3542.0454432,131.7322960954,2.1110448,140.0,18940.0292847221,5.45989135769
1242877401,5.4418992,3542.048796,2392.717285668,3542.048796,131.53815856104,2.1110448,140.0,18940.0292847221,5.65402889205
1242877404,5.42544,3542.0652552,2392.717285668,3542.0652552,131.31226956078,2.1110448,139.0,18880.1069490871,5.87991789231
1242877407,5.4089808,3542.0814096,2392.717285668,3542.0814096,131.22155108678,2.1110448,139.0,18880.1069490871,5.97063636631
1242877410,5.3931312,3542.0972592,2392.717285668,3542.0972592,130.74709346776,2.6999184,140.0,18920.5653848834,6.4455475777
1242877413,5.3775864,3542.1124992,2392.717285668,3542.1124992,130.53254427675,2.6999184,139.0,19004.2815279371,6.65964317634
1242877416,5.3623464,3542.1283488,2392.717285668,3542.1283488,130.33114926447,2.6999184,139.0,19004.2815279371,6.86103818862
1242877419,5.3468016,3542.1438936,2392.717285668,3542.1438936,130.23317331255,2.6999184,140.0,18956.0871744578,6.95901414054
1242877422,5.3318664,3542.158524,2392.717285668,3542.158524,129.95330682026,2.6999184,139.0,19007.6737485253,7.23888063283
1242877425,5.3166264,3542.173764,2392.717285668,3542.173764,129.6775226593,2.6999184,139.0,19007.6737485253,7.51466479379
1242877428,5.30352,3542.1871752,2392.717285668,3542.1871752,129.6321634223,2.6999184,140.0,18906.6724489377,7.56002403079
1242877431,5.2894992,3542.2015008,2392.717285668,3542.2015008,129.43076841002,2.6999184,140.0,18984.5073640203,7.76187263544
1242877434,5.276088,3542.2143024,2392.717285668,3542.2143024,129.25023864676,2.6999184,140.0,18911.6090951596,7.9424023987
1242877437,5.2629816,3542.227104,2392.717285668,3542.227104,129.12051122894,2.6999184,140.0,18911.6090951596,8.07167622415
1242877440,5.2523136,3542.2380768,2392.717285668,3542.2380768,129.01890653806,4.1486328,139.0,18885.6710182227,8.1737345074
1242877443,5.2413408,3542.2490496,2392.717285668,3542.2490496,128.85017017642,4.1486328,139.0,18885.6710182227,8.34247086904
1242877446,5.230368,3542.259108,2392.717285668,3542.259108,128.85017017642,4.1486328,140.0,18991.3055947114,8.34201727667
1242877449,5.2282344,3542.2612416,2392.717285668,3542.2612416,128.70955654172,4.1486328,139.0,19006.1293228917,8.48263091137
1242877452,5.225796,3542.26368,2392.717285668,3542.26368,128.67236196738,4.1486328,139.0,19013.5411869818,8.51982548571
1242877455,5.2236624,3542.2658136,2392.717285668,3542.2658136,129.09601724096,4.1486328,139.0,19013.5411869818,8.09617021213
1242877458,5.221224,3542.268252,2392.717285668,3542.268252,128.78757442936,4.1486328,141.0,18982.9629383866,8.40461302373
1242877461,5.2190904,3542.2703856,2392.717285668,3542.2703856,129.19988989369,4.1486328,141.0,19001.1857819125,7.9922975594
1242877464,5.216652,3542.2731288,2392.717285668,3542.2731288,129.22982699011,4.1486328,141.0,19001.1857819125,7.96236046298
1242877467,5.2145184,3542.2752624,2392.717285668,3542.2752624,129.03160712442,4.1486328,141.0,18838.4074569781,8.16058032867
1242877470,5.2123848,3542.277396,2392.717285668,3542.277396,129.86667067759,4.1486328,140.0,19032.0742945859,7.3255167755
1242877473,5.2102512,3542.2792248,2392.717285668,3542.2792248,129.13547977715,4.1486328,140.0,19032.0742945859,8.05670767594
1242877476,5.2078128,3542.2813584,2392.717285668,3542.2813584,129.61220535802,4.1486328,137.0,18769.2185675411,7.57998209507
1242877479,5.2056792,3542.2841016,2392.717285668,3542.2841016,129.04839004211,4.1486328,140.0,18840.2621466899,8.14379741098
1242877482,5.2035456,3542.2862352,2392.717285668,3542.2862352,129.29015477532,4.1486328,140.0,18840.2621466899,7.90203267777
1242877485,5.2026312,3542.2868448,2392.717285668,3542.2868448,129.61129817328,4.1486328,139.0,18875.4736721861,7.58088927981
1242877488,5.2026312,3542.2868448,2392.717285668,3542.2868448,129.02208168465,4.1486328,139.0,18954.2393795033,8.17010576844
1242877491,5.2465224,3542.2237512,2392.717285668,3542.2868448,129.47249890806,4.1486328,139.0,18766.1297162738,7.7201421374
1242877494,5.4553104,3542.01984,2392.717285668,3542.2868448,129.39584179753,4.1486328,139.0,18843.0338391218,7.79634565556
1242877497,5.55498,3541.9348008,2392.717285668,3542.2868448,136.07544303815,4.1486328,139.0,18843.0338391218,1.11674441494
1242877503,5.5113936,3541.9829592,2392.717285668,3542.2868448,136.45827499843,4.1486328,140.0,18633.3091117782,0.73391245466
1242877506,5.43306,3542.0612928,2392.717285668,3542.2868448,134.85936189418,4.1486328,140.0,18633.3091117782,2.33282555891
1242877509,5.3946552,3542.094516,2392.717285668,3542.2868448,132.48208428301,4.1486328,139.0,18664.5078885298,4.71010317008
1242877512,5.3952648,3542.0942112,2392.717285668,3542.2868448,132.36052152785,4.1486328,140.0,18790.8405264125,4.83166592524
1242877515,5.4105048,3542.0737896,2392.717285668,3542.2868448,132.32604850773,4.1486328,140.0,18776.0099034749,4.86613894536
1242877518,5.5394352,3541.9476024,2392.717285668,3542.2868448,132.21083604575,4.1486328,140.0,18776.0099034749,4.98135140734
1242877521,5.6400192,3541.8393984,2392.717285668,3542.2868448,134.69107912491,4.1486328,138.0,18832.8433878425,2.50110832818
1242877524,5.7723024,3541.7071152,2392.717285668,3542.2868448,134.8303319825,4.1486328,140.0,18953.9291154251,2.36185547059
1242877527,5.893308,3541.5864144,2392.717285668,3542.2868448,136.07498944578,4.1486328,140.0,18953.9291154251,1.11719800731
1242877530,5.9076336,3541.5815376,2392.717285668,3542.2868448,135.67356019833,4.1486328,139.0,18875.7839362643,1.51862725476
1242877533,5.8488072,3541.6455456,2392.717285668,3542.2868448,136.39658643611,4.1486328,139.0,18655.8549681268,0.79605460935
1242877536,5.782056,3541.7126016,2392.717285668,3542.2868448,136.62292902874,4.1486328,139.0,18655.8549681268,0.56925842435
1242877539,5.7107328,3541.7842296,2392.717285668,3542.2868448,136.90460989051,4.1486328,139.0,18893.0759875556,0.28757756258
1242877542,5.6397144,3541.855248,2392.717285668,3542.2868448,136.68643196054,4.1486328,140.0,18946.5172513349,0.50575549255
1242877545,5.5921656,3541.8970056,2392.717285668,3542.2868448,136.35077360674,4.1486328,140.0,18946.5172513349,0.84186743872
1242877548,5.5805832,3541.9113312,2392.717285668,3542.2868448,136.51678841416,4.1486328,140.0,18984.8176280985,0.6758526313
1242877551,5.5494936,3541.942116,2392.717285668,3542.2868448,136.92366077005,4.1486328,139.0,18828.5203750196,0.26852668304
1242877554,5.5190136,3541.972596,2392.717285668,3542.2868448,136.45600703658,4.1486328,139.0,18828.5203750196,0.73618041651
1242877557,5.507736,3541.98174,2392.717285668,3542.2868448,135.16644392867,4.1486328,139.0,19100.9598147019,2.02574352442
1242877560,5.4870096,3542.0049048,2392.717285668,3542.2868448,135.81734897962,4.1486328,139.0,18927.3636155745,1.37483847347
1242877563,5.4607968,3542.0311176,2392.717285668,3542.2868448,134.90381394644,4.1486328,139.0,18927.3636155745,2.28882709902
1242877566,5.4290976,3542.062512,2392.717285668,3542.2868448,134.63120493207,4.1486328,139.0,19070.0644072712,2.56098252102
1242877569,5.411724,3542.077752,2392.717285668,3542.2868448,133.39788727804,4.1486328,140.0,18868.6754414951,3.79430017505
1242877572,5.4120288,3542.0774472,2392.717285668,3542.2868448,133.04000289811,4.1486328,140.0,18868.6754414951,4.15218455498
1242877575,5.408676,3542.0820192,2392.717285668,3542.2868448,133.1611120609,4.1486328,140.0,19096.0162737227,4.03107539219
1242877578,5.4047136,3542.0847624,2392.717285668,3542.2868448,133.40922708729,4.1486328,139.0,18980.8048793539,3.7829603658
1242877581,5.4037992,3542.0859816,2392.717285668,3542.2868448,133.53396498904,4.1486328,139.0,18980.8048793539,3.65822246405
1242877584,5.4013608,3542.0881152,2392.717285668,3542.2868448,133.59973588269,4.1486328,138.0,18938.1745950102,3.5924515704
1242877587,5.3989224,3542.0908584,2392.717285668,3542.2868448,133.65416696709,4.1486328,138.0,18938.1745950102,3.538020486
1242877590,5.396484,3542.092992,2392.717285668,3542.2868448,133.60835413772,4.1486328,139.0,18999.951620357,3.58428690774
1242877593,5.3940456,3542.0954304,2392.717285668,3542.2868448,133.42011330417,4.1486328,139.0,18936.3199052983,3.77252774129
1242877596,5.391912,3542.0978688,2392.717285668,3542.2868448,133.64690948917,4.1486328,139.0,18936.3199052983,3.54527796392
1242877599,5.3894736,3542.1000024,2392.717285668,3542.2868448,133.69090794906,4.1486328,139.0,19025.8965920512,3.50127950403
1242877602,5.38734,3542.102136,2392.717285668,3542.2868448,133.54847994488,4.1486328,140.0,18816.1649699503,3.64370750821
1242877605,5.3849016,3542.1042696,2392.717285668,3542.2868448,133.52942906534,4.1486328,139.0,18987.2928459667,3.66275838775
1242877608,5.382768,3542.1070128,2392.717285668,3542.2868448,133.54621198303,4.1486328,139.0,18987.2928459667,3.64597547006
1242877611,5.3803296,3542.1091464,2392.717285668,3542.2868448,133.41603097284,4.1486328,140.0,18866.8276465405,3.77615648025
1242877614,5.378196,3542.1115848,2392.717285668,3542.2868448,133.39199057723,4.1486328,139.0,18958.2521282479,3.80019687586
1242877617,5.3757576,3542.1137184,2392.717285668,3542.2868448,133.4514111777,4.1486328,139.0,18958.2521282479,3.74077627539
1242877620,5.373624,3542.115852,2392.717285668,3542.2868448,133.39561931619,4.1486328,140.0,18901.4186438803,3.79702172927
1242877629,5.3666136,3542.1231672,2392.717285668,3542.2868448,133.22960450877,4.1486328,139.0,18956.0940692151,3.96303653669
1242877632,5.3641752,3542.1253008,2392.717285668,3542.2868448,133.33211638439,4.1486328,140.0,18903.5835976704,3.8600710687
1242877635,5.3617368,3542.1274344,2392.717285668,3542.2868448,133.29083947872,4.1486328,140.0,18903.5835976704,3.90134797437
1242877638,5.3596032,3542.1298728,2392.717285668,3542.2868448,133.14886506691,4.1486328,139.0,19076.5523738841,4.04332238618
1242877641,5.3571648,3542.1323112,2392.717285668,3542.2868448,133.27088141444,4.1486328,139.0,18893.3862516338,3.92175963102
1242877644,5.3550312,3542.1344448,2392.717285668,3542.2868448,133.17789497859,4.1486328,139.0,18893.3862516338,4.0142924745
1242877647,5.3525928,3542.137188,2392.717285668,3542.2868448,133.07991902667,4.1486328,139.0,18914.697946427,4.11226842642
1242877650,5.3464968,3542.1435888,2392.717285668,3542.2868448,133.4060519407,4.1486328,139.0,18890.2974003664,3.78613551239
1242877653,5.3382672,3542.1515136,2392.717285668,3542.2868448,133.14931865928,4.1486328,139.0,18890.2974003664,4.04286879381
1242877656,5.3297328,3542.160048,2392.717285668,3542.2868448,132.80095971912,4.1486328,139.0,19038.2519971205,4.39122773397
1242877659,5.3215032,3542.1685824,2392.717285668,3542.2868448,132.76240436767,4.1486328,140.0,18861.8841055613,4.42978308542
1242877662,5.3132736,3542.176812,2392.717285668,3542.2868448,132.58686412048,4.1486328,140.0,18861.8841055613,4.60577692498
1242877665,5.3047392,3542.1853464,2392.717285668,3542.2868448,132.49160972278,4.1486328,139.0,18903.5835976704,4.70057773031
1242877668,5.2965096,3542.1932712,2392.717285668,3542.2868448,132.52562915053,4.1486328,140.0,18887.2085490991,4.66655830256
1242877671,5.2888896,3542.2008912,2392.717285668,3542.2868448,132.26209198356,4.1486328,140.0,18887.2085490991,4.93009546953
1242877674,5.2840128,3542.205768,2392.717285668,3542.2868448,132.31606947559,4.1486328,139.0,18921.496177118,4.8761179775
1242877677,5.2788312,3542.2109496,2392.717285668,3542.2868448,132.16502321638,4.1486328,139.0,18921.496177118,5.02716423671
1242877680,5.2739544,3542.2155216,2392.717285668,3542.2868448,131.97133927439,4.1486328,139.0,18991.6158587895,5.2208481787
1242877683,5.2702968,3542.219484,2392.717285668,3542.2868448,131.96589616595,4.1486328,140.0,18889.3666081319,5.22629128714
1242877686,5.2660296,3542.2237512,2392.717285668,3542.2868448,132.01306977243,4.1486328,140.0,18889.3666081319,5.17911768066
1242877689,5.262372,3542.2274088,2392.717285668,3542.2868448,131.69918385239,4.1486328,139.0,18988.2098486867,5.4930036007
1242877692,5.2578,3542.2322856,2392.717285668,3542.2868448,131.79398465772,4.1486328,139.0,18818.9504518967,5.39820279537
1242877695,5.253228,3542.2368576,2392.717285668,3542.2868448,131.75361493679,4.1486328,140.0,18945.5864591004,5.4385725163
1242877698,5.2483512,3542.2411248,2392.717285668,3542.2868448,131.83752952524,4.1486328,140.0,18945.5864591004,5.35465792785
1242877701,5.2446936,3542.245392,2392.717285668,3542.2868448,131.59440401492,4.1486328,140.0,18859.408887693,5.59778343817
1242877704,5.2401216,3542.2496592,2392.717285668,3542.2868448,131.46376941236,4.1486328,139.0,19007.0532203689,5.72841804073
1242877707,5.2361592,3542.2533168,2392.717285668,3542.2868448,131.53815856104,4.1486328,139.0,19007.0532203689,5.65448248442
1242877710,5.233416,3542.2563648,2392.717285668,3542.2868448,131.31136237604,4.1486328,139.0,18849.5287004919,5.88082507705
1242877713,5.2294536,3542.2600224,2392.717285668,3542.2868448,131.35218568934,4.1486328,139.0,18967.2084179717,5.84045535612
1242877716,5.2254912,3542.2639848,2392.717285668,3542.2868448,131.39799851871,4.1486328,139.0,18967.2084179717,5.79418893438
1242877719,5.2221384,3542.2676424,2392.717285668,3542.2868448,131.16258407868,4.1486328,140.0,18844.2748954345,6.02960337441
1242877722,5.2187856,3542.2706904,2392.717285668,3542.2868448,131.08184463682,4.1486328,139.0,18998.0969306451,6.11034281627
1242877725,5.2160424,3542.2737384,2392.717285668,3542.2868448,131.38121560102,4.1486328,139.0,18998.0969306451,5.81097185207
1242877728,5.2129944,3542.2767864,2392.717285668,3542.2868448,131.03194947612,4.1486328,140.0,18853.5414492366,6.16023797697
1242877731,5.2096416,3542.280444,2392.717285668,3542.2868448,131.31544470737,4.1486328,140.0,18898.329792613,5.87674274572
1242877734,5.205984,3542.2837968,2392.717285668,3542.2868448,131.29820819731,4.1486328,140.0,18898.329792613,5.89443284815
1242877737,5.2026312,3542.2868448,2392.717285668,3542.2868448,131.37305093836,4.1486328,139.0,18960.1068179598,5.81913651473
1242877740,5.1995832,3542.2901976,2392.717285668,3542.2901976,131.37305093836,4.1486328,141.0,18889.9871362882,5.81913651473
1242877746,5.1950112,3542.2944648,2392.717285668,3542.2944648,131.20794331568,4.1486328,139.0,18938.7951231666,5.98424413741
1242877749,5.1925728,3542.2969032,2392.717285668,3542.2969032,131.38212278576,4.1486328,138.0,18966.5878898153,5.81006466733
1242877752,5.1901344,3542.2993416,2392.717285668,3542.2993416,131.11042095613,4.1486328,138.0,18966.5878898153,6.08176649696
1242877755,5.1858672,3542.3036088,2392.717285668,3542.3036088,131.30546567523,4.1486328,139.0,18861.5738414831,5.88672177786
1242877758,5.1834288,3542.3060472,2392.717285668,3542.3060472,131.1516978618,4.1486328,139.0,18861.5738414831,6.04048959129
1242877761,5.1803808,3542.3094,2392.717285668,3542.3094,131.08501978341,4.1486328,139.0,18896.7853669793,6.10716766968
1242877764,5.1764184,3542.3133624,2392.717285668,3542.3133624,131.11949280353,4.1486328,139.0,18990.685066555,6.07269464956
1242877767,5.1742848,3542.315496,2392.717285668,3542.315496,131.12039998827,4.1486328,139.0,18990.685066555,6.07178746482
1242877770,5.1715416,3542.3179344,2392.717285668,3542.3179344,131.15441941602,4.1486328,140.0,19076.2490045632,6.03776803707
1242877773,5.1697128,3542.3197632,2392.717285668,3542.3197632,131.23878759684,4.1486328,139.0,18933.231054031,5.95339985625
1242877776,5.1666648,3542.323116,2392.717285668,3542.323116,131.05326831751,4.1486328,140.0,18980.8048793539,6.13937272795
1242877779,5.1636168,3542.326164,2392.717285668,3542.326164,131.52455078994,4.1486328,140.0,18980.8048793539,5.66763666315
1242877782,5.1608736,3542.3286024,2392.717285668,3542.3286024,131.29730101257,4.1486328,139.0,19024.9726945739,5.89488644052
1242877785,5.157216,3542.3319552,2392.717285668,3542.3319552,131.09046289185,4.1486328,139.0,18893.0759875556,6.10217815361
1242877788,5.1538632,3542.3362224,2392.717285668,3542.3362224,131.41432784403,4.1486328,139.0,18893.0759875556,5.77831320143
1242877791,5.15112,3542.338356,2392.717285668,3542.338356,131.03603180745,4.1486328,140.0,18981.4185127529,6.15615564564
1242877794,5.148072,3542.341404,2392.717285668,3542.341404,131.24014837395,4.1486328,140.0,19070.0713020285,5.95203907914
1242877797,5.1456336,3542.3438424,2392.717285668,3542.3438424,131.16349126342,4.1486328,140.0,19070.0713020285,6.02869618967
1242877800,5.1435,3542.3462808,2392.717285668,3542.3462808,130.97298246802,4.1486328,140.0,18912.229623316,6.21920498507
1242877803,5.1407568,3542.3493288,2392.717285668,3542.3493288,131.76722270789,4.1486328,140.0,18912.229623316,5.4249647452
1242877806,5.137404,3542.3523768,2392.717285668,3542.3523768,131.00518752629,4.1486328,140.0,18931.9968924755,6.1869999268
1242877809,5.1346608,3542.3548152,2392.717285668,3542.3548152,131.58760012937,4.1486328,139.0,18846.1295851464,5.60458732372
1242877812,5.1331368,3542.356644,2392.717285668,3542.356644,130.87228496188,4.1486328,139.0,18846.1295851464,6.32035608358
1242877815,5.1303936,3542.3590824,2392.717285668,3542.3590824,130.92716963865,4.1486328,139.0,18784.9661931987,6.26501781444
1242877818,5.1300888,3542.3593872,2392.717285668,3542.3593872,131.55675584821,4.1486328,139.0,18877.0180978198,5.63543160488
1242877821,5.1300888,3542.3593872,2392.717285668,3542.3593872,130.74981502198,4.1486328,138.0,18893.696515712,6.44237243111
1242877824,5.1300888,3542.3593872,2392.717285668,3542.3593872,131.34901054275,4.1486328,138.0,18893.696515712,5.84363050271
1242877827,5.1300888,3542.3593872,2392.717285668,3542.3593872,130.71760996371,4.1486328,139.0,18764.8955547183,6.47457748938
1242877830,5.1300888,3542.3593872,2392.717285668,3542.3593872,131.06506171913,4.1486328,139.0,18948.6753103677,6.12712573396
1242877833,5.1300888,3542.3593872,2392.717285668,3542.3593872,131.57762109723,4.1486328,139.0,18948.6753103677,5.61456635586
1242877836,5.1300888,3542.3593872,2392.717285668,3542.3593872,130.91809779125,4.1486328,140.0,18753.4640471262,6.27408966184
1242877839,5.1300888,3542.3593872,2392.717285668,3542.3593872,131.55947740243,4.1486328,140.0,18845.8193210682,5.63271005066
1242877842,5.1300888,3542.3593872,2392.717285668,3542.3593872,130.91038672096,4.1486328,140.0,18845.8193210682,6.28180073213
1242877845,5.1300888,3542.3593872,2392.717285668,3542.3593872,131.27189983985,4.1486328,140.0,18916.5526361388,5.92028761324
1242877848,5.1300888,3542.3593872,2392.717285668,3542.3593872,131.48917058508,4.1486328,140.0,18916.5526361388,5.70347046038
1242877851,5.1300888,3542.3593872,2392.717285668,3542.3593872,130.997476456,4.1486328,140.0,18813.3863827611,6.19471099709
1242877854,5.1300888,3542.3593872,2392.717285668,3542.3593872,131.64928869169,4.1486328,141.0,18773.2313162857,5.5428987614
1242877857,5.1300888,3542.3593872,2392.717285668,3542.3593872,130.9385094479,4.1486328,141.0,18773.2313162857,6.25367800519
1242877860,5.1300888,3542.3593872,2392.717285668,3542.3593872,131.15714097024,4.1486328,140.0,18758.0973240272,6.03504648285
1242877863,5.1300888,3542.3593872,2392.717285668,3542.3593872,131.6415776214,4.1486328,140.0,18812.4624852839,5.55060983169
1242877866,5.1300888,3542.3593872,2392.717285668,3542.3593872,131.03875336167,4.1486328,140.0,18812.4624852839,6.15343409142
1242877869,5.1300888,3542.3593872,2392.717285668,3542.3593872,131.70371977609,4.1486328,139.0,18798.8660239017,5.48892126937
1242877872,5.1300888,3542.3593872,2392.717285668,3542.3593872,131.26827110089,4.1486328,138.0,18777.8645931867,5.9239163522
1242877875,5.1300888,3542.3593872,2392.717285668,3542.3593872,131.44426494045,4.1486328,138.0,18777.8645931867,5.74792251264
1242877878,5.1300888,3542.3593872,2392.717285668,3542.3593872,131.61935159527,4.1486328,139.0,18777.8645931867,5.57283585782
1242877881,5.1300888,3542.3593872,2392.717285668,3542.3593872,131.23107652655,4.1486328,140.0,18854.4653467138,5.96111092654
1242877884,5.1300888,3542.3593872,2392.717285668,3542.3593872,131.83435437865,4.1486328,141.0,18717.9422575518,5.35783307444
1242877887,5.1300888,3542.3593872,2392.717285668,3542.3593872,131.2877755728,4.1486328,141.0,18717.9422575518,5.90441188029
1242877890,5.1300888,3542.3593872,2392.717285668,3542.3593872,131.62751625793,4.1486328,140.0,18816.1649699503,5.56467119516
1242877893,5.1300888,3542.3593872,2392.717285668,3542.3593872,131.75542930627,4.1486328,139.0,18907.9066104932,5.43721173919
1242877896,5.1300888,3542.3593872,2392.717285668,3542.3593872,131.36307190622,4.1486328,139.0,18907.9066104932,5.82911554687
1242877899,5.1300888,3542.3593872,2392.717285668,3542.3593872,131.93369110768,4.1486328,139.0,18879.4864209307,5.25894993778
1242877902,5.1300888,3542.3593872,2392.717285668,3542.3593872,131.42884279987,4.1486328,137.0,18784.973087956,5.76334465322
1242877905,5.1300888,3542.3593872,2392.717285668,3542.3593872,131.65654616961,4.1486328,137.0,18784.973087956,5.53564128348
1242877908,5.1300888,3542.3593872,2392.717285668,3542.3593872,131.84478700316,4.1486328,139.0,18922.1098105171,5.34740044993
1242877911,5.1300888,3542.3593872,2392.717285668,3542.3593872,131.3875658942,4.1486328,139.0,18721.0311088191,5.80507515126
1242877914,5.1300888,3542.3593872,2392.717285668,3542.3593872,132.04300686885,4.1486328,139.0,18721.0311088191,5.14918058424
1242877917,5.1300888,3542.3593872,2392.717285668,3542.3593872,131.58034265145,4.1486328,139.0,18948.3719410468,5.61184480164
1242877920,5.1300888,3542.3593872,2392.717285668,3542.3593872,131.83254000917,4.1486328,139.0,18828.2101109415,5.35964744392
1242877923,5.1300888,3542.3593872,2392.717285668,3542.3593872,131.78128407136,4.1486328,139.0,18828.2101109415,5.41090338173
1242877926,5.1300888,3542.3593872,2392.717285668,3542.3593872,131.8638378827,4.1486328,141.0,18979.5638230411,5.32834957039
1242877929,5.1300888,3542.3593872,2392.717285668,3542.3593872,132.2357836261,4.1486328,140.0,18865.5865902277,4.95640382699
1242877932,5.1300888,3542.3593872,2392.717285668,3542.3593872,131.72639939459,4.1486328,140.0,18865.5865902277,5.4657880585
1242877935,5.1300888,3542.3593872,2392.717285668,3542.3593872,132.15096185291,4.1486328,141.0,18759.9520137391,5.04122560018
1242877938,5.1300888,3542.3593872,2392.717285668,3542.3593872,131.99129733867,4.1486328,141.0,18759.9520137391,5.20089011442
1242877941,5.1300888,3542.3593872,2392.717285668,3542.3593872,131.78990232639,4.1486328,141.0,18847.0534826237,5.4022851267
1242877944,5.1300888,3542.3593872,2392.717285668,3542.3593872,132.3491817186,4.1486328,140.0,18780.3329162977,4.84345932686
1242877947,5.1300888,3542.3593872,2392.717285668,3542.3593872,131.75542930627,4.1486328,140.0,18863.7387952732,5.43675814682
1242877950,5.1300888,3542.3593872,2392.717285668,3542.3593872,132.0634185255,4.1486328,140.0,18863.7387952732,5.12876892759
1242877953,5.1300888,3542.3593872,2392.717285668,3542.3593872,131.98766859971,4.1486328,138.0,18820.7982468513,5.20451885338
1242877956,5.1300888,3542.3593872,2392.717285668,3542.3593872,131.81983942281,4.1486328,139.0,19003.3507357025,5.37234803028
1242877959,5.1300888,3542.3593872,2392.717285668,3542.3593872,132.53152585134,4.1486328,139.0,19003.3507357025,4.66066160175
1242877962,5.1300888,3542.3593872,2392.717285668,3542.3593872,131.94140217797,4.1486328,140.0,18838.0971928999,5.25078527512
1242877965,5.1300888,3542.3593872,2392.717285668,3542.3593872,132.14642592921,4.1486328,140.0,18878.5625234535,5.04576152388
1242877968,5.1300888,3542.3593872,2392.717285668,3542.359692,132.23306207188,4.1486328,140.0,18878.5625234535,4.95912538121
1242877971,5.1294792,3542.359692,2392.717285668,3542.359692,131.99719403948,4.1486328,140.0,18766.439980352,5.19499341361
1242877974,5.1294792,3542.359692,2392.717285668,3542.359692,132.50431030914,4.1486328,140.0,18854.775610792,4.68833073632
1242877977,5.1294792,3542.359692,2392.717285668,3542.359692,131.94684528641,4.1486328,140.0,18854.775610792,5.24534216668
1242877980,5.1294792,3542.359692,2392.717285668,3542.359692,132.24394828876,4.1486328,140.0,18790.5302623343,4.94823916433
1242877989,5.1294792,3542.359692,2392.717285668,3542.359692,132.69209755032,4.1486328,140.0,18830.3750647315,4.50008990277
1242877992,5.1294792,3542.359692,2392.717285668,3542.359692,132.06205774839,4.1486328,140.0,18830.3750647315,5.1301297047
1242877995,5.1294792,3542.359692,2392.717285668,3542.359692,132.539690514,4.1486328,139.0,18907.596346415,4.65249693909
1242877998,5.1294792,3542.359692,2392.717285668,3542.359692,132.0679544492,4.1486328,138.0,18832.2297544434,5.12423300389
1242878001,5.1294792,3542.359692,2392.717285668,3542.359692,132.14143641314,4.1486328,139.0,18816.7854981067,5.05075103995
1242878004,5.1294792,3542.359692,2392.717285668,3542.359692,132.71386998408,4.1486328,139.0,18816.7854981067,4.47831746901
1242878007,5.1294792,3542.359692,2392.717285668,3542.359692,132.08337658978,4.1486328,140.0,18847.977380101,5.10881086331
1242878010,5.1294792,3542.359692,2392.717285668,3542.359692,132.23986595743,4.1486328,140.0,18820.4879827731,4.95232149566
1242878013,5.1294792,3542.359692,2392.717285668,3542.359692,132.55420546984,4.1486328,140.0,18820.4879827731,4.63798198325
1242878016,5.1291744,3542.3599968,2392.717285668,3542.3599968,132.27116383096,4.1486328,140.0,18835.6288697889,4.92102362213
1242878019,5.1291744,3542.3599968,2392.717285668,3542.3599968,132.7347352331,4.1486328,140.0,18835.6288697889,4.45790581236
1242878022,5.1291744,3542.3599968,2392.717285668,3542.3599968,132.25165935905,4.1486328,139.0,18876.0942003425,4.94052809404
1242878025,5.1291744,3542.3599968,2392.717285668,3542.3599968,132.50657827099,4.1486328,141.0,18897.7161592139,4.6856091821
1242878028,5.1291744,3542.3599968,2392.717285668,3542.3599968,132.62768743378,4.1486328,141.0,18897.7161592139,4.56450001931
1242878031,5.1291744,3542.3599968,2392.717285668,3542.3599968,132.4081487267,4.1486328,140.0,18735.2412036004,4.78403872639
1242878034,5.1291744,3542.3599968,2392.717285668,3542.3599968,132.78190883958,4.1486328,139.0,18841.1860441672,4.41027861351
1242878037,5.1291744,3542.3599968,2392.717285668,3542.3599968,132.29611141131,4.1486328,139.0,18805.974518671,4.89607604178
1242878040,5.1291744,3542.3599968,2392.717285668,3542.3599968,132.55692702406,4.1486328,139.0,18805.974518671,4.63526042903
1242878043,5.1291744,3542.3606064,2392.717285668,3542.3606064,132.8934925626,4.1486328,140.0,18850.1492286483,4.29869489049
1242878046,5.1288696,3542.3606064,2392.717285668,3542.3606064,132.45577592555,4.1486328,140.0,18850.1492286483,4.73641152754
1242878049,5.1288696,3542.3606064,2392.717285668,3542.3606064,132.99736521533,4.1486328,139.0,18852.3072876811,4.19482223776
1242878052,5.1288696,3542.3606064,2392.717285668,3542.3606064,132.46303340347,4.1486328,139.0,18848.5979082574,4.72915404962
1242878055,5.1288696,3542.3606064,2392.717285668,3542.3606064,132.77828010062,4.1486328,139.0,18848.5979082574,4.41390735247
1242878058,5.1288696,3542.3606064,2392.717285668,3542.3606064,132.7120556146,4.1486328,139.0,18927.3636155745,4.48013183849
1242878061,5.1288696,3542.3606064,2392.717285668,3542.3606064,132.4671157348,4.1486328,141.0,18814.3171749957,4.72507171829
1242878064,5.1288696,3542.3606064,2392.717285668,3542.3606064,132.93703743012,4.1486328,141.0,18818.0196596622,4.25515002297
1242878067,5.1288696,3542.3606064,2392.717285668,3542.3606064,132.64991345991,4.1486328,141.0,18818.0196596622,4.54272758555
1242878070,5.1288696,3542.3606064,2392.717285668,3542.3606064,132.50929982521,4.1486328,140.0,18792.3849520462,4.68288762788
1242878073,5.1285648,3542.3609112,2392.717285668,3542.3609112,133.04907474551,4.1486328,142.0,18881.6513747208,4.14311270758
1242878076,5.1285648,3542.3609112,2392.717285668,3542.3609112,132.61952277112,4.1486328,142.0,18881.6513747208,4.57311827434
1242878079,5.1285648,3542.3609112,2392.717285668,3542.3609112,132.94384131567,4.1486328,139.0,18877.6386259762,4.24834613742
1242878082,5.2507896,3542.214912,2392.717285668,3542.3609112,129.8952469969,4.1486328,140.0,18931.3763643191,7.29739404856
1242878085,5.5604664,3541.9058448,2392.717285668,3542.3609112,135.66675631278,4.1486328,140.0,18931.3763643191,1.52588473268
1242878088,5.8692288,3541.5967776,2392.717285668,3542.3609112,136.26595183355,4.1486328,139.0,18826.0520519087,0.92623561954
1242878091,5.9737752,3541.5370368,2392.717285668,3542.3609112,137.19989852338,4.1486328,139.0,18771.3835213312,-0.00771107029
1242878094,5.7506616,3541.7549688,2392.717285668,3542.3609112,135.35060243089,4.1486328,139.0,18771.3835213312,1.8415850222
1242878097,5.5433976,3541.9613184,2392.717285668,3542.3609112,135.73025924458,4.1486328,139.0,18777.871487944,1.46192820851
1242878100,5.49402,3541.995456,2392.717285668,3542.3609112,136.56078687405,4.1486328,139.0,18848.2876441792,0.63140057904
1242878106,5.3916072,3542.0978688,2392.717285668,3542.3609112,136.12851334544,4.1486328,139.0,18929.5285693646,1.06367410765
1242878109,5.3928264,3542.0966496,2392.717285668,3542.3609112,136.19337705435,4.1486328,139.0,18929.5285693646,0.99881039874
1242878112,5.3928264,3542.0966496,2392.717285668,3542.3609112,136.09404032532,4.1486328,140.0,18816.1649699503,1.09814712777
1242878115,5.3928264,3542.0966496,2392.717285668,3542.3609112,136.14030674706,4.1486328,139.0,19070.3746713494,1.05188070603
1242878118,5.3714904,3542.117376,2392.717285668,3542.3609112,135.22858608336,4.1486328,139.0,19070.3746713494,1.96360136973
1242878121,5.327904,3542.161572,2392.717285668,3542.3609112,135.01766563131,4.1486328,139.0,19064.5072328929,2.17452182178
1242878124,5.3282088,3542.1612672,2392.717285668,3542.3609112,134.77726167521,4.1486328,140.0,19076.8626379623,2.41492577788
1242878127,5.3288184,3542.1606576,2392.717285668,3542.3609112,135.03354136426,4.1486328,139.0,18949.9163666805,2.15864608883
1242878130,5.3288184,3542.1606576,2392.717285668,3542.3609112,135.12108469167,4.1486328,139.0,18949.9163666805,2.07110276142
1242878133,5.3288184,3542.1606576,2392.717285668,3542.3609112,135.02356233212,4.1486328,140.0,19105.2828275247,2.16862512097
1242878136,5.3288184,3542.1606576,2392.717285668,3542.3609112,135.05622098276,4.1486328,140.0,18952.6949538696,2.13596647033
1242878139,5.3288184,3542.1606576,2392.717285668,3542.3609112,135.1795981074,4.1486328,140.0,18952.6949538696,2.01304293806
1242878142,5.3288184,3542.1606576,2392.717285668,3542.3609112,134.99861475177,4.1486328,140.0,19004.584897258,2.19357270132
1242878145,5.3266848,3542.1634008,2392.717285668,3542.3609112,135.17460859133,4.1486328,141.0,18918.4073258507,2.01757886176
1242878148,5.3181504,3542.1719352,2392.717285668,3542.3609112,136.40202954455,4.1486328,141.0,18918.4073258507,0.79061150091
1242878151,5.309616,3542.1801648,2392.717285668,3542.3609112,136.31539340188,4.1486328,140.0,18994.3944459787,0.87724764358
1242878154,5.3013864,3542.1886992,2392.717285668,3542.3609112,136.24916891586,4.1486328,140.0,18839.9518826117,0.9434721296
1242878157,5.2937664,3542.1963192,2392.717285668,3542.3609112,136.11173042775,4.1486328,140.0,18839.9518826117,1.08045702534
1242878160,5.2870608,3542.20272,2392.717285668,3542.3609112,136.19700579331,4.1486328,139.0,18910.9954617605,0.99518165978
1242878163,5.28066,3542.2094256,2392.717285668,3542.3609112,136.11671994382,4.1486328,139.0,18962.8854051489,1.07546750927
1242878166,5.2751736,3542.2146072,2392.717285668,3542.3609112,135.67446738307,4.1486328,139.0,18962.8854051489,1.51772007002
1242878169,5.2690776,3542.2207032,2392.717285668,3542.3609112,135.79920528482,4.1486328,140.0,19007.9840126035,1.39298216827
1242878172,5.2629816,3542.2267992,2392.717285668,3542.3609112,135.64634465613,4.1486328,139.0,18851.0662313683,1.54584279696
1242878175,5.2574952,3542.2322856,2392.717285668,3542.3609112,135.37146767991,4.1486328,139.0,18851.0662313683,1.82071977318
1242878178,5.2523136,3542.2374672,2392.717285668,3542.3609112,135.27213095088,4.1486328,140.0,18919.6414874062,1.92005650221
1242878181,5.2474368,3542.242344,2392.717285668,3542.3609112,135.30342882441,4.1486328,141.0,18991.9192281104,1.88875862868
1242878184,5.2419504,3542.2478304,2392.717285668,3542.3609112,135.14240353306,4.1486328,141.0,18991.9192281104,2.04978392003
1242878187,5.2370736,3542.2527072,2392.717285668,3542.3609112,134.92830793442,4.1486328,140.0,18876.7078337416,2.26387951867
1242878190,5.2325016,3542.257584,2392.717285668,3542.3609112,134.77771526758,4.1486328,138.0,18895.861469502,2.41447218551
1242878193,5.2279296,3542.262156,2392.717285668,3542.3609112,134.7441494322,4.1486328,138.0,18895.861469502,2.44803802089
1242878196,5.2233576,3542.2664232,2392.717285668,3542.3609112,134.75730361093,4.1486328,140.0,18942.497607833,2.43488384216
1242878199,5.2197,3542.269776,2392.717285668,3542.3609112,134.41484137158,4.1486328,140.0,18942.497607833,2.77734608151
1242878202,5.2163472,3542.2731288,2392.717285668,3542.3609112,134.41257340973,4.1486328,140.0,18873.6189824743,2.78006763573
1242878205,5.2132992,3542.2764816,2392.717285668,3542.3609112,134.47743711864,4.1486328,140.0,18922.7303386735,2.71475033445
1242878208,5.2102512,3542.27892,2392.717285668,3542.3609112,134.30688638752,4.1486328,139.0,18879.4864209307,2.88575465794
1242878211,5.2084224,3542.2813584,2392.717285668,3542.3609112,134.32004056625,4.1486328,139.0,18879.4864209307,2.87214688684
1242878214,5.2050696,3542.2844064,2392.717285668,3542.3609112,134.34317377712,4.1486328,140.0,18944.3522975449,2.84901367597
1242878217,5.2020216,3542.2877592,2392.717285668,3542.3609112,134.24882656416,4.1486328,140.0,18878.2522593753,2.94336088893
1242878220,5.2001928,3542.289588,2392.717285668,3542.3609112,134.08371894148,4.1486328,140.0,18878.2522593753,3.10846851161
1242878232,5.1925728,3542.2969032,2392.717285668,3542.3609112,134.04425640529,4.1486328,139.0,18995.318343456,3.1479310478
1242878235,5.1910488,3542.298732,2392.717285668,3542.3609112,133.93403345938,4.1486328,139.0,18995.318343456,3.25815399371
1242878238,5.1889152,3542.3008656,2392.717285668,3542.3609112,133.98392862008,4.1486328,139.0,18853.5414492366,3.20825883301
1242878241,5.1870864,3542.3026944,2392.717285668,3542.3609112,134.04470999766,4.1486328,140.0,18881.6513747208,3.14747745543
1242878244,5.1849528,3542.3045232,2392.717285668,3542.3609112,133.98982532089,4.1486328,140.0,18881.6513747208,3.2023621322
1242878247,5.1825144,3542.3069616,2392.717285668,3542.3609112,133.81065633474,4.1486328,140.0,18840.5724107681,3.38153111835
1242878250,5.1806856,3542.3087904,2392.717285668,3542.3609112,133.77663690699,4.1486328,139.0,18976.1647076956,3.4155505461
1242878253,5.1791616,3542.3106192,2392.717285668,3542.3609112,133.82244973636,4.1486328,140.0,18880.4172131653,3.36973771673
1242878256,5.1773328,3542.3121432,2392.717285668,3542.3609112,133.80748118815,4.1486328,140.0,18880.4172131653,3.38470626494
1242878259,5.175504,3542.313972,2392.717285668,3542.3609112,133.66505318397,4.1486328,139.0,18966.2845204944,3.52713426912
1242878262,5.1745896,3542.315496,2392.717285668,3542.3609112,133.74806058768,4.1486328,140.0,18923.0406027517,3.44412686541
1242878265,5.1727608,3542.3164104,2392.717285668,3542.3609112,133.79659497127,4.1486328,140.0,18923.0406027517,3.39604607419
1242878268,5.1718464,3542.3176296,2392.717285668,3542.3609112,133.62286909356,4.1486328,140.0,18926.7430874181,3.56931835953
1242878271,5.170932,3542.318544,2392.717285668,3542.3609112,133.73037048525,4.1486328,140.0,18881.6513747208,3.46181696784
1242878274,5.1703224,3542.3188488,2392.717285668,3542.3609112,133.85420120226,4.1486328,140.0,18881.6513747208,3.33798625083
1242878277,5.169408,3542.3197632,2392.717285668,3542.3609112,133.67548580848,4.1486328,140.0,18954.8530129024,3.51670164461
1242878280,5.1687984,3542.3206776,2392.717285668,3542.3609112,133.6691355153,4.1486328,140.0,18954.8530129024,3.52350553016
1242878283,5.1684936,3542.3209824,2392.717285668,3542.3609112,133.64373434258,4.1486328,139.0,18926.129454019,3.54845311051
1242878286,5.1681888,3542.3212872,2392.717285668,3542.3609112,133.61561161564,4.1486328,139.0,18908.5202438923,3.57657583745
1242878289,5.1669696,3542.3228112,2392.717285668,3542.3609112,133.88005596735,4.1486328,139.0,18908.5202438923,3.31213148574
1242878292,5.1660552,3542.3234208,2392.717285668,3542.3609112,133.80249167208,4.1486328,140.0,18931.0729949982,3.38969578101
1242878295,5.1642264,3542.3249448,2392.717285668,3542.3609112,133.78979108572,4.1486328,140.0,18896.1648388229,3.40284995974
1242878298,5.1627024,3542.3267736,2392.717285668,3542.3609112,133.72900970814,4.1486328,140.0,18896.1648388229,3.46317774495
1242878301,5.1620928,3542.3279928,2392.717285668,3542.3609112,133.73490640895,4.1486328,139.0,18991.3055947114,3.45728104414
1242878304,5.160264,3542.3289072,2392.717285668,3542.3609112,133.6918151338,4.1486328,139.0,18894.3101491111,3.50037231929
1242878307,5.1596544,3542.3295168,2392.717285668,3542.3609112,133.44596806926,4.1486328,139.0,18894.3101491111,3.74621938383
1242878310,5.1590448,3542.3304312,2392.717285668,3542.3609112,133.63058016385,4.1486328,139.0,18957.6384948488,3.56206088161
1242878313,5.1584352,3542.3310408,2392.717285668,3542.3609112,133.63330171807,4.1486328,140.0,18880.1069490871,3.55888573502
1242878316,5.1575208,3542.3316504,2392.717285668,3542.3609112,133.69226872617,4.1486328,140.0,18932.3071565537,3.49991872692
1242878319,5.157216,3542.33226,2392.717285668,3542.3609112,133.58930325818,4.1486328,140.0,18932.3071565537,3.60288419491
1242878322,5.1569112,3542.33226,2392.717285668,3542.3609112,133.63375531044,4.1486328,141.0,18784.973087956,3.55843214265
1242878325,5.1563016,3542.3331744,2392.717285668,3542.3609112,133.59519995899,4.1486328,139.0,19022.8077407838,3.5969874941
1242878328,5.1550824,3542.3343936,2392.717285668,3542.3609112,133.61379724616,4.1486328,139.0,19022.8077407838,3.57839020693
1242878331,5.1544728,3542.3346984,2392.717285668,3542.3609112,133.57887063367,4.1486328,139.0,19023.4282689402,3.61377041179
1242878334,5.154168,3542.3350032,2392.717285668,3542.3609112,133.52081081031,4.1486328,139.0,18948.9855744459,3.67183023515
1242878337,5.1538632,3542.3356128,2392.717285668,3542.3609112,133.50629585447,4.1486328,139.0,18948.9855744459,3.68589159862
1242878340,5.1529488,3542.3365272,2392.717285668,3542.3609112,133.51219255528,4.1486328,140.0,18904.5074951477,3.67999489781
1242878343,5.152644,3542.336832,2392.717285668,3542.3609112,133.64554871206,4.1486328,138.0,19011.0728638709,3.5470923334
1242878346,5.152644,3542.336832,2392.717285668,3542.3609112,133.43961777608,4.1486328,138.0,19011.0728638709,3.75256967701
1242878349,5.1520344,3542.3374416,2392.717285668,3542.3609112,133.67185706952,4.1486328,139.0,18785.8969854333,3.52033038357
1242878352,5.15112,3542.338356,2392.717285668,3542.3609112,133.64781667391,4.1486328,139.0,18860.3396799276,3.54437077918
1242878355,5.1508152,3542.3386608,2392.717285668,3542.3609112,133.45231836244,4.1486328,139.0,18860.3396799276,3.73986909065
1242878358,5.1508152,3542.3386608,2392.717285668,3542.3609112,133.48089468175,4.1486328,140.0,18949.9163666805,3.71129277134
1242878361,5.1502056,3542.3392704,2392.717285668,3542.3609112,133.58386014974,4.1486328,139.0,18975.5510742965,3.60832730335
1242878364,5.1477672,3542.3417088,2392.717285668,3542.3609112,133.77709049936,4.1486328,139.0,18975.5510742965,3.41509695373
1242878367,5.1431952,3542.3465856,2392.717285668,3542.3609112,133.673671439,4.1486328,139.0,18907.596346415,3.51851601409
1242878370,5.1352704,3542.3545104,2392.717285668,3542.3609112,133.81746022029,4.1486328,139.0,18907.596346415,3.3747272328
1242878373,5.1273456,3542.3624352,2392.717285668,3542.3624352,133.68047532455,4.1486328,140.0,18851.9970236029,3.51171212854
1242878376,5.119116,3542.3709696,2392.717285668,3542.3709696,133.42464922787,4.1486328,139.0,18990.685066555,3.76799181759
1242878379,5.1108864,3542.3791992,2392.717285668,3542.3791992,133.25818082808,4.1486328,139.0,18990.685066555,3.93446021738
1242878382,5.1026568,3542.3874288,2392.717285668,3542.3874288,132.9660673418,4.1486328,139.0,18777.2440650304,4.22612011129
1242878385,5.0950368,3542.394744,2392.717285668,3542.394744,132.81592826733,1.5913608,140.0,18915.3184745833,4.37625918576
1242878388,5.088636,3542.4014496,2392.717285668,3542.4014496,132.65263501413,1.5913608,140.0,18873.9223517952,4.53955243896
1242878391,5.0816256,3542.4081552,2392.717285668,3542.4081552,132.70389095194,1.5913608,140.0,18873.9223517952,4.48829650115
1242878394,5.0758344,3542.4133368,2392.717285668,3542.4133368,132.6168012169,1.5913608,139.0,18962.2717717498,4.57538623619
1242878397,5.0752248,3542.4142512,2392.717285668,3542.4142512,132.27978208599,1.5913608,140.0,18772.6176828866,4.9124053671
1242878400,5.0727864,3542.4169944,2392.717285668,3542.4169944,132.61271888557,1.5913608,140.0,18772.6176828866,4.57992215989
1242878403,5.0682144,3542.4218712,2392.717285668,3542.4218712,132.57869945782,1.5913608,139.0,18979.5638230411,4.61348799527
1242878406,5.0621184,3542.4279672,2392.717285668,3542.4279672,132.51111419469,1.5913608,139.0,18965.9742564163,4.6810732584
1242878409,5.0563272,3542.4331488,2392.717285668,3542.4331488,132.42402445965,1.5913608,139.0,18965.9742564163,4.76816299344
1242878412,5.0532792,3542.435892,2392.717285668,3542.435892,132.17454865615,1.5913608,139.0,18979.2535589629,5.01763879694
1242878415,5.05206,3542.4377208,2392.717285668,3542.4377208,131.92371207554,1.5913608,139.0,18979.2535589629,5.26847537755
1242878418,5.0499264,3542.4395496,2392.717285668,3542.4395496,132.27433897755,1.5913608,139.0,18781.2637085323,4.91784847554
1242878421,5.0484024,3542.4416832,2392.717285668,3542.4416832,132.05253230862,1.5913608,140.0,18911.9193592378,5.13965514447
1242878424,5.045964,3542.4432072,2392.717285668,3542.4432072,132.04119249937,1.5913608,139.0,19052.7723559799,5.15144854609
1242878427,5.0456592,3542.443512,2392.717285668,3542.443512,131.9636282041,1.5913608,139.0,19052.7723559799,5.22901284136
1242878430,5.0438304,3542.4456456,2392.717285668,3542.4456456,132.12193194123,1.5913608,140.0,19033.6187202195,5.07070910423
1242878433,5.0407824,3542.4486936,2392.717285668,3542.4486936,132.02758472827,1.5913608,140.0,18999.951620357,5.16460272482
1242878436,5.0380392,3542.4520464,2392.717285668,3542.4520464,132.01624491902,1.5913608,140.0,18999.951620357,5.17594253407
1242878439,5.0349912,3542.4547896,2392.717285668,3542.4547896,132.0906340677,1.5913608,139.0,18910.9954617605,5.10155338539
1242878442,5.0325528,3542.457228,2392.717285668,3542.457228,131.96997849728,1.5913608,140.0,18998.0969306451,5.22220895581
1242878445,5.0292,3542.4605808,2392.717285668,3542.4605808,132.02849191301,1.5913608,140.0,18998.0969306451,5.16414913245
1242878448,5.0288952,3542.4605808,2392.717285668,3542.4605808,131.88016720802,1.5913608,139.0,18978.3296614856,5.31247383744
1242878451,5.0270664,3542.4624096,2392.717285668,3542.4624096,131.9454845093,1.5913608,139.0,18901.7289079585,5.24670294379
1242878454,5.0240184,3542.4657624,2392.717285668,3542.4657624,132.01443054954,1.5913608,139.0,18901.7289079585,5.17775690355
1242878457,5.0221896,3542.4672864,2392.717285668,3542.4672864,131.97678238283,1.5913608,139.0,18962.5751410707,5.21540507026
1242878460,5.0212752,3542.4682008,2392.717285668,3542.4682008,131.88470313172,1.5913608,139.0,18962.5751410707,5.30748432137
1242878463,5.018532,3542.470944,2392.717285668,3542.470944,131.90647556548,1.5913608,140.0,19045.9741252889,5.28571188761
1242878466,5.0173128,3542.4721632,2392.717285668,3542.4721632,131.88923905542,1.5913608,140.0,18901.4186438803,5.30294839767
1242878469,5.017008,3542.472468,2392.717285668,3542.472468,131.78990232639,1.5913608,140.0,18901.4186438803,5.4022851267
1242878472,5.0163984,3542.4730776,2392.717285668,3542.4730776,131.79761339668,1.5913608,139.0,18913.4637848715,5.39502764878
1242878475,5.0151792,3542.473992,2392.717285668,3542.473992,131.93822703138,1.5913608,139.0,18937.5609616111,5.25396042171
1242878478,5.0130456,3542.4764304,2392.717285668,3542.4764304,132.05570745521,1.5913608,139.0,18937.5609616111,5.13693359025
1242878481,5.0121312,3542.4773448,2392.717285668,3542.4773448,131.85385885056,1.5913608,139.0,18908.8305079705,5.33832860253
1242878484,5.0118264,3542.4776496,2392.717285668,3542.4776496,131.85249807345,1.5913608,139.0,18919.6414874062,5.33968937964
1242878487,5.0112168,3542.4782592,2392.717285668,3542.4782592,131.86474506744,1.5913608,139.0,18919.6414874062,5.32744238565
1242878490,5.0106072,3542.4791736,2392.717285668,3542.4791736,131.9001252723,1.5913608,140.0,18885.0504900663,5.29251577316
1242878493,5.007864,3542.4819168,2392.717285668,3542.4819168,131.91464022814,1.5913608,139.0,18981.4185127529,5.27754722495
1242878496,5.0039016,3542.4855744,2392.717285668,3542.4855744,132.00717307162,1.5913608,139.0,18847.3637467019,5.18501438147
1242878499,5.0005488,3542.4889272,2392.717285668,3542.4889272,131.95047402537,1.5913608,139.0,18847.3637467019,5.24171342772
1242878502,5.0005488,3542.4889272,2392.717285668,3542.4889272,131.6461135451,1.5913608,140.0,18977.4057640083,5.54607390799
1242878505,4.9984152,3542.4913656,2392.717285668,3542.4913656,131.8456941879,1.5913608,139.0,18866.8276465405,5.34649326519
1242878508,4.995672,3542.493804,2392.717285668,3542.493804,131.80713883645,1.5913608,139.0,18866.8276465405,5.38504861664
1242878511,4.9929288,3542.4962424,2392.717285668,3542.4962424,131.80078854327,1.5913608,140.0,18955.7838051369,5.39139890982
1242878514,4.9904904,3542.4989856,2392.717285668,3542.4989856,131.67423627204,1.5913608,139.0,18877.0180978198,5.51795118105
1242878517,4.989576,3542.4999,2392.717285668,3542.4999,131.62388751897,1.5913608,139.0,18877.0180978198,5.56829993412
1242878520,4.9892712,3542.5005096,2392.717285668,3542.5005096,131.58986809122,1.5913608,140.0,18941.8839744339,5.60231936187
1242878523,4.9871376,3542.5026432,2392.717285668,3542.5026432,131.76722270789,1.5913608,140.0,18884.4299619099,5.4249647452
1242878526,4.9853088,3542.5041672,2392.717285668,3542.5041672,131.93142314583,1.5913608,140.0,18884.4299619099,5.26076430726
1242878529,4.9831752,3542.5063008,2392.717285668,3542.5063008,131.90511478837,1.5913608,139.0,19009.5284382372,5.28752625709
1242878532,4.9831752,3542.5063008,2392.717285668,3542.5063008,131.55720944058,1.5913608,139.0,18963.8161973835,5.63497801251
1242878535,4.981956,3542.50752,2392.717285668,3542.50752,131.78037688662,1.5913608,139.0,18963.8161973835,5.41181056647
1242878538,4.9807368,3542.5087392,2392.717285668,3542.5087392,131.7640475613,1.5913608,139.0,18936.9404334547,5.42813989179
1242878541,4.9792128,3542.510568,2392.717285668,3542.510568,131.72050269378,1.5913608,139.0,18936.9404334547,5.47168475931
1242878544,4.9786032,3542.5108728,2392.717285668,3542.5108728,131.59349683018,1.5913608,140.0,18972.4622230291,5.59869062291
1242878547,4.9767744,3542.5127016,2392.717285668,3542.5127016,131.73320328014,1.5913608,139.0,18942.8078719112,5.45898417295
1242878550,4.9737264,3542.5160544,2392.717285668,3542.5160544,131.78718077217,1.5913608,139.0,18942.8078719112,5.40500668092
1242878553,4.969764,3542.5200168,2392.717285668,3542.5200168,131.67605064152,1.5913608,140.0,19022.8077407838,5.51613681157
1242878556,4.9691544,3542.5203216,2392.717285668,3542.5203216,131.52228282809,1.5913608,139.0,18851.0662313683,5.669904625
1242878559,4.9685448,3542.5209312,2392.717285668,3542.5209312,131.55176633214,1.5913608,139.0,18851.0662313683,5.64042112095
1242878562,4.9679352,3542.521236,2392.717285668,3542.521236,131.43564668542,1.5913608,140.0,18941.5737103557,5.75654076767
1242878565,4.9664112,3542.5230648,2392.717285668,3542.5230648,131.74000716569,1.5913608,140.0,18867.7515440178,5.4521802874
1242878568,4.9639728,3542.525808,2392.717285668,3542.525808,131.67151471782,1.5913608,140.0,18867.7515440178,5.52067273527
1242878571,4.96062,3542.528856,2392.717285668,3542.528856,131.69237996684,1.5913608,139.0,19021.8838433066,5.49980748625
1242878574,4.9569624,3542.5328184,2392.717285668,3542.5328184,131.65246383828,1.5913608,140.0,18885.6710182227,5.54017720718
1242878577,4.9563528,3542.5331232,2392.717285668,3542.5331232,131.41795658299,1.5913608,140.0,19017.5608304837,5.7742308701
1242878580,4.9551336,3542.5340376,2392.717285668,3542.5340376,131.44744008704,1.5913608,140.0,19017.5608304837,5.74474736605
1242878583,4.9539144,3542.5358664,2392.717285668,3542.5358664,131.47919155294,1.5913608,139.0,18984.5073640203,5.71299590015
1242878592,4.951476,3542.538,2392.717285668,3542.538,131.5372513763,1.5913608,140.0,18961.3409795152,5.65493607679
1242878595,4.9508664,3542.5389144,2392.717285668,3542.5389144,131.52727234416,1.2640056,140.0,18949.6061026023,5.66491510893
1242878598,4.9487328,3542.5407432,2392.717285668,3542.5407432,131.63976325192,1.2640056,140.0,18949.6061026023,5.55242420117
1242878601,4.948428,3542.541048,2392.717285668,3542.541048,131.47193407502,1.2640056,139.0,18906.6655541804,5.72025337807
1242878604,4.9472088,3542.5422672,2392.717285668,3542.5422672,131.51820049676,1.2640056,139.0,18980.1843511975,5.67398695633
1242878607,4.9450752,3542.5444008,2392.717285668,3542.5444008,131.55358070162,1.2640056,139.0,18980.1843511975,5.63860675147
1242878610,4.9447704,3542.5444008,2392.717285668,3542.5444008,131.55902381006,1.2640056,140.0,18999.6413562788,5.63316364303
1242878613,4.9435512,3542.5459248,2392.717285668,3542.5459248,131.66017490857,1.2640056,140.0,18889.063238811,5.53201254452
1242878616,4.9429416,3542.5462296,2392.717285668,3542.5462296,131.60030071573,1.2640056,140.0,18889.063238811,5.59188673736
1242878619,4.9417224,3542.5477536,2392.717285668,3542.5477536,131.65745335435,1.2640056,140.0,18970.2972692391,5.53473409874
1242878622,4.9401984,3542.5492776,2392.717285668,3542.5492776,131.71143084638,1.2640056,140.0,18944.0420334667,5.48075660671
1242878625,4.9395888,3542.5495824,2392.717285668,3542.5495824,131.50731427988,1.2640056,140.0,18944.0420334667,5.68487317321
1242878628,4.9386744,3542.5508016,2392.717285668,3542.5508016,131.57489954301,1.2640056,140.0,19020.0291535947,5.61728791008
1242878631,4.93776,3542.551716,2392.717285668,3542.551716,131.6098261555,1.2640056,140.0,19020.0291535947,5.58236129759
1242878634,4.9374552,3542.5520208,2392.717285668,3542.5520208,131.64475276799,1.2640056,139.0,19002.7302075461,5.54788827747
1242878637,4.9359312,3542.5535448,2392.717285668,3542.5535448,131.67423627204,1.2640056,140.0,19046.9049175235,5.51795118105
1242878640,4.934712,3542.554764,2392.717285668,3542.554764,131.71052366164,1.2640056,140.0,19046.9049175235,5.48166379145
1242878643,4.9337976,3542.5556784,2392.717285668,3542.5556784,131.67967938048,1.2640056,139.0,18938.4848590884,5.51250807261
1242878646,4.9334928,3542.5559832,2392.717285668,3542.5559832,131.53679778393,1.2640056,140.0,18950.2266307587,5.65538966916
1242878649,4.933188,3542.5565928,2392.717285668,3542.5565928,131.58533216752,1.2640056,140.0,18950.2266307587,5.60685528557
1242878652,4.931664,3542.557812,2392.717285668,3542.557812,131.54269448474,1.2640056,140.0,18960.7273461161,5.64949296835
1242878655,4.9307496,3542.5587264,2392.717285668,3542.5587264,131.57081721168,1.2640056,140.0,18929.8388334428,5.62137024141
1242878658,4.93014,3542.5590312,2392.717285668,3542.5590312,131.48690262323,1.2640056,140.0,18929.8388334428,5.70573842223
1242878661,4.9292256,3542.5605552,2392.717285668,3542.5605552,131.57308517353,1.2640056,140.0,18956.0940692151,5.61910227956
1242878664,4.9267872,3542.562384,2392.717285668,3542.562384,131.75679008338,1.2640056,139.0,18953.3085872687,5.43539736971
1242878667,4.925568,3542.5642128,2392.717285668,3542.5642128,131.66743238649,1.2640056,139.0,18953.3085872687,5.5247550666
1242878670,4.9237392,3542.5657368,2392.717285668,3542.5657368,131.59712556914,1.2640056,139.0,19090.4522045871,5.59506188395
1242878673,4.9219104,3542.5675656,2392.717285668,3542.5675656,131.6733290873,1.2640056,139.0,18927.9841437309,5.51885836579
1242878676,4.9188624,3542.5706136,2392.717285668,3542.5706136,131.65201024591,1.2640056,139.0,18927.9841437309,5.54017720718
1242878679,4.9167288,3542.5724424,2392.717285668,3542.5724424,131.60256867758,1.2640056,139.0,18988.8303768431,5.59007236788
1242878682,4.9161192,3542.5733568,2392.717285668,3542.5733568,131.48100592242,1.2640056,139.0,18903.2733335922,5.71118153067
1242878685,4.9152048,3542.5742712,2392.717285668,3542.5742712,131.5735387659,1.2640056,140.0,18869.2959696514,5.61864868719
1242878688,4.9136808,3542.5761,2392.717285668,3542.5761,131.61799081816,1.2640056,140.0,18869.2959696514,5.57419663493
1242878691,4.9112424,3542.5785384,2392.717285668,3542.5785384,131.64021684429,1.2640056,139.0,18892.1520900783,5.5519706088
1242878694,4.9075848,3542.5818912,2392.717285668,3542.5818912,131.57127080405,1.2640056,140.0,18985.7415255758,5.62137024141
1242878697,4.90728,3542.582196,2392.717285668,3542.582196,131.39164822553,1.2640056,140.0,18985.7415255758,5.80053922756
1242878700,4.9060608,3542.5834152,2392.717285668,3542.5834152,131.5100358341,1.2640056,140.0,18910.9954617605,5.68215161899
1242878703,4.9045368,3542.5849392,2392.717285668,3542.5849392,131.5145717578,1.2640056,139.0,18898.9503207694,5.67761569529
1242878709,4.8993552,3542.5907304,2392.717285668,3542.5907304,131.45288319548,1.2640056,139.0,18883.8094337536,5.73930425761
1242878712,4.8956976,3542.5940832,2392.717285668,3542.5940832,131.50459272566,1.2640056,139.0,18881.3411106426,5.68759472743
1242878715,4.895088,3542.594388,2392.717285668,3542.594388,131.28641479569,1.2640056,139.0,18881.3411106426,5.9057726574
1242878718,4.895088,3542.594388,2392.717285668,3542.594388,131.19297476747,1.2640056,139.0,18984.8176280985,5.99921268562
1242878721,4.893564,3542.595912,2392.717285668,3542.595912,131.42294609906,1.2640056,139.0,18984.8176280985,5.76924135403
1242878724,4.8908208,3542.59896,2392.717285668,3542.59896,131.42430687617,1.2640056,140.0,18888.7598694901,5.76788057692
1242878727,4.8880776,3542.6013984,2392.717285668,3542.6013984,131.47193407502,1.2640056,139.0,19009.218174159,5.72025337807
1242878730,4.8877728,3542.6017032,2392.717285668,3542.6017032,131.30365130575,1.2640056,139.0,19009.218174159,5.88853614734
1242878733,4.8868584,3542.6026176,2392.717285668,3542.6026176,131.37940123154,1.2640056,140.0,18920.2620155625,5.81278622155
1242878736,4.8856392,3542.6038368,2392.717285668,3542.6038368,131.3648862757,1.2640056,139.0,18965.3606230172,5.82730117739
1242878739,4.88442,3542.605056,2392.717285668,3542.605056,131.31000159893,1.2640056,139.0,18965.3606230172,5.88218585416
1242878742,4.8816768,3542.6077992,2392.717285668,3542.6077992,131.42113172958,1.2640056,139.0,18867.4412799396,5.77105572351
1242878745,4.8786288,3542.611152,2392.717285668,3542.611152,131.42158532195,1.2640056,140.0,18962.582035828,5.77060213114
1242878748,4.8780192,3542.6114568,2392.717285668,3542.6114568,131.40480240426,1.2640056,140.0,18962.582035828,5.78738504883
1242878751,4.8777144,3542.6117616,2392.717285668,3542.6117616,131.26781750852,1.2640056,139.0,18906.9758182586,5.92482353694
1242878754,4.8768,3542.612676,2392.717285668,3542.612676,131.35898957489,1.2640056,139.0,18872.695084997,5.8331978782
1242878757,4.8755808,3542.6142,2392.717285668,3542.6142,131.53135467549,1.2640056,139.0,18872.695084997,5.6608327776
1242878760,4.873752,3542.6160288,2392.717285668,3542.6160288,131.42657483802,1.2640056,140.0,18865.5865902277,5.76561261507
1242878763,4.8728376,3542.6166384,2392.717285668,3542.6166384,131.41069910507,1.2640056,139.0,18960.7273461161,5.78148834802
1242878766,4.872228,3542.617248,2392.717285668,3542.617248,131.405709589,1.2640056,139.0,18960.7273461161,5.78647786409
1242878769,4.8719232,3542.6175528,2392.717285668,3542.6175528,131.4556047497,1.2640056,140.0,18927.3636155745,5.73658270339
1242878772,4.8703992,3542.6190768,2392.717285668,3542.6190768,131.60483663943,1.2640056,139.0,18882.8855362763,5.58735081366
1242878775,4.8700944,3542.6193816,2392.717285668,3542.6193816,131.44381134808,1.2640056,139.0,18882.8855362763,5.74837610501
1242878778,4.8697896,3542.6196864,2392.717285668,3542.6196864,131.44744008704,1.2640056,139.0,18991.9192281104,5.74520095842
1242878781,4.8688752,3542.6206008,2392.717285668,3542.6206008,131.53906574578,1.2640056,139.0,18941.5737103557,5.65312170731
1242878784,4.8673512,3542.6221248,2392.717285668,3542.6221248,131.64838150695,1.2640056,139.0,18976.1647076956,5.54425953851
1242878787,4.8655224,3542.6239536,2392.717285668,3542.6239536,131.61617644868,1.2640056,139.0,18976.1647076956,5.57601100441
1242878790,4.8636936,3542.6254776,2392.717285668,3542.6254776,131.6415776214,1.2640056,139.0,18863.1182671168,5.55106342406
1242878793,4.8612552,3542.6282208,2392.717285668,3542.6282208,131.6098261555,1.2640056,139.0,18987.5962152876,5.58281488996
1242878796,4.8591216,3542.6303544,2392.717285668,3542.6303544,131.67242190256,1.2640056,139.0,18987.5962152876,5.51976555053
1242878799,4.8588168,3542.6306592,2392.717285668,3542.6306592,131.45696552681,1.2640056,140.0,18868.6754414951,5.73522192628
1242878802,4.858512,3542.6312688,2392.717285668,3542.6312688,131.38575152472,1.2640056,140.0,18868.6754414951,5.80643592837
1242878805,4.856988,3542.6327928,2392.717285668,3542.6327928,131.62388751897,1.2640056,139.0,18889.063238811,5.56829993412
1242878808,4.8542448,3542.6352312,2392.717285668,3542.6352312,131.81303553726,1.2640056,140.0,18873.6189824743,5.37915191583
1242878811,4.8511968,3542.6388888,2392.717285668,3542.6388888,131.64883509932,1.2640056,140.0,18873.6189824743,5.54335235377
1242878814,4.8505872,3542.6388888,2392.717285668,3542.6388888,131.52681875179,1.2640056,140.0,19020.953051072,5.66582229367
1242878817,4.8499776,3542.6394984,2392.717285668,3542.6394984,131.50368554092,1.2640056,140.0,18916.2492668179,5.68850191217
1242878820,4.849368,3542.640108,2392.717285668,3542.640108,131.49733524774,1.2640056,140.0,18916.2492668179,5.69485220535
1242878823,4.8481488,3542.6413272,2392.717285668,3542.6413272,131.72549220985,1.2640056,139.0,18901.1083798021,5.46669524324
1242878835,4.8457104,3542.6440704,2392.717285668,3542.6440704,131.73728561147,1.2640056,139.0,18962.5751410707,5.45490184162
1242878838,4.8435768,3542.646204,2392.717285668,3542.646204,131.79942776616,1.2640056,139.0,18962.5751410707,5.3932132793
1242878841,4.8408336,3542.6489472,2392.717285668,3542.6489472,131.93686625427,1.2640056,139.0,18876.7078337416,5.25532119882
1242878844,4.8377856,3542.6519952,2392.717285668,3542.6519952,131.84251904131,1.2640056,140.0,18977.7091333292,5.34966841178
1242878847,4.8359568,3542.6532144,2392.717285668,3542.6532144,131.72730657933,1.2640056,140.0,18977.7091333292,5.46533446613
1242878850,4.835652,3542.6535192,2392.717285668,3542.6535192,131.58487857515,1.2640056,139.0,19006.1293228917,5.60730887794
1242878853,4.8350424,3542.6544336,2392.717285668,3542.6544336,131.63114499689,1.2640056,140.0,18978.0193974074,5.5610424562
1242878856,4.8335184,3542.6559576,2392.717285668,3542.6559576,131.69101918973,1.2640056,140.0,18978.0193974074,5.50116826336
1242878859,4.8316896,3542.6580912,2392.717285668,3542.6580912,131.71732754719,1.2640056,140.0,18877.328361898,5.4748599059
1242878862,4.8292512,3542.65992,2392.717285668,3542.65992,131.87200254536,1.2640056,139.0,18958.8726564043,5.32018490773
1242878865,4.8289464,3542.6602248,2392.717285668,3542.6602248,131.55221992451,1.2640056,140.0,18859.0986236148,5.63996752858
1242878868,4.8283368,3542.661444,2392.717285668,3542.661444,131.62116596475,1.2640056,140.0,18859.0986236148,5.57102148834
1242878871,4.8268128,3542.6626632,2392.717285668,3542.6626632,131.67831860337,1.2640056,139.0,18961.0376101943,5.51386884972
1242878874,4.8243744,3542.6654064,2392.717285668,3542.6654064,131.87109536062,1.2640056,140.0,18993.7739178223,5.32109209247
1242878877,4.821936,3542.6678448,2392.717285668,3542.6678448,131.70235899898,1.2640056,140.0,18993.7739178223,5.48982845411
1242878880,4.8207168,3542.6687592,2392.717285668,3542.6687592,131.57217798879,1.2640056,140.0,19156.5522427567,5.62046305667
1242878883,4.8201072,3542.6693688,2392.717285668,3542.6693688,131.54995196266,1.2640056,139.0,18840.875780089,5.6426890828
1242878886,4.8198024,3542.6696736,2392.717285668,3542.6696736,131.59576479203,1.2640056,139.0,18840.875780089,5.59642266106
1242878889,4.8194976,3542.6702832,2392.717285668,3542.6702832,131.63159858926,1.2640056,139.0,18875.1634081079,5.5610424562
1242878892,4.8179736,3542.6718072,2392.717285668,3542.6718072,131.80124213564,1.2640056,139.0,18875.1634081079,5.39139890982
1242878895,4.8164496,3542.6730264,2392.717285668,3542.6730264,131.66833957123,1.2640056,140.0,18912.8501514724,5.52384788186
1242878898,4.8140112,3542.6754648,2392.717285668,3542.6754648,131.90783634259,1.2640056,139.0,18869.2959696514,5.2843511105
1242878901,4.811268,3542.678208,2392.717285668,3542.678208,131.74091435043,1.2640056,139.0,18869.2959696514,5.45127310266
1242878904,4.8109632,3542.6785128,2392.717285668,3542.6785128,131.61844441053,1.2640056,140.0,18940.0292847221,5.57374304256
1242878907,4.8103536,3542.6788176,2392.717285668,3542.6788176,131.67287549493,1.2640056,139.0,18878.2522593753,5.51976555053
1242878910,4.8088296,3542.6806464,2392.717285668,3542.6806464,131.74046075806,1.2640056,139.0,18878.2522593753,5.45172669503
1242878913,4.8070008,3542.68278,2392.717285668,3542.68278,131.83979748709,1.2640056,139.0,18992.2294921886,5.352389966
1242878916,4.8057816,3542.6836944,2392.717285668,3542.6836944,131.84161185657,1.2640056,139.0,18972.1519589509,5.35057559652
1242878919,4.8054768,3542.6839992,2392.717285668,3542.6839992,131.66198927805,1.2640056,139.0,18972.1519589509,5.53019817504
1242878922,4.8048672,3542.6846088,2392.717285668,3542.6846088,131.72050269378,1.2640056,139.0,18972.1519589509,5.47213835168
1242878925,4.803648,3542.6855232,2392.717285668,3542.6855232,131.80214932038,1.2640056,139.0,18883.8094337536,5.39003813271
1242878928,4.8033432,3542.685828,2392.717285668,3542.685828,131.69827666765,1.2640056,139.0,18883.8094337536,5.49391078544
1242878931,4.8018192,3542.6876568,2392.717285668,3542.6876568,131.81484990674,1.2640056,139.0,18999.3379869579,5.37733754635
1242878934,4.7999904,3542.6894856,2392.717285668,3542.6894856,131.94911324826,1.2640056,139.0,18854.1550826356,5.2435277972
1242878937,4.7984664,3542.6910096,2392.717285668,3542.6910096,131.97133927439,1.9808952,139.0,18854.1550826356,5.22130177107
1242878940,4.7981616,3542.6910096,2392.717285668,3542.6910096,131.77674814766,1.9808952,139.0,18887.5188131773,5.41543930543
1242878943,4.7978568,3542.6913144,2392.717285668,3542.6913144,131.83798311761,1.9808952,140.0,18869.5993389723,5.35420433548
1242878946,4.7969424,3542.6928384,2392.717285668,3542.6928384,131.96952490491,1.9808952,140.0,18937.864330932,5.22266254818
1242878952,4.7923704,3542.6971056,2392.717285668,3542.6971056,132.06024337891,1.9808952,139.0,18940.3395488003,5.13194407418
1242878955,4.791456,3542.69802,2392.717285668,3542.69802,131.94276295508,1.9808952,140.0,18969.9870051609,5.24942449801
1242878958,4.7908464,3542.6983248,2392.717285668,3542.6983248,131.90738275022,1.9808952,140.0,18969.9870051609,5.28480470287
1242878961,4.7902368,3542.699544,2392.717285668,3542.699544,131.94004140086,1.9808952,140.0,18927.9841437309,5.2525996446
1242878964,4.788408,3542.7007632,2392.717285668,3542.7007632,131.94004140086,1.9808952,140.0,18924.2747643072,5.25214605223
1242878967,4.7871888,3542.7022872,2392.717285668,3542.7022872,132.10514902354,1.9808952,140.0,18924.2747643072,5.08749202192
1242878970,4.786884,3542.702592,2392.717285668,3542.702592,131.86519865981,1.9808952,139.0,18981.1082486748,5.32744238565
1242878973,4.7865792,3542.7028968,2392.717285668,3542.7028968,131.88742468594,1.9808952,139.0,18848.2876441792,5.30521635952
1242878976,4.78536,3542.7044208,2392.717285668,3542.7044208,131.92643362976,1.9808952,139.0,18848.2876441792,5.2662074157
1242878979,4.7841408,3542.7053352,2392.717285668,3542.7053352,132.02622395116,1.9808952,139.0,19000.2549896779,5.16596350193
1242878982,4.7826168,3542.707164,2392.717285668,3542.707164,131.98313267601,1.9808952,139.0,19000.2549896779,5.20905477708
1242878985,4.7798736,3542.7096024,2392.717285668,3542.7096024,131.94276295508,1.9808952,141.0,18980.8048793539,5.24942449801
1242878988,4.7768256,3542.7129552,2392.717285668,3542.7129552,131.83117923206,1.9808952,141.0,18984.5073640203,5.36100822103
1242878991,4.7737776,3542.7156984,2392.717285668,3542.7156984,131.94684528641,1.9808952,141.0,18984.5073640203,5.24534216668
1242878994,4.7734728,3542.7160032,2392.717285668,3542.7160032,131.72367784037,1.9808952,139.0,18822.9632006414,5.46850961272
1242878997,4.7719488,3542.717832,2392.717285668,3542.717832,131.78944873402,1.9808952,139.0,18968.4494742845,5.40273871907
1242879000,4.7704248,3542.7190512,2392.717285668,3542.7190512,131.73955357332,1.9808952,139.0,18968.4494742845,5.45263387977
1242879003,4.77012,3542.7196608,2392.717285668,3542.7196608,131.74953260546,1.9808952,139.0,18831.9194903652,5.44310844
1242879006,4.7695104,3542.7199656,2392.717285668,3542.7199656,131.77221222396,1.9808952,140.0,19018.1744638828,5.41997522913
1242879009,4.7695104,3542.7202704,2392.717285668,3542.7202704,131.53407622971,1.9808952,140.0,19018.1744638828,5.65811122338
1242879012,4.7667672,3542.7230136,2392.717285668,3542.7230136,132.00172996318,1.9808952,139.0,18922.1098105171,5.19045748991
1242879015,4.7652432,3542.7245376,2392.717285668,3542.7245376,131.80078854327,1.9808952,139.0,18875.4736721861,5.39139890982
1242879018,4.7643288,3542.7251472,2392.717285668,3542.7251472,131.86202351322,1.9808952,139.0,18875.4736721861,5.33016393987
1242879021,4.7628048,3542.7266712,2392.717285668,3542.7266712,131.76767630026,1.9808952,138.0,18937.2506975329,5.42451115283
1242879024,4.759452,3542.7303288,2392.717285668,3542.7303288,131.99537967,1.9808952,140.0,18903.8869669913,5.19680778309
1242879027,4.7560992,3542.7339864,2392.717285668,3542.7339864,131.85068370397,1.9808952,140.0,18903.8869669913,5.34150374912
1242879030,4.75488,3542.7349008,2392.717285668,3542.7349008,131.74227512754,1.9808952,140.0,18949.2958385241,5.44991232555
1242879033,4.7509176,3542.7388632,2392.717285668,3542.7388632,131.8910534249,1.9808952,140.0,18819.5640852958,5.30113402819
1242879036,4.7460408,3542.7440448,2392.717285668,3542.7440448,131.73138891066,1.9808952,140.0,18927.6738796527,5.46079854243
1242879039,4.7417736,3542.7480072,2392.717285668,3542.7480072,131.66788597886,1.9808952,140.0,18927.6738796527,5.52430147423
1242879042,4.738116,3542.7510552,2392.717285668,3542.7510552,131.66924675597,1.9808952,139.0,18941.8839744339,5.52294069712
1242879045,4.735068,3542.7550176,2392.717285668,3542.7550176,131.71823473193,1.9808952,140.0,18945.5864591004,5.47440631353
1242879048,4.7314104,3542.7583704,2392.717285668,3542.7583704,131.69646229817,1.9808952,140.0,18945.5864591004,5.49572515492
1242879051,4.7277528,3542.7617232,2392.717285668,3542.7617232,131.79852058142,1.9808952,139.0,18843.6612620354,5.39366687167
1242879054,4.725924,3542.763552,2392.717285668,3542.763552,131.73093531829,1.9808952,139.0,18961.3409795152,5.4612521348
1242879057,4.7231808,3542.7666,2392.717285668,3542.7666,131.89921808756,1.9808952,139.0,18961.3409795152,5.29296936553
1242879060,4.7186088,3542.7708672,2392.717285668,3542.7708672,131.66516442464,1.9808952,140.0,18860.9533133267,5.52747662082
1242879063,4.7161704,3542.7733056,2392.717285668,3542.7733056,131.71596677008,1.9808952,140.0,18860.9533133267,5.47622068301
1242879066,4.7128176,3542.7769632,2392.717285668,3542.7769632,131.78037688662,1.9808952,140.0,18864.042164594,5.41181056647
1242879069,4.7100744,3542.7794016,2392.717285668,3542.7794016,131.56355973376,1.9808952,139.0,18963.5059333053,5.6290813117
1242879072,4.7079408,3542.7821448,2392.717285668,3542.7821448,131.47873796057,1.9808952,139.0,18963.5059333053,5.71390308489
1242879075,4.7048928,3542.7845832,2392.717285668,3542.7845832,131.52001486624,1.9808952,139.0,19049.6835047126,5.67217258685
1242879078,4.7036736,3542.7858024,2392.717285668,3542.7858024,131.43791464727,1.9808952,139.0,18937.864330932,5.75427280582
1242879081,4.7003208,3542.78946,2392.717285668,3542.78946,131.5644669185,1.9808952,139.0,18937.864330932,5.62772053459
1242879084,4.6966632,3542.7931176,2392.717285668,3542.7931176,131.60483663943,1.9808952,140.0,18909.1407720487,5.58735081366
1242879087,4.6927008,3542.7973848,2392.717285668,3542.7973848,131.66833957123,1.9808952,140.0,18926.7430874181,5.52384788186
1242879090,4.6896528,3542.8004328,2392.717285668,3542.8004328,131.35263928171,1.9808952,140.0,18926.7430874181,5.83954817138
1242879093,4.6884336,3542.8010424,2392.717285668,3542.8010424,131.21474720123,1.9808952,139.0,18889.3735028892,5.97744025186
1242879096,4.687824,3542.801652,2392.717285668,3542.801652,131.25829206875,1.9808952,139.0,18985.4312614976,5.93389538434
1242879099,4.6844712,3542.8047,2392.717285668,3542.8047,131.48463466138,1.9808952,139.0,18985.4312614976,5.70755279171
1242879102,4.6829472,3542.8065288,2392.717285668,3542.8065288,131.4329251312,1.9808952,140.0,18860.0294158494,5.75926232189
1242879105,4.6811184,3542.8086624,2392.717285668,3542.8086624,131.47057329791,1.9808952,139.0,18918.0970617725,5.72161415518
1242879108,4.6783752,3542.8114056,2392.717285668,3542.8114056,131.39754492634,1.9808952,139.0,18918.0970617725,5.79464252675
1242879111,4.6750224,3542.8141488,2392.717285668,3542.8141488,131.5463232237,1.9808952,140.0,18854.4653467138,5.64586422939
1242879114,4.6716696,3542.8178064,2392.717285668,3542.8178064,131.51547894254,1.9808952,139.0,18949.9094719232,5.67670851055
1242879117,4.67106,3542.8187208,2392.717285668,3542.8187208,131.19524272932,1.9808952,140.0,18960.7273461161,5.99694472377
1242879120,4.6686216,3542.821464,2392.717285668,3542.821464,131.28414683384,1.9808952,140.0,18960.7273461161,5.90804061925
1242879123,4.6658784,3542.8239024,2392.717285668,3542.8239024,131.23561245025,1.9808952,140.0,18953.6188513469,5.95657500284
1242879126,4.6643544,3542.8251216,2392.717285668,3542.8251216,131.28051809488,1.9808952,140.0,18890.2974003664,5.91212295058
1242879129,4.661916,3542.82756,2392.717285668,3542.82756,131.47238766739,1.9808952,140.0,18890.2974003664,5.7197997857
1242879132,4.6591728,3542.8299984,2392.717285668,3542.8299984,131.44108979386,1.9808952,139.0,18941.5737103557,5.75109765923
1242879135,4.6582584,3542.8315224,2392.717285668,3542.8315224,131.2424163358,1.9808952,140.0,18993.4636537441,5.94977111729
1242879138,4.6549056,3542.8345704,2392.717285668,3542.8345704,131.41614221351,1.9808952,140.0,18993.4636537441,5.77604523958
1242879141,4.6500288,3542.8394472,2392.717285668,3542.8394472,131.39074104079,1.9808952,140.0,18911.6090951596,5.8014464123
1242879144,4.6460664,3542.8440192,2392.717285668,3542.8440192,131.2560241069,1.9808952,140.0,18940.0292847221,5.93616334619
1242879147,4.6424088,3542.8470672,2392.717285668,3542.8470672,131.2650959543,1.9897344,140.0,18940.0292847221,5.92709149879
1242879150,4.6408848,3542.848896,2392.717285668,3542.848896,131.2469522595,1.9897344,139.0,18864.9729568286,5.94523519359
1242879153,4.6381416,3542.8513344,2392.717285668,3542.8513344,131.15260504654,1.9897344,139.0,18864.9729568286,6.04003599892
1242879156,4.637532,3542.851944,2392.717285668,3542.851944,131.20748972331,1.9897344,140.0,18957.3213360133,5.98469772978
1242879159,4.636008,3542.8531632,2392.717285668,3542.8531632,131.06869045809,1.9897344,139.0,18886.2846516218,6.123496995
1242879162,4.634484,3542.854992,2392.717285668,3542.854992,131.19977865302,1.9897344,139.0,18886.2846516218,5.99240880007
1242879165,4.6320456,3542.8574304,2392.717285668,3542.8574304,131.31861985396,1.9897344,139.0,18895.2409413456,5.87356759913
1242879168,4.6311312,3542.8583448,2392.717285668,3542.8583448,131.29639382783,1.9897344,139.0,18885.9743875436,5.89579362526
1242879171,4.629912,3542.8598688,2392.717285668,3542.8598688,131.34538180379,1.9897344,139.0,18885.9743875436,5.8468056493
1242879174,4.6262544,3542.8632216,2392.717285668,3542.8632216,131.37214375362,1.9897344,140.0,18935.7062718992,5.82004369947
1242879177,4.622292,3542.867184,2392.717285668,3542.867184,131.31000159893,1.9897344,140.0,18883.8094337536,5.88263944653
1242879180,4.6210728,3542.868708,2392.717285668,3542.868708,131.11450328746,1.9897344,140.0,18883.8094337536,6.07768416563
1242879183,4.6189392,3542.8705368,2392.717285668,3542.8705368,131.24196274343,1.9897344,139.0,18910.9954617605,5.95022470966
1242879186,4.61772,3542.8720608,2392.717285668,3542.8720608,131.21565438597,1.9897344,140.0,18881.3411106426,5.97698665949
1242879195,4.6110144,3542.8787664,2392.717285668,3542.8787664,131.3966377416,1.9897344,140.0,18777.2440650304,5.79554971149
1242879198,4.6079664,3542.8818144,2392.717285668,3542.8818144,131.22200467915,1.9897344,140.0,18777.2440650304,5.97018277394
1242879201,4.6030896,3542.886996,2392.717285668,3542.886996,131.25647769927,1.9897344,139.0,18790.2199982561,5.93570975382
1242879204,4.6018704,3542.8873008,2392.717285668,3542.8873008,131.33903151061,1.9897344,139.0,18955.7838051369,5.85315594248
1242879207,4.600956,3542.8888248,2392.717285668,3542.8888248,131.38938026368,1.9897344,139.0,18955.7838051369,5.80280718941
1242879210,4.5976032,3542.8918728,2392.717285668,3542.8918728,131.28278605673,1.9897344,140.0,18866.5173824623,5.90985498873
1242879213,4.5954696,3542.8940064,2392.717285668,3542.8940064,131.28596120332,1.9897344,140.0,18829.4511672542,5.90622624977
1242879216,4.5954696,3542.8943112,2392.717285668,3542.8943112,131.22744778759,1.9897344,139.0,18978.0193974074,5.9647396655
1242879219,4.5939456,3542.8958352,2392.717285668,3542.8958352,131.32769170136,1.9897344,139.0,18978.0193974074,5.86449575173
1242879222,4.5927264,3542.8967496,2392.717285668,3542.8967496,131.17347029556,1.9897344,139.0,18987.2859512094,6.01871715753
1242879225,4.590288,3542.8994928,2392.717285668,3542.8994928,131.46331581999,1.9897344,140.0,18816.1718647076,5.72932522547
1242879228,4.5878496,3542.9019312,2392.717285668,3542.9019312,131.24332352054,1.9897344,140.0,18816.1718647076,5.94886393255
1242879231,4.5863256,3542.9028456,2392.717285668,3542.9028456,131.3921018179,1.9897344,139.0,18953.9291154251,5.80008563519
1242879234,4.584192,3542.9055888,2392.717285668,3542.9055888,131.55358070162,1.9897344,139.0,18866.5173824623,5.63860675147
1242879237,4.581144,3542.908332,2392.717285668,3542.908332,131.41977095247,1.9897344,139.0,18866.5173824623,5.77241650062
1242879240,4.5805344,3542.9092464,2392.717285668,3542.9092464,131.45651193444,1.9897344,140.0,18851.6867595247,5.73567551865
1242879243,4.578096,3542.91138,2392.717285668,3542.91138,131.45424397259,1.9897344,140.0,18851.6867595247,5.7379434805
1242879246,4.5756576,3542.9135136,2392.717285668,3542.9135136,131.51502535017,1.9897344,139.0,18892.7657234774,5.67761569529
1242879249,4.5729144,3542.9162568,2392.717285668,3542.9162568,131.62479470371,1.9897344,139.0,18920.2620155625,5.56739274938
1242879252,4.5716952,3542.9177808,2392.717285668,3542.9177808,131.49597447063,1.9897344,139.0,18920.2620155625,5.69666657483
1242879255,4.570476,3542.9186952,2392.717285668,3542.9186952,131.41432784403,1.9897344,140.0,18966.2845204944,5.77785960906
1242879258,4.5698664,3542.9196096,2392.717285668,3542.9196096,131.47873796057,1.9897344,139.0,18870.5301312069,5.71344949252
1242879261,4.567428,3542.922048,2392.717285668,3542.922048,131.67196831019,1.9897344,139.0,18870.5301312069,5.5202191429
1242879264,4.5662088,3542.9232672,2392.717285668,3542.9232672,131.65291743065,1.9897344,140.0,18915.6287386615,5.53927002244
1242879267,4.5655992,3542.9238768,2392.717285668,3542.9238768,131.39754492634,1.9897344,139.0,18837.1732954226,5.79464252675
1242879270,4.56438,3542.925096,2392.717285668,3542.925096,131.64520636036,1.9897344,139.0,18837.1732954226,5.54698109273
1242879273,4.5637704,3542.9254008,2392.717285668,3542.9254008,131.67378267967,1.9897344,139.0,18926.4397180972,5.51840477342
1242879276,4.562856,3542.9269248,2392.717285668,3542.9269248,131.73048172592,1.9897344,139.0,18751.6093574144,5.46215931954
1242879279,4.5595032,3542.9302776,2392.717285668,3542.9302776,131.78083047899,1.9897344,139.0,18751.6093574144,5.4113569741
1242879282,4.5558456,3542.9336304,2392.717285668,3542.9336304,131.75361493679,1.9897344,139.0,18937.864330932,5.4385725163
1242879285,4.5524928,3542.9375928,2392.717285668,3542.9375928,131.69782307528,1.9897344,139.0,18894.0067797902,5.49436437781
1242879288,4.5488352,3542.9409456,2392.717285668,3542.9409456,131.66516442464,1.9897344,139.0,18894.0067797902,5.52747662082
1242879291,4.5427392,3542.9467368,2392.717285668,3542.9467368,131.67015394071,1.9897344,139.0,18859.0986236148,5.52203351238
1242879294,4.5390816,3542.9506992,2392.717285668,3542.9506992,131.49234573167,1.9897344,139.0,18872.9984543179,5.69984172142
1242879297,4.5357288,3542.9534424,2392.717285668,3542.9534424,131.66198927805,1.9897344,140.0,18978.3296614856,5.53019817504
1242879300,4.5342048,3542.955576,2392.717285668,3542.955576,131.36125753674,1.9897344,140.0,18978.3296614856,5.83092991635
1242879303,4.530852,3542.958624,2392.717285668,3542.958624,131.56038458717,1.9897344,140.0,18872.0745568406,5.63180286592
1242879306,4.527804,3542.961672,2392.717285668,3542.961672,131.42067813721,1.9897344,140.0,18856.0097723475,5.77150931588
1242879312,4.5244512,3542.9653296,2392.717285668,3542.9653296,131.51366457306,1.9897344,140.0,18775.0860059976,5.67852288003
1242879315,4.521708,3542.967768,2392.717285668,3542.967768,131.46286222762,1.9897344,139.0,18734.620675444,5.72932522547
1242879318,4.5189648,3542.9705112,2392.717285668,3542.9705112,131.48826340034,1.9897344,139.0,18734.620675444,5.70392405275
1242879321,4.5183552,3542.9714256,2392.717285668,3542.9714256,131.49506728589,1.9897344,140.0,19100.9598147019,5.6971201672
1242879324,4.5150024,3542.9750832,2392.717285668,3542.9750832,131.56401332613,1.9897344,140.0,18847.0534826237,5.62817412696
1242879327,4.5116496,3542.9778264,2392.717285668,3542.9778264,131.55312710925,1.9897344,140.0,18847.0534826237,5.63906034384
1242879330,4.5116496,3542.9778264,2392.717285668,3542.9778264,131.3376707335,1.9897344,138.0,18899.2536900903,5.85451671959
1242879333,4.507992,3542.981484,2392.717285668,3542.981484,131.52228282809,1.9897344,138.0,18899.2536900903,5.669904625
1242879336,4.5043344,3542.9857512,2392.717285668,3542.9857512,131.56038458717,1.9897344,139.0,18873.6189824743,5.63180286592
1242879339,4.500372,3542.9887992,2392.717285668,3542.9887992,131.33993869535,1.9897344,140.0,18927.9841437309,5.85224875774
1242879342,4.4982384,3542.9909328,2392.717285668,3542.9909328,131.50459272566,1.9897344,140.0,18927.9841437309,5.68759472743
1242879345,4.4976288,3542.9915424,2392.717285668,3542.9915424,131.41659580588,1.9897344,139.0,18822.6529365632,5.77559164721
1242879348,4.4933616,3542.9964192,2392.717285668,3542.9964192,131.48100592242,2.6691336,140.0,18928.9080412082,5.71118153067
1242879351,4.4903136,3542.9991624,2392.717285668,3542.9991624,131.71052366164,2.6691336,140.0,18824.507626275,5.48166379145
1242879354,4.4893992,3543.0003816,2392.717285668,3543.0003816,131.42566765328,2.6691336,140.0,18863.1182671168,5.76651979981
1242879357,4.4878752,3543.0016008,2392.717285668,3543.0016008,131.56991002694,2.6691336,140.0,18934.782374422,5.62273101852
1242879360,4.485132,3543.004344,2392.717285668,3543.004344,131.72277065563,2.6691336,140.0,18934.782374422,5.46941679746
1242879363,4.4823888,3543.007392,2392.717285668,3543.007392,131.41069910507,2.6691336,140.0,18871.7642927624,5.78148834802
1242879366,4.4808648,3543.0086112,2392.717285668,3543.0086112,131.50005680196,2.6691336,140.0,18893.0759875556,5.6925842435
1242879369,4.4793408,3543.01044,2392.717285668,3543.01044,131.44880086415,2.6691336,140.0,18893.0759875556,5.74338658894
1242879372,4.475988,3543.0137928,2392.717285668,3543.0137928,131.40707036611,2.6691336,139.0,18943.7317693885,5.78511708698
1242879375,4.4726352,3543.0171456,2392.717285668,3543.0171456,131.77266581633,2.6691336,140.0,18838.4074569781,5.41952163676
1242879378,4.4689776,3543.0208032,2392.717285668,3543.0208032,131.20068583776,2.6691336,139.0,18866.8207517832,5.99150161533
1242879381,4.4677584,3543.0217176,2392.717285668,3543.0217176,131.39754492634,2.6691336,139.0,18866.8207517832,5.79509611912
1242879384,4.4674536,3543.0220224,2392.717285668,3543.0220224,131.32587733188,2.6691336,139.0,18837.4835595008,5.86631012121
1213499659,5.2300001064,2282.9199219336,0.0,3750.0300294144,70.7173179912576,25.3999995936,0.0,242.000010130394,0.0
1213499663,5.2300001064,2282.9199219336,0.0,3750.0300294144,70.7173179912576,25.3999995936,0.0,254.999992269575,0.0
1213499668,5.2300001064,2282.9199219336,0.0,3750.0300294144,70.8090965106263,25.3999995936,0.0,243.000005043923,0.0
1213499673,5.2300001064,2282.9199219336,0.0,3750.0300294144,70.8294873020273,25.3999995936,0.0,254.999992269575,0.0
1213499677,5.2300001064,2282.9199219336,0.0,3750.0300294144,70.6969267462643,25.3999995936,0.0,238.000009792005,0.0
1213499682,5.2300001064,2282.9199219336,0.0,3750.0300294144,70.6663364768315,25.3999995936,0.0,270.000005604359,0.0
1213499687,5.2300001064,2282.9199219336,0.0,3750.0300294144,70.2686480056569,25.3999995936,0.0,248.000000295841,0.0
1213499691,5.2300001064,2282.9199219336,0.0,3750.0300294144,70.3808096053562,25.3999995936,0.0,232.999993855815,0.0
1213499696,5.2300001064,2282.9199219336,0.0,3750.0300294144,70.2278582581923,25.3999995936,0.0,257.999990799677,0.0
1213499700,5.2300001064,2282.9199219336,0.0,3750.0300294144,70.3808096053562,25.3999995936,0.0,261.999991138066,0.0
1213499705,5.2300001064,2282.9199219336,0.0,3750.0300294144,70.4012081078275,25.3999995936,0.0,241.000008322107,0.0
1213499708,5.2300001064,2282.9199219336,0.0,3750.0300294144,70.5133778721896,25.3999995936,0.0,250.999998825943,0.0
1213499713,5.2300001064,2282.9199219336,0.0,3750.0300294144,70.3298285445225,25.3999995936,0.0,232.999993855815,0.0
1213499717,5.2300001064,2282.9199219336,0.0,3750.0300294144,70.4012081078275,25.3999995936,0.0,232.999993855815,0.0
1213499722,5.2300001064,2282.9199219336,0.0,3750.0300294144,70.3604188139553,25.3999995936,0.0,249.000002104128,0.0
1213499727,5.23999968,2282.9199219336,0.0,3750.0300294144,70.6255471829592,25.3999995936,0.0,231.999992047528,0.0
1213499731,5.3600000496,2282.9199219336,0.0,3750.0300294144,69.6874020421525,25.3999995936,0.0,222.000001543692,0.0
1213499736,5.489999688,2282.8400878032,0.0,3750.0300294144,131.951271894349,25.3999995936,0.0,231.999992047528,0.0
1213499740,5.9999998872,2282.3300781552,0.0,3750.0300294144,133.154544950567,25.3999995936,0.0,225.000000073794,0.0
1213499743,8.0200003176,2280.3100585224,0.0,3750.0300294144,135.948572798669,25.3999995936,0.0,230.999997133999,0.0
1213499750,9.4200000576,2278.9099121736,0.0,3750.0300294144,135.367327288757,25.3999995936,0.0,239.000011600291,0.0
1213499754,12.3000000888,2276.0300291856,0.0,3750.0300294144,135.561075640863,25.3999995936,0.0,243.000005043923,0.0
1213499759,13.729999464,2274.6000977808,0.0,3750.0300294144,135.948572798669,25.3999995936,0.0,263.000013630625,0.0
1213499762,14.210000028,2274.1201173336,0.0,3750.0300294144,136.060726687298,25.3999995936,0.0,243.000005043923,0.0
1213499766,17.1499996344,2271.1799314944,0.0,3750.0300294144,135.408108871559,25.3999995936,0.0,260.99998932978,0.0
1213499771,20.6499997464,2267.6799316872,0.0,3750.0300294144,135.989354835063,25.3999995936,0.0,279.999996108195,0.0
1213499776,22.1399993064,2266.1899412712,0.0,3750.0300294144,136.152512917737,25.3999995936,0.0,263.000013630625,0.0
1213499781,23.6000004504,2264.7299803608,0.0,3750.0300294144,135.724234177129,25.3999995936,0.0,264.000008544154,0.0
1213499785,27.5900000904,2260.7399901696,0.0,3750.0300294144,135.387725791228,25.3999995936,0.0,293.000005826406,0.0
1213499790,29.5900001544,2258.7399901056,0.0,3750.0300294144,134.735107975489,25.3999995936,0.0,305.999994860344,0.0
1213499795,31.6299991224,2256.6999512088,0.0,3750.0300294144,135.816004985428,25.3999995936,0.0,281.999992830011,0.0
1213499799,33.7000007736,2254.6298828064,0.0,3750.0300294144,135.673245405225,25.3999995936,0.0,270.000005604359,0.0
1213499804,36.8199997152,2251.5100097472,0.0,3750.0300294144,135.010420400384,25.3999995936,0.0,272.000002326175,0.0
1213499808,37.8699988344,2250.4599609456,0.0,3750.0300294144,136.234092412666,25.3999995936,0.0,277.999999386379,0.0
1213499813,40.0000000608,2248.3300779816,0.0,3750.0300294144,135.928174296197,25.3999995936,0.0,268.000008882543,0.0
1213499818,44.3199996504,2244.010009812,0.0,3750.0300294144,135.561075640863,25.3999995936,0.0,241.000008322107,0.0
1213499821,45.8199996984,2242.510009764,0.0,3750.0300294144,136.478814114536,25.3999995936,0.0,244.000006852209,0.0
1213499825,46.060001352,2242.270019388,0.0,3750.0300294144,133.96011411347,25.3999995936,0.0,256.999995886148,0.0
1213499830,46.04999934,2242.2800293248,0.0,3750.0300294144,131.992068899291,25.3999995936,0.0,267.000007074256,0.0
1213499835,45.7299995736,2242.3500976632,0.0,3750.0300294144,71.9715721083097,25.3999995936,0.0,258.999992607964,0.0
1213499839,45.6199990824,2242.3500976632,0.0,3750.0300294144,70.7581072851299,25.3999995936,0.0,259.999987521493,0.0
1213499849,45.5800017024,2242.3500976632,0.0,3750.0300294144,71.7370340087385,25.3999995936,0.0,229.999995325712,0.0
1213499853,45.1199990664,2242.3500976632,0.0,3750.0300294144,72.879118815021,25.3999995936,0.0,238.000009792005,0.0
1213499858,44.4799995336,2242.3500976632,0.0,3750.0300294144,72.593599654616,25.3999995936,0.0,245.000001765739,0.0
1213499862,43.81000128,2242.3500976632,0.0,3750.0300294144,72.5018211352473,25.3999995936,0.0,243.000005043923,0.0
1213499867,42.2400017784,2242.3500976632,0.0,3750.0300294144,72.124531166544,25.3999995936,0.0,254.999992269575,0.0
1213499875,41.3800009584,2242.3500976632,0.0,3750.0300294144,73.1034578901527,25.3999995936,0.0,293.000005826406,0.0
1213499879,40.0699998192,2242.3500976632,0.0,3750.0300294144,73.9804143274311,25.3999995936,0.0,263.000013630625,0.0
1213499884,38.1500015256,2242.3500976632,0.0,3750.0300294144,73.8886358080625,25.3999995936,0.0,260.99998932978,0.0
1213499889,36.2400015864,2242.3500976632,0.0,3750.0300294144,75.4691992865765,25.3999995936,0.0,272.000002326175,0.0
1213499893,28.8899995224,2242.3500976632,0.0,3750.0300294144,74.7146034734368,25.3999995936,0.0,245.000001765739,0.0
1213499898,22.1299991232,2242.3500976632,0.0,3750.0300294144,73.8682450166615,25.3999995936,0.0,245.000001765739,0.0
1213499903,14.07999978,2242.3500976632,0.0,3750.0300294144,71.5228944116387,25.3999995936,0.0,275.000000856277,0.0
1213499907,11.2500000552,2242.3500976632,0.0,3750.0300294144,71.2985557900993,25.3999995936,0.0,277.999999386379,0.0
1213499912,5.6599997544,2242.3500976632,0.0,3750.0300294144,72.2061024968106,25.3999995936,0.0,234.99999057763,0.0
1213499916,5.2300001064,2242.3500976632,0.0,3750.0300294144,70.6051482268956,25.3999995936,0.0,247.000005382312,0.0
1213499921,5.2300001064,2242.3500976632,0.0,3750.0300294144,70.5337686635905,25.3999995936,0.0,241.000008322107,0.0
1213499924,5.2300001064,2242.3500976632,0.0,3750.0300294144,70.5745579574628,25.3999995936,0.0,235.999992385917,0.0
1213499929,5.2300001064,2242.3500976632,0.0,3750.0300294144,70.5133778721896,25.3999995936,0.0,229.999995325712,0.0
1213499933,5.2300001064,2242.3500976632,0.0,3750.0300294144,70.4725881247249,25.3999995936,0.0,239.000011600291,0.0
1213499938,5.2300001064,2242.3500976632,0.0,3750.0300294144,70.4725881247249,25.3999995936,0.0,244.000006852209,0.0
1213499943,5.2300001064,2242.3500976632,0.0,3750.0300294144,70.5745579574628,25.3999995936,0.0,241.000008322107,0.0
1213499947,5.2300001064,2242.3500976632,0.0,3750.0300294144,70.5847574354946,25.3999995936,0.0,248.000000295841,0.0
1213499952,5.2300001064,2242.3500976632,0.0,3750.0300294144,70.5541671660618,25.3999995936,0.0,226.000001882081,0.0
1213499957,5.2300001064,2242.3500976632,0.0,3750.0300294144,70.4419978552921,25.3999995936,0.0,197.000004599829,0.0
1213499961,5.2300001064,2242.3500976632,0.0,3750.0300294144,70.5745579574628,25.3999995936,0.0,226.99999679561,0.0
1213499966,5.2300001064,2242.3500976632,0.0,3750.0300294144,70.4215993528209,25.3999995936,0.0,249.000002104128,0.0
1213499970,5.2300001064,2242.3500976632,0.0,3750.0300294144,70.5847574354946,25.3999995936,0.0,241.000008322107,0.0
1213499975,5.2300001064,2242.3500976632,0.0,3750.0300294144,70.3094295884588,25.3999995936,0.0,254.999992269575,0.0
1213499978,5.2300001064,2242.3500976632,0.0,3750.0300294144,70.1972602776892,25.3999995936,0.0,261.999991138066,0.0
1213499983,5.23999968,2242.3500976632,0.0,3750.0300294144,70.0035196366529,25.3999995936,0.0,253.999997356046,0.0
1213499987,5.2499998632,2242.3500976632,0.0,3750.0300294144,70.2176592337528,25.3999995936,0.0,242.000010130394,0.0
1213499992,5.2499998632,2242.3500976632,0.0,3750.0300294144,70.2890387970578,25.3999995936,0.0,234.99999057763,0.0
1213499997,5.2499998632,2242.3500976632,0.0,3750.0300294144,70.2890387970578,25.3999995936,0.0,235.999992385917,0.0
1213500001,5.2499998632,2242.3500976632,0.0,3750.0300294144,70.4012081078275,25.3999995936,0.0,257.999990799677,0.0
1213500006,5.2499998632,2242.3500976632,0.0,3750.0300294144,70.4215993528209,25.3999995936,0.0,253.999997356046,0.0
1213500011,5.2499998632,2242.3500976632,0.0,3750.0300294144,70.4012081078275,25.3999995936,0.0,239.000011600291,0.0
1213500015,5.2499998632,2242.3500976632,0.0,3750.0300294144,70.5133778721896,25.3999995936,0.0,241.000008322107,0.0
1213500020,5.2499998632,2242.3500976632,0.0,3750.0300294144,70.4725881247249,25.3999995936,0.0,246.000003574025,0.0
1213500024,5.2499998632,2242.3500976632,0.0,3750.0300294144,70.4725881247249,25.3999995936,0.0,250.999998825943,0.0
1213500029,5.280000108,2242.3500976632,0.0,3750.0300294144,69.9831206805893,25.3999995936,0.0,232.999993855815,0.0
1213500032,5.3499998664,2242.3500976632,0.0,3750.0300294144,69.6160224788475,25.3999995936,0.0,238.000009792005,0.0
1213500036,5.5100003592,2242.2099609864,0.0,3750.0300294144,132.685468751425,25.3999995936,0.0,242.000010130394,0.0
1213500041,5.7100000608,2242.010009748,0.0,3750.0300294144,132.287779826658,25.3999995936,0.0,245.000001765739,0.0
1213500044,6.5700002712,2241.1599121848,0.0,3750.0300294144,132.634495401661,25.3999995936,0.0,279.999996108195,0.0
1213500050,8.2799995944,2239.4399413296,0.0,3750.0300294144,134.429190312613,25.3999995936,0.0,264.000008544154,0.0
1213500055,11.1400004784,2236.5800782152,0.0,3750.0300294144,136.17289645166,25.3999995936,0.0,250.999998825943,0.0
1213500058,13.0500001128,2234.6699219136,0.0,3750.0300294144,134.337419504314,25.3999995936,0.0,323.000004916944,0.0
1213500065,15.4499998848,2232.2700196776,0.0,3750.0300294144,135.102206630823,25.3999995936,0.0,307.99999158216,0.0
1213500069,16.940000664,2230.7800292616,0.0,3750.0300294144,135.428507827622,25.3999995936,0.0,322.000003108657,0.0
1213500072,19.9500006384,2227.7800291656,0.0,3750.0300294144,135.234759021923,25.3999995936,0.0,297.000006164795,0.0
1213500076,21.9400005192,2225.7800294064,0.0,3750.0300294144,135.234759021923,25.3999995936,0.0,325.999996552289,0.0
1213500081,22.8999995136,2224.8200682072,0.0,3750.0300294144,135.204168752491,25.3999995936,0.0,323.999999830473,0.0
1213500084,25.3799992272,2222.3400880008,0.0,3750.0300294144,133.042375639797,25.3999995936,0.0,328.000000168862,0.0
1213500088,27.8799993072,2219.8400879208,0.0,3750.0300294144,135.030818902855,25.3999995936,0.0,331.999993612494,0.0
1213500093,30.8899992816,2216.8300781928,0.0,3750.0300294144,133.827561268778,25.3999995936,0.0,309.999988303976,0.0
1213500100,33.4900018032,2214.2399902056,0.0,3750.0300294144,134.622938664719,25.3999995936,0.0,315.000011134923,0.0
1213500105,36.599998428,2211.1201171464,0.0,3750.0300294144,135.091999441721,25.3999995936,0.0,314.000009326637,0.0
1213500109,38.6899986168,2209.0300291752,0.0,3750.0300294144,134.877868009284,25.3999995936,0.0,320.000006386842,0.0
1213500114,40.3100014728,2207.4099120192,0.0,3750.0300294144,133.582823691175,25.3999995936,0.0,289.000012382774,0.0
1213500118,42.4700011152,2205.2499998544,0.0,3750.0300294144,133.603222647238,25.3999995936,0.0,302.000001416713,0.0
1213500121,45.1699981536,2202.5500488408,0.0,3750.0300294144,134.673927890216,25.3999995936,0.0,302.000001416713,0.0
1213500126,46.060001352,2201.65991214,0.0,3750.0300294144,131.594380428117,25.3999995936,0.0,302.000001416713,0.0
1213500132,46.060001352,2201.669921772,0.0,3750.0300294144,132.614096445598,25.3999995936,0.0,302.999996330242,0.0
1213500137,45.8899994568,2201.7199708464,0.0,3750.0300294144,71.4923041422059,25.3999995936,0.0,290.000007296303,0.0
1213500140,45.7099992072,2201.7199708464,0.0,3750.0300294144,72.0123618557743,25.3999995936,0.0,288.000010574488,0.0
1213500145,45.6800001816,2201.7199708464,0.0,3750.0300294144,70.9824463602616,25.3999995936,0.0,275.000000856277,0.0
1213500149,45.6800001816,2201.7199708464,0.0,3750.0300294144,71.0538259235666,25.3999995936,0.0,264.000008544154,0.0
1213500154,45.6800001816,2201.7199708464,0.0,3750.0300294144,71.1863864793297,25.3999995936,0.0,283.999989551827,0.0
1213500158,45.6800001816,2201.7199708464,0.0,3750.0300294144,71.1557962098969,25.3999995936,0.0,280.999991021724,0.0
1213500163,45.5900000568,2201.7199708464,0.0,3750.0300294144,71.390334309468,25.3999995936,0.0,308.999993390447,0.0
1213500168,45.1800001656,2201.7199708464,0.0,3750.0300294144,71.7370340087385,25.3999995936,0.0,268.000008882543,0.0
1213500173,43.9199981136,2201.7199708464,0.0,3750.0300294144,72.4610313877827,25.3999995936,0.0,303.999998138529,0.0
1213500177,43.2200011392,2201.7199708464,0.0,3750.0300294144,71.5432933677023,25.3999995936,0.0,309.999988303976,0.0
1213500182,41.549999196,2201.7199708464,0.0,3750.0300294144,70.941656612797,25.3999995936,0.0,278.999994299909,0.0
1213500186,41.3300018712,2201.7199708464,0.0,3750.0300294144,73.4399581113914,25.3999995936,0.0,273.99999904799,0.0
1213500191,40.349998548,2201.7199708464,0.0,3750.0300294144,70.8294873020273,25.3999995936,0.0,299.00000288661,0.0
1213500194,38.9399986248,2201.7199708464,0.0,3750.0300294144,74.9389420949762,25.3999995936,0.0,281.999992830011,0.0
1213500199,31.4500007016,2201.7199708464,0.0,3750.0300294144,74.0619856576977,25.3999995936,0.0,314.000009326637,0.0
1213500203,24.6200008488,2201.7199708464,0.0,3750.0300294144,74.1741549684674,25.3999995936,0.0,303.999998138529,0.0
1213500208,18.040001004,2201.7199708464,0.0,3750.0300294144,72.593599654616,25.3999995936,0.0,277.999999386379,0.0
1213500212,13.3199995728,2201.7199708464,0.0,3750.0300294144,72.6853704629144,25.3999995936,0.0,279.999996108195,0.0
1213500217,5.8299998208,2201.7199708464,0.0,3750.0300294144,67.0973297352597,25.3999995936,0.0,279.999996108195,0.0
1213500222,5.2699999248,2203.7199706056,0.0,3750.0300294144,70.4929789161259,25.3999995936,0.0,272.000002326175,0.0
1213500227,5.2300001064,2203.7199706056,0.0,3750.0300294144,69.8709513698196,25.3999995936,0.0,249.999997017657,0.0
1213500231,5.2300001064,2203.7199706056,0.0,3750.0300294144,70.1768694862882,25.3999995936,0.0,257.999990799677,0.0
1213500236,5.2300001064,2203.7199706056,0.0,3750.0300294144,70.2176592337528,25.3999995936,0.0,248.000000295841,0.0
1213500240,5.2300001064,2203.7199706056,0.0,3750.0300294144,70.3094295884588,25.3999995936,0.0,253.999997356046,0.0
1213500245,5.2300001064,2203.7199706056,0.0,3750.0300294144,70.4419978552921,25.3999995936,0.0,255.999994077862,0.0
1213500248,5.2300001064,2203.7199706056,0.0,3750.0300294144,70.3094295884588,25.3999995936,0.0,252.00000063423,0.0
1213500253,5.2300001064,2203.7199706056,0.0,3750.0300294144,70.3400275689619,25.3999995936,0.0,294.000007634692,0.0
1213500257,5.2300001064,2203.7199706056,0.0,3750.0300294144,70.3400275689619,25.3999995936,0.0,291.00000910459,0.0
1213500262,5.4000001728,2203.7199706056,0.0,3750.0300294144,70.0443093841175,25.3999995936,0.0,266.00000526597,0.0
1213500266,5.5900003008,2203.530029304,0.0,3750.0300294144,131.033533420676,25.3999995936,0.0,277.999999386379,0.0
1213500271,5.9699996424,2203.159912188,0.0,3750.0300294144,131.094713959542,25.3999995936,0.0,299.00000288661,0.0
1213500276,7.3299998688,2201.7900391848,0.0,3750.0300294144,132.043058124788,25.3999995936,0.0,315.000011134923,0.0
1213500281,10.1400004464,2198.9899903272,0.0,3750.0300294144,133.868343305172,25.3999995936,0.0,275.999995769806,0.0
1213500285,13.4899996392,2195.6298827472,0.0,3750.0300294144,133.694993455537,25.3999995936,0.0,272.000002326175,0.0
1213500290,13.9700002032,2195.1499023,0.0,3750.0300294144,133.440064110972,25.3999995936,0.0,258.999992607964,0.0
1213500294,15.4099997616,2193.7099609584,0.0,3750.0300294144,133.2871132174,25.3999995936,0.0,241.000008322107,0.0
1213500299,19.3999997064,2189.7199707672,0.0,3750.0300294144,133.225916802802,25.3999995936,0.0,266.00000526597,0.0
1213500302,21.8999994816,2187.2199706872,0.0,3750.0300294144,136.4992130706,25.3999995936,0.0,247.000005382312,0.0
1213500307,22.3799991312,2186.73999024,0.0,3750.0300294144,134.357802584645,25.3999995936,0.0,266.00000526597,0.0
1213500313,26.3400000504,2182.7800292496,0.0,3750.0300294144,138.63041591386,25.3999995936,0.0,275.000000856277,0.0
1213500316,28.8400001304,2180.2900391064,0.0,3750.0300294144,133.827561268778,25.3999995936,0.0,295.000002548221,0.0
1213500320,29.8400001624,2179.2900390744,0.0,3750.0300294144,132.532517404261,25.3999995936,0.0,308.999993390447,0.0
1213500325,31.3600005768,2177.7600098256,0.0,3750.0300294144,133.225916802802,25.3999995936,0.0,297.000006164795,0.0
1213500330,34.4799995184,2174.6398926216,0.0,3750.0300294144,133.53183491927,25.3999995936,0.0,266.00000526597,0.0
1213500334,37.0800017352,2172.0400391472,0.0,3750.0300294144,136.285065762429,25.3999995936,0.0,263.000013630625,0.0
1213500339,39.7299996864,2169.3999023904,0.0,3750.0300294144,134.18445273501,25.3999995936,0.0,275.000000856277,0.0
1213500342,41.8899993288,2167.2399902256,0.0,3750.0300294144,139.385011726999,25.3999995936,0.0,273.99999904799,0.0
1213500348,45.1300010784,2163.9899901216,0.0,3750.0300294144,133.042375639797,25.3999995936,0.0,295.000002548221,0.0
1213500353,46.060001352,2163.0600587328,0.0,3750.0300294144,132.287779826658,25.3999995936,0.0,313.000014413108,0.0
1213500356,46.060001352,2163.0700683648,0.0,3750.0300294144,131.747331775281,25.3999995936,0.0,305.999994860344,0.0
1213500361,46.04999934,2163.0700683648,0.0,3750.0300294144,131.349642850514,25.3999995936,0.0,272.000002326175,0.0
1213500365,45.9500008608,2163.1000975656,0.0,3750.0300294144,73.460357067455,25.3999995936,0.0,297.000006164795,0.0
1213500370,45.6699981696,2163.1000975656,0.0,3750.0300294144,71.390334309468,25.3999995936,0.0,266.00000526597,0.0
1213500375,45.6699981696,2163.1000975656,0.0,3750.0300294144,70.941656612797,25.3999995936,0.0,276.999997578093,0.0
1213500379,45.5999984112,2163.1000975656,0.0,3750.0300294144,75.4895900779775,25.3999995936,0.0,284.999991360113,0.0
1213500384,45.0299986368,2163.1000975656,0.0,3750.0300294144,70.7581072851299,25.3999995936,0.0,285.999986273643,0.0
1213500389,44.1199990344,2163.1000975656,0.0,3750.0300294144,71.1354054184959,25.3999995936,0.0,275.999995769806,0.0
1213500393,42.6899987448,2163.1000975656,0.0,3750.0300294144,71.5840749505043,25.3999995936,0.0,265.000010352441,0.0
1213500398,41.7900008496,2163.1000975656,0.0,3750.0300294144,70.6051482268956,25.3999995936,0.0,255.999994077862,0.0
1213500402,41.3400002256,2163.1000975656,0.0,3750.0300294144,71.2067849818009,25.3999995936,0.0,282.999994638297,0.0
1213500407,40.9799994216,2163.1000975656,0.0,3750.0300294144,70.8294873020273,25.3999995936,0.0,294.000007634692,0.0
1213500410,39.9399986568,2163.1000975656,0.0,3750.0300294144,71.3597440400352,25.3999995936,0.0,294.000007634692,0.0
1213500415,35.5699996752,2163.1000975656,0.0,3750.0300294144,75.4284095391119,25.3999995936,0.0,297.000006164795,0.0
1213500419,34.0900002984,2163.1000975656,0.0,3750.0300294144,75.9178688185849,25.3999995936,0.0,286.999988081929,0.0
1213500424,22.2000007104,2163.1000975656,0.0,3750.0300294144,75.0715103618095,25.3999995936,0.0,288.000010574488,0.0
1213500429,14.1400002696,2163.1000975656,0.0,3750.0300294144,73.1952286984511,25.3999995936,0.0,290.000007296303,0.0
1213500433,10.0299996504,2163.1000975656,0.0,3750.0300294144,71.9001925450047,25.3999995936,0.0,285.999986273643,0.0
1213500438,6.8299998528,2163.1000975656,0.0,3750.0300294144,68.0966472502693,25.3999995936,0.0,302.999996330242,0.0
1213500443,5.2300001064,2163.1000975656,0.0,3750.0300294144,69.7078009982161,25.3999995936,0.0,306.999996668631,0.0
1213500447,5.2300001064,2163.1000975656,0.0,3750.0300294144,70.0239104280539,25.3999995936,0.0,313.000014413108,0.0
1213500452,5.2300001064,2163.1000975656,0.0,3750.0300294144,70.3808096053562,25.3999995936,0.0,306.999996668631,0.0
1213500456,5.2300001064,2163.1000975656,0.0,3750.0300294144,70.1360797388236,25.3999995936,0.0,273.99999904799,0.0
1213500461,5.2300001064,2163.1000975656,0.0,3750.0300294144,70.1768694862882,25.3999995936,0.0,272.000002326175,0.0
1213500464,5.2300001064,2163.1000975656,0.0,3750.0300294144,70.2176592337528,25.3999995936,0.0,270.000005604359,0.0
1213500469,5.369999928,2163.1000975656,0.0,3750.0300294144,69.7485907456808,25.3999995936,0.0,272.000002326175,0.0
1213500473,5.4099997464,2163.1000975656,0.0,3750.0300294144,69.8709513698196,25.3999995936,0.0,299.99999780014,0.0
1213500478,5.6899999992,2162.8798829184,0.0,3750.0300294144,130.992751384282,25.3999995936,0.0,299.99999780014,0.0
1213500483,6.4000002048,2162.1699217272,0.0,3750.0300294144,130.41150587437,25.3999995936,0.0,299.99999780014,0.0
1213500487,8.5699997256,2159.9999999304,0.0,3750.0300294144,131.818719049656,25.3999995936,0.0,279.999996108195,0.0
1213500492,10.9499997408,2157.6201172632,0.0,3750.0300294144,132.981195100932,25.3999995936,0.0,285.999986273643,0.0
1213500496,13.3500004272,2155.2199705776,0.0,3750.0300294144,132.287779826658,25.3999995936,0.0,291.00000910459,0.0
1213500501,14.7899999856,2153.780029236,0.0,3750.0300294144,132.440746595962,25.3999995936,0.0,280.999991021724,0.0
1213500504,17.2499999424,2151.3200682936,0.0,3750.0300294144,131.879899588522,25.3999995936,0.0,277.999999386379,0.0
1213500510,19.7500000224,2148.8200682136,0.0,3750.0300294144,132.797638062194,25.3999995936,0.0,294.000007634692,0.0
1213500515,22.2299994312,2146.3300780704,0.0,3750.0300294144,132.389757824058,25.3999995936,0.0,296.000004356508,0.0
1213500520,24.6900006072,2143.87988292,0.0,3750.0300294144,131.278270998279,25.3999995936,0.0,303.999998138529,0.0
1213500523,26.6900006712,2141.879882856,0.0,3750.0300294144,131.920681624916,25.3999995936,0.0,293.000005826406,0.0
1213500527,29.1800002632,2139.379882776,0.0,3750.0300294144,133.154544950567,25.3999995936,0.0,300.999999608426,0.0
1213500532,30.6900004944,2137.879882728,0.0,3750.0300294144,133.419665608501,25.3999995936,0.0,296.000004356508,0.0
1213500537,33.2799988704,2135.2900391904,0.0,3750.0300294144,133.796970999345,25.3999995936,0.0,284.999991360113,0.0
1213500541,35.3600007048,2133.2099608512,0.0,3750.0300294144,133.001578181263,25.3999995936,0.0,290.000007296303,0.0
1213500546,38.4799996464,2130.090087792,0.0,3750.0300294144,129.983227133762,25.3999995936,0.0,272.000002326175,0.0
1213500551,39.5600014488,2129.0100097896,0.0,3750.0300294144,132.705867253896,25.3999995936,0.0,275.999995769806,0.0
1213500555,43.3400002896,2125.2299804688,0.0,3750.0300294144,131.145702731446,25.3999995936,0.0,277.999999386379,0.0
1213500558,44.9599991832,2123.6101074576,0.0,3750.0300294144,132.216407974423,25.3999995936,0.0,270.000005604359,0.0
1213500564,46.0099983024,2122.560058656,0.0,3750.0300294144,132.72626620996,25.3999995936,0.0,257.999990799677,0.0
1213500569,46.060001352,2122.5100098864,0.0,3750.0300294144,130.248355502766,25.3999995936,0.0,300.999999608426,0.0
1213500572,46.060001352,2122.5100098864,0.0,3750.0300294144,131.074315003478,25.3999995936,0.0,293.000005826406,0.0
1213500577,46.060001352,2122.5100098864,0.0,3750.0300294144,131.094713959542,25.3999995936,0.0,290.000007296303,0.0
1213500581,45.9500008608,2122.5100098864,0.0,3750.0300294144,70.1054894693908,25.3999995936,0.0,304.999993052058,0.0
1213500586,45.7400015856,2122.5100098864,0.0,3750.0300294144,70.5337686635905,25.3999995936,0.0,289.000012382774,0.0
1213500591,45.7400015856,2122.5100098864,0.0,3750.0300294144,70.4419978552921,25.3999995936,0.0,265.000010352441,0.0
1213500595,45.7400015856,2122.5100098864,0.0,3750.0300294144,70.4521896222537,25.3999995936,0.0,300.999999608426,0.0
1213500600,45.7400015856,2122.5100098864,0.0,3750.0300294144,71.0742167149676,25.3999995936,0.0,290.000007296303,0.0
1213500605,45.7400015856,2122.5100098864,0.0,3750.0300294144,71.1863864793297,25.3999995936,0.0,296.000004356508,0.0
1213500609,45.7400015856,2122.5100098864,0.0,3750.0300294144,71.1557962098969,25.3999995936,0.0,268.000008882543,0.0
1213500614,45.7400015856,2122.5100098864,0.0,3750.0300294144,71.2067849818009,25.3999995936,0.0,288.000010574488,0.0
1213500618,45.7400015856,2122.5100098864,0.0,3750.0300294144,71.1150064624322,25.3999995936,0.0,296.000004356508,0.0
1213500623,45.7299995736,2122.5100098864,0.0,3750.0300294144,71.6044739065679,25.3999995936,0.0,282.999994638297,0.0
1213500626,45.5099982864,2122.5100098864,0.0,3750.0300294144,71.4515148483336,25.3999995936,0.0,308.999993390447,0.0
1213500631,44.939998512,2122.5100098864,0.0,3750.0300294144,71.3189542925706,25.3999995936,0.0,307.99999158216,0.0
1213500635,44.4300004464,2122.5100098864,0.0,3750.0300294144,72.124531166544,25.3999995936,0.0,299.99999780014,0.0
1213500640,43.6500013968,2122.5100098864,0.0,3750.0300294144,70.8294873020273,25.3999995936,0.0,321.000001300371,0.0
1213500645,42.7799988696,2122.5100098864,0.0,3750.0300294144,71.2679655206665,25.3999995936,0.0,335.999987056125,0.0
1213500649,41.6100006,2122.5100098864,0.0,3750.0300294144,71.2781649986983,25.3999995936,0.0,306.999996668631,0.0
1213500654,40.5600014808,2122.5100098864,0.0,3750.0300294144,71.5432933677023,25.3999995936,0.0,323.999999830473,0.0
1213500659,38.659999896,2122.5100098864,0.0,3750.0300294144,73.7764664972928,25.3999995936,0.0,322.000003108657,0.0
1213500663,36.6300011112,2122.5100098864,0.0,3750.0300294144,70.6459379743602,25.3999995936,0.0,315.000011134923,0.0
1213500668,34.5299989104,2122.5100098864,0.0,3750.0300294144,72.2061024968106,25.3999995936,0.0,296.000004356508,0.0
1213500672,33.6100006488,2122.5100098864,0.0,3750.0300294144,72.1041326640727,25.3999995936,0.0,292.000010912876,0.0
1213500677,30.6599999448,2122.5100098864,0.0,3750.0300294144,76.1931966656206,25.3999995936,0.0,288.000010574488,0.0
1213500680,24.780000732,2122.5100098864,0.0,3750.0300294144,75.3162402283422,25.3999995936,0.0,319.000004578555,0.0
1213500685,13.460000004,2122.5100098864,0.0,3750.0300294144,71.6248646979689,25.3999995936,0.0,314.000009326637,0.0
1213500689,8.3500002672,2122.5100098864,0.0,3750.0300294144,69.9729293672201,25.3999995936,0.0,293.000005826406,0.0
1213500694,5.8800001272,2122.5100098864,0.0,3750.0300294144,66.9647619220187,25.3999995936,0.0,311.999991920549,0.0
1213500699,5.2300001064,2122.5100098864,0.0,3750.0300294144,69.7078009982161,25.3999995936,0.0,308.999993390447,0.0
1213500703,5.2300001064,2122.5100098864,0.0,3750.0300294144,70.3400275689619,25.3999995936,0.0,308.999993390447,0.0
1213500708,5.2300001064,2122.5100098864,0.0,3750.0300294144,70.4012081078275,25.3999995936,0.0,314.000009326637,0.0
1213500713,5.2300001064,2122.5100098864,0.0,3750.0300294144,70.4725881247249,25.3999995936,0.0,278.999994299909,0.0
1213500717,5.2300001064,2122.5100098864,0.0,3750.0300294144,70.1972602776892,25.3999995936,0.0,319.000004578555,0.0
1213500722,5.3200002312,2122.5100098864,0.0,3750.0300294144,69.6364209813187,25.3999995936,0.0,300.999999608426,0.0
1213500727,5.560000056,2122.4099120424,0.0,3750.0300294144,127.321767098902,25.3999995936,0.0,300.999999608426,0.0
1213500731,5.619999936,2122.3500977856,0.0,3750.0300294144,129.62632795646,25.3999995936,0.0,299.00000288661,0.0
1213500734,5.619999936,2122.3500977856,0.0,3750.0300294144,129.73849726723,25.3999995936,0.0,299.99999780014,0.0
1213500739,5.619999936,2122.3500977856,0.0,3750.0300294144,129.534549437091,25.3999995936,0.0,279.999996108195,0.0
1213500743,5.7199999392,2122.2499999416,0.0,3750.0300294144,129.667117250332,25.3999995936,0.0,290.000007296303,0.0
1213500748,6.2300001384,2121.7399902936,0.0,3750.0300294144,129.136860512324,25.3999995936,0.0,315.000011134923,0.0
1213500753,9.1800002328,2118.7900389672,0.0,3750.0300294144,131.431221891851,25.3999995936,0.0,316.000006048453,0.0
1213500757,11.1000003552,2116.8701171784,0.0,3750.0300294144,131.594380428117,25.3999995936,0.0,313.000014413108,0.0
1213500762,12.5299997304,2115.429931692,0.0,3750.0300294144,131.563790158684,25.3999995936,0.0,302.000001416713,0.0
1213500767,14.4499998528,2113.5100099032,0.0,3750.0300294144,131.410823389379,25.3999995936,0.0,299.00000288661,0.0
1213500771,16.3999996104,2111.5700682408,0.0,3750.0300294144,131.094713959542,25.3999995936,0.0,293.000005826406,0.0
1213500774,19.3999997064,2108.5700684496,0.0,3750.0300294144,130.900965153843,25.3999995936,0.0,284.999991360113,0.0
1213500780,21.8999994816,2106.0700683696,0.0,3750.0300294144,129.442778628793,25.3999995936,0.0,277.999999386379,0.0
1213500785,23.8500004584,2104.1201170752,0.0,3750.0300294144,131.29865407861,25.3999995936,0.0,273.99999904799,0.0
1213500788,25.8400000344,2102.1298828032,0.0,3750.0300294144,130.992751384282,25.3999995936,0.0,273.99999904799,0.0
1213500792,28.3400001144,2099.6298827232,0.0,3750.0300294144,130.003617925163,25.3999995936,0.0,282.999994638297,0.0
1213500797,30.3299999952,2097.629882964,0.0,3750.0300294144,130.635844495909,25.3999995936,0.0,294.000007634692,0.0
1213500800,31.8799991304,2096.0900879232,0.0,3750.0300294144,131.461812161283,25.3999995936,0.0,295.000002548221,0.0
1213500806,34.9999999008,2092.9699707192,0.0,3750.0300294144,129.62632795646,25.3999995936,0.0,296.000004356508,0.0
1213500811,37.0800017352,2090.8898926848,0.0,3750.0300294144,130.788795843073,25.3999995936,0.0,284.999991360113,0.0
1213500816,39.1800002784,2088.7900389216,0.0,3750.0300294144,130.136185738404,25.3999995936,0.0,304.999993052058,0.0
1213500821,41.8800009744,2086.090087908,0.0,3750.0300294144,130.003617925163,25.3999995936,0.0,293.000005826406,0.0
1213500825,44.0400009216,2083.9199219664,0.0,3750.0300294144,129.820068597496,25.3999995936,0.0,256.999995886148,0.0
1213500828,46.0800017184,2081.8898927016,0.0,3750.0300294144,131.053931923147,25.3999995936,0.0,288.000010574488,0.0
1213500834,46.0699997064,2081.8898927016,0.0,3750.0300294144,129.718098311166,25.3999995936,0.0,290.000007296303,0.0
1213500839,46.0699997064,2081.8898927016,0.0,3750.0300294144,130.676626532303,25.3999995936,0.0,277.999999386379,0.0
1213500842,46.0699997064,2081.8999023336,0.0,3750.0300294144,128.861540829951,25.3999995936,0.0,294.000007634692,0.0
1213500847,46.0699997064,2081.8999023336,0.0,3750.0300294144,128.667792024252,25.3999995936,0.0,267.000007074256,0.0
1213500851,46.0699997064,2081.8999023336,0.0,3750.0300294144,128.728972563118,25.3999995936,0.0,291.00000910459,0.0
1213500856,46.0699997064,2081.8999023336,0.0,3750.0300294144,128.647401232851,25.3999995936,0.0,297.000006164795,0.0
1213500860,46.0699997064,2081.8999023336,0.0,3750.0300294144,128.667792024252,25.3999995936,0.0,306.999996668631,0.0
1213500865,46.0699997064,2081.8999023336,0.0,3750.0300294144,128.667792024252,25.3999995936,0.0,285.999986273643,0.0
1213500870,45.9900015936,2081.8999023336,0.0,3750.0300294144,71.4311240569326,25.3999995936,0.0,282.999994638297,0.0
1213500875,45.6699981696,2081.8999023336,0.0,3750.0300294144,70.7785062411935,25.3999995936,0.0,248.000000295841,0.0
1213500879,45.6699981696,2081.8999023336,0.0,3750.0300294144,70.8906678408929,25.3999995936,0.0,280.999991021724,0.0
1213500884,45.6699981696,2081.8999023336,0.0,3750.0300294144,70.941656612797,25.3999995936,0.0,273.99999904799,0.0
1213500888,45.6699981696,2081.8999023336,0.0,3750.0300294144,71.0232356541338,25.3999995936,0.0,291.00000910459,0.0
1213500893,45.6699981696,2081.8999023336,0.0,3750.0300294144,70.8906678408929,25.3999995936,0.0,293.000005826406,0.0
1213500896,45.6699981696,2081.8999023336,0.0,3750.0300294144,71.2781649986983,25.3999995936,0.0,278.999994299909,0.0
1213500901,45.6399994488,2081.8999023336,0.0,3750.0300294144,71.3801348314362,25.3999995936,0.0,292.000010912876,0.0
1213500905,45.5900000568,2081.8999023336,0.0,3750.0300294144,71.0028371516626,25.3999995936,0.0,266.00000526597,0.0
1213500910,45.3300016944,2081.8999023336,0.0,3750.0300294144,71.6350641760007,25.3999995936,0.0,264.000008544154,0.0
1213500914,45.1300010784,2081.8999023336,0.0,3750.0300294144,71.5432933677023,25.3999995936,0.0,280.999991021724,0.0
1213500919,44.1399994008,2081.8999023336,0.0,3750.0300294144,71.5636841591033,25.3999995936,0.0,280.999991021724,0.0
1213500924,43.3699990104,2081.8999023336,0.0,3750.0300294144,71.0232356541338,25.3999995936,0.0,268.000008882543,0.0
1213500929,42.8899993608,2081.8999023336,0.0,3750.0300294144,72.2163019748424,25.3999995936,0.0,245.000001765739,0.0
1213500933,42.56000124,2081.8999023336,0.0,3750.0300294144,72.4406405963817,25.3999995936,0.0,249.000002104128,0.0
1213500938,41.360000592,2081.8999023336,0.0,3750.0300294144,72.124531166544,25.3999995936,0.0,257.999990799677,0.0
1213500942,40.7099990472,2081.8999023336,0.0,3750.0300294144,71.7676242781714,25.3999995936,0.0,252.999995547759,0.0
1213500947,40.3699989144,2081.8999023336,0.0,3750.0300294144,72.3182718075802,25.3999995936,0.0,273.000004134461,0.0
1213500950,39.3300018072,2081.8999023336,0.0,3750.0300294144,72.144921957945,25.3999995936,0.0,270.000005604359,0.0
1213500955,37.8699988344,2081.8999023336,0.0,3750.0300294144,72.2978810161793,25.3999995936,0.0,259.999987521493,0.0
1213500964,31.7500001016,2081.8999023336,0.0,3750.0300294144,75.9688580440813,25.3999995936,0.0,255.999994077862,0.0
1213500968,25.2099991608,2081.8999023336,0.0,3750.0300294144,75.7241281775486,25.3999995936,0.0,246.000003574025,0.0
1213500973,18.6000002904,2081.8999023336,0.0,3750.0300294144,73.725485436459,25.3999995936,0.0,241.000008322107,0.0
1213500978,11.0399998656,2081.8999023336,0.0,3750.0300294144,71.5025036202377,25.3999995936,0.0,255.999994077862,0.0
1213500983,6.0100003752,2081.8999023336,0.0,3750.0300294144,67.0259501719546,25.3999995936,0.0,252.999995547759,0.0
1213500992,5.2300001064,2081.8999023336,0.0,3750.0300294144,70.0239104280539,25.3999995936,0.0,252.00000063423,0.0
1213500996,5.2300001064,2081.8999023336,0.0,3750.0300294144,70.2176592337528,25.3999995936,0.0,260.99998932978,0.0
1213501001,5.2300001064,2081.8999023336,0.0,3750.0300294144,70.2278582581923,25.3999995936,0.0,241.000008322107,0.0
1213501004,5.2300001064,2081.8999023336,0.0,3750.0300294144,70.2686480056569,25.3999995936,0.0,227.999998603896,0.0
1213501009,5.2300001064,2081.8999023336,0.0,3750.0300294144,70.2686480056569,25.3999995936,0.0,232.999993855815,0.0
1213501013,5.2300001064,2081.8999023336,0.0,3750.0300294144,70.4725881247249,25.3999995936,0.0,209.999993633768,0.0
1213501018,5.2300001064,2081.8999023336,0.0,3750.0300294144,70.4012081078275,25.3999995936,0.0,219.000003013589,0.0
1213501023,5.2300001064,2081.8999023336,0.0,3750.0300294144,70.4521896222537,25.3999995936,0.0,232.999993855815,0.0
1213501027,5.2300001064,2081.8999023336,0.0,3750.0300294144,70.4419978552921,25.3999995936,0.0,226.000001882081,0.0
1213501032,5.2300001064,2081.8999023336,0.0,3750.0300294144,70.2890387970578,25.3999995936,0.0,223.000003351978,0.0
1213501037,5.2300001064,2081.8999023336,0.0,3750.0300294144,70.3808096053562,25.3999995936,0.0,229.999995325712,0.0
1213501041,5.2300001064,2081.8999023336,0.0,3750.0300294144,70.2890387970578,25.3999995936,0.0,218.00000810006,0.0
1213501046,5.2300001064,2081.8999023336,0.0,3750.0300294144,70.2482495031856,25.3999995936,0.0,230.999997133999,0.0
1213501050,5.2300001064,2081.8999023336,0.0,3750.0300294144,70.2890387970578,25.3999995936,0.0,225.000000073794,0.0
1213501055,5.2300001064,2081.8999023336,0.0,3750.0300294144,70.4725881247249,25.3999995936,0.0,227.999998603896,0.0
1213501058,5.2300001064,2081.8999023336,0.0,3750.0300294144,70.3604188139553,25.3999995936,0.0,222.000001543692,0.0
1213501063,5.2300001064,2081.8999023336,0.0,3750.0300294144,70.2890387970578,25.3999995936,0.0,222.000001543692,0.0
1213501067,5.2300001064,2081.8999023336,0.0,3750.0300294144,70.4215993528209,25.3999995936,0.0,222.000001543692,0.0
1213501072,5.2300001064,2081.8999023336,0.0,3750.0300294144,70.4419978552921,25.3999995936,0.0,209.999993633768,0.0
1213501077,5.2300001064,2081.8999023336,0.0,3750.0300294144,70.4419978552921,25.3999995936,0.0,197.000004599829,0.0
1213501081,5.2300001064,2081.8999023336,0.0,3750.0300294144,70.3808096053562,25.3999995936,0.0,248.000000295841,0.0
1213501086,5.2300001064,2081.8999023336,0.0,3750.0300294144,70.3604188139553,25.3999995936,0.0,243.000005043923,0.0
1213501091,5.2600003512,2081.8999023336,0.0,3750.0300294144,69.8403611003868,25.3999995936,0.0,225.000000073794,0.0
1213501095,5.3200002312,2081.8999023336,0.0,3750.0300294144,69.9831206805893,25.3999995936,0.0,225.000000073794,0.0
1213501100,5.4099997464,2081.8999023336,0.0,3750.0300294144,69.9525308647488,25.3999995936,0.0,225.000000073794,0.0
1213501104,5.560000056,2081.8100585712,0.0,3750.0300294144,128.667792024252,25.3999995936,0.0,243.000005043923,0.0
1213501109,6.3600000816,2081.0100097776,0.0,3750.0300294144,127.586895467906,25.3999995936,0.0,234.99999057763,0.0
1213501112,8.120000016,2079.2500000896,0.0,3750.0300294144,129.820068597496,25.3999995936,0.0,259.999987521493,0.0
1213501117,9.5200003656,2077.8500975808,0.0,3750.0300294144,129.707899286727,25.3999995936,0.0,258.999992607964,0.0
1213501121,12.3999994824,2074.9699707528,0.0,3750.0300294144,130.248355502766,25.3999995936,0.0,222.000001543692,0.0
1213501126,14.7899999856,2072.570068212,0.0,3750.0300294144,130.319735066071,25.3999995936,0.0,210.999988547297,0.0
1213501131,15.7600000776,2071.6101073176,0.0,3750.0300294144,130.136185738404,25.3999995936,0.0,219.000003013589,0.0
1213501135,19.2600001896,2068.1000975736,0.0,3750.0300294144,130.207565755302,25.3999995936,0.0,203.999996573563,0.0
1213501140,20.7600002376,2066.6000975256,0.0,3750.0300294144,130.360517102466,25.3999995936,0.0,239.000011600291,0.0
1213501144,23.2099990968,2064.1599120072,0.0,3750.0300294144,129.065480949019,25.3999995936,0.0,220.000004821876,0.0
1213501149,25.2000008064,2062.159912248,0.0,3750.0300294144,129.820068597496,25.3999995936,0.0,200.000003129931,0.0
1213501154,28.2000009024,2059.169921784,0.0,3750.0300294144,129.707899286727,25.3999995936,0.0,229.999995325712,0.0
1213501158,30.7000006776,2056.6699220088,0.0,3750.0300294144,131.257872042215,25.3999995936,0.0,215.000009569958,0.0
1213501163,32.259998472,2055.1101073992,0.0,3750.0300294144,129.08587174042,25.3999995936,0.0,199.000001321645,0.0
1213501168,35.8899994416,2051.4699706104,0.0,3750.0300294144,129.575338730963,25.3999995936,0.0,228.999993517426,0.0
1213501171,37.970001276,2049.389892576,0.0,3750.0300294144,128.973710140721,25.3999995936,0.0,216.000011378244,0.0
1213501175,38.5000000128,2048.870117136,0.0,3750.0300294144,129.891448614394,25.3999995936,0.0,231.999992047528,0.0
1213501180,42.2799988536,2045.0899658952,0.0,3750.0300294144,129.942437386298,25.3999995936,0.0,236.999987299446,0.0
1213501185,44.9799995496,2042.3900145768,0.0,3750.0300294144,129.493759689627,25.3999995936,0.0,244.000006852209,0.0
1213501189,46.060001352,2041.3000488624,0.0,3750.0300294144,126.342840375293,25.3999995936,0.0,254.999992269575,0.0
1213501194,46.060001352,2041.3000488624,0.0,3750.0300294144,128.280302577517,25.3999995936,0.0,239.000011600291,0.0
1213501199,46.060001352,2041.3000488624,0.0,3750.0300294144,129.136860512324,25.3999995936,0.0,253.999997356046,0.0
1213501203,46.060001352,2041.3000488624,0.0,3750.0300294144,129.249029823094,25.3999995936,0.0,223.999998265508,0.0
1213501208,46.060001352,2041.3000488624,0.0,3750.0300294144,129.024691201555,25.3999995936,0.0,231.999992047528,0.0
1213501212,46.060001352,2041.3000488624,0.0,3750.0300294144,129.177650259789,25.3999995936,0.0,233.999988769344,0.0
1213501215,46.0299986688,2041.3399657752,0.0,3750.0300294144,106.570543489649,25.3999995936,0.0,232.999993855815,0.0
1213501220,45.9199981776,2041.3399657752,0.0,3750.0300294144,72.1041326640727,25.3999995936,0.0,228.999993517426,0.0
1213501225,45.6500014608,2041.3399657752,0.0,3750.0300294144,70.8498858044986,25.3999995936,0.0,196.000002791542,0.0
1213501229,45.6500014608,2041.3399657752,0.0,3750.0300294144,70.6867277218248,25.3999995936,0.0,234.99999057763,0.0
1213501234,45.6500014608,2041.3399657752,0.0,3750.0300294144,71.2985557900993,25.3999995936,0.0,223.999998265508,0.0
1213501239,45.6500014608,2041.3399657752,0.0,3750.0300294144,71.808414025636,25.3999995936,0.0,232.999993855815,0.0
1213501243,45.4700012112,2041.3399657752,0.0,3750.0300294144,73.327796511692,25.3999995936,0.0,223.999998265508,0.0
1213501248,43.6500013968,2041.3399657752,0.0,3750.0300294144,71.5840749505043,25.3999995936,0.0,222.000001543692,0.0
1213501253,42.8699989944,2041.3399657752,0.0,3750.0300294144,71.6248646979689,25.3999995936,0.0,242.000010130394,0.0
1213501257,42.1599997032,2041.3399657752,0.0,3750.0300294144,70.9620474041979,25.3999995936,0.0,226.000001882081,0.0
1213501262,41.0000000928,2041.3399657752,0.0,3750.0300294144,73.5011463613273,25.3999995936,0.0,225.000000073794,0.0
1213501266,39.2400016824,2041.3399657752,0.0,3750.0300294144,70.7988970325945,25.3999995936,0.0,226.000001882081,0.0
1213501271,37.970001276,2041.3399657752,0.0,3750.0300294144,75.3162402283422,25.3999995936,0.0,215.000009569958,0.0
1213501274,34.6199990352,2041.3399657752,0.0,3750.0300294144,69.4630711316835,25.3999995936,0.0,225.000000073794,0.0
1213501279,34.159999752,2041.3399657752,0.0,3750.0300294144,65.8940643901117,25.3999995936,0.0,235.999992385917,0.0
1213501283,33.7400018112,2041.3399657752,0.0,3750.0300294144,69.7587897701202,25.3999995936,0.0,245.000001765739,0.0
1213501288,33.7400018112,2041.3399657752,0.0,3750.0300294144,69.8403611003868,25.3999995936,0.0,218.00000810006,0.0
1213501293,33.7400018112,2041.3399657752,0.0,3750.0300294144,70.0647001755185,25.3999995936,0.0,208.999991825481,0.0
1213501297,33.7400018112,2041.3399657752,0.0,3750.0300294144,69.9525308647488,25.3999995936,0.0,218.00000810006,0.0
1213501302,33.080001912,2041.3399657752,0.0,3750.0300294144,69.8709513698196,25.3999995936,0.0,228.999993517426,0.0
1213501307,32.8600006248,2041.3399657752,0.0,3750.0300294144,73.8682450166615,25.3999995936,0.0,243.000005043923,0.0
1213501311,31.7600002848,2041.3399657752,0.0,3750.0300294144,74.9185513035752,25.3999995936,0.0,216.000011378244,0.0
1213501316,22.219999248,2041.3399657752,0.0,3750.0300294144,73.480747858856,25.3999995936,0.0,216.000011378244,0.0
1213501320,15.729999528,2041.3399657752,0.0,3750.0300294144,72.277482513708,25.3999995936,0.0,225.000000073794,0.0
1213501325,11.3500003632,2041.3399657752,0.0,3750.0300294144,72.1041326640727,25.3999995936,0.0,252.00000063423,0.0
1213501328,5.679999816,2041.3399657752,0.0,3750.0300294144,65.7716956013102,25.3999995936,0.0,227.999998603896,0.0
1213501333,5.2499998632,2041.3399657752,0.0,3750.0300294144,68.9328143936755,25.3999995936,0.0,211.999990355583,0.0
1213501337,5.2300001064,2041.3399657752,0.0,3750.0300294144,70.1054894693908,25.3999995936,0.0,229.999995325712,0.0
1213501342,5.2300001064,2041.3399657752,0.0,3750.0300294144,70.2890387970578,25.3999995936,0.0,243.000005043923,0.0
1213501347,5.2300001064,2041.3399657752,0.0,3750.0300294144,70.1972602776892,25.3999995936,0.0,215.000009569958,0.0
1213501351,5.2300001064,2041.3399657752,0.0,3750.0300294144,70.1768694862882,25.3999995936,0.0,223.999998265508,0.0
1213501356,5.2300001064,2041.3399657752,0.0,3750.0300294144,70.1768694862882,25.3999995936,0.0,226.000001882081,0.0
1213501361,5.2300001064,2041.3399657752,0.0,3750.0300294144,70.3094295884588,25.3999995936,0.0,238.000009792005,0.0
1213501365,5.2300001064,2041.3399657752,0.0,3750.0300294144,70.1156889474226,25.3999995936,0.0,220.000004821876,0.0
1213501370,5.2600003512,2041.3399657752,0.0,3750.0300294144,70.2890387970578,25.3999995936,0.0,234.99999057763,0.0
1213501374,5.4800001144,2041.3399657752,0.0,3750.0300294144,68.7696640220721,25.3999995936,0.0,206.999995103665,0.0
1213501379,5.6899999992,2041.1300049048,0.0,3750.0300294144,126.720130343996,25.3999995936,0.0,197.000004599829,0.0
1213501382,6.2600000784,2040.5600584704,0.0,3750.0300294144,126.475400477464,25.3999995936,0.0,208.999991825481,0.0
1213501387,8.3500002672,2038.469970804,0.0,3750.0300294144,129.554947939563,25.3999995936,0.0,216.000011378244,0.0
1213501391,10.6499997312,2036.1700438824,0.0,3750.0300294144,128.749371065589,25.3999995936,0.0,185.000003584662,0.0
1213501396,12.0399998976,2034.7700194536,0.0,3750.0300294144,129.687508495326,25.3999995936,0.0,196.000002791542,0.0
1213501403,15.7700005656,2031.0500488392,0.0,3750.0300294144,128.331283638351,25.3999995936,0.0,230.999997133999,0.0
1213501408,18.680000232,2028.1400147304,0.0,3750.0300294144,129.238830798654,25.3999995936,0.0,231.999992047528,0.0
1213501415,20.6200007208,2026.199951148,0.0,3750.0300294144,128.667792024252,25.3999995936,0.0,220.000004821876,0.0
1213501419,22.53000066,2024.2900389912,0.0,3750.0300294144,127.729655048108,25.3999995936,0.0,231.999992047528,0.0
1213501422,25.4099997768,2021.4100340832,0.0,3750.0300294144,129.116469720923,25.3999995936,0.0,213.000012848142,0.0
1213501428,27.8299999152,2018.9899903584,0.0,3750.0300294144,128.688182815653,25.3999995936,0.0,227.999998603896,0.0
1213501433,29.770000404,2017.050048696,0.0,3750.0300294144,128.463851905184,25.3999995936,0.0,209.999993633768,0.0
1213501436,32.270000484,2014.5500489208,0.0,3750.0300294144,128.953311184657,25.3999995936,0.0,204.999998381849,0.0
1213501441,34.8100012968,2012.0100097032,0.0,3750.0300294144,130.18716725283,25.3999995936,0.0,206.999995103665,0.0
1213501445,36.3300017112,2010.4899900864,0.0,3750.0300294144,127.862215150279,25.3999995936,0.0,206.999995103665,0.0
1213501450,38.360000496,2008.4599608216,0.0,3750.0300294144,128.280302577517,25.3999995936,0.0,228.999993517426,0.0
1213501455,42.5800019112,2004.2399901912,0.0,3750.0300294144,128.637201754819,25.3999995936,0.0,221.000006630162,0.0
1213501459,44.1599997672,2002.6600340928,0.0,3750.0300294144,128.861540829951,25.3999995936,0.0,210.999988547297,0.0
1213501464,45.7000008528,2001.119995212,0.0,3750.0300294144,126.903679671663,25.3999995936,0.0,205.999993295379,0.0
1213501469,46.060001352,2000.760009648,0.0,3750.0300294144,126.903679671663,25.3999995936,0.0,226.99999679561,0.0
1213501473,46.060001352,2000.760009648,0.0,3750.0300294144,126.230671064523,25.3999995936,0.0,227.999998603896,0.0
1213501478,45.9799995816,2000.8100587224,0.0,3750.0300294144,71.0742167149676,25.3999995936,0.0,208.999991825481,0.0
1213501482,45.8199996984,2000.8100587224,0.0,3750.0300294144,72.165312749346,25.3999995936,0.0,213.000012848142,0.0
1213501487,45.6800001816,2000.8100587224,0.0,3750.0300294144,71.1150064624322,25.3999995936,0.0,203.999996573563,0.0
1213501490,45.6800001816,2000.8100587224,0.0,3750.0300294144,71.7370340087385,25.3999995936,0.0,221.000006630162,0.0
1213501495,45.549999324,2000.8100587224,0.0,3750.0300294144,71.6962442612739,25.3999995936,0.0,223.999998265508,0.0
1213501499,45.4700012112,2000.8100587224,0.0,3750.0300294144,71.3801348314362,25.3999995936,0.0,200.999998043461,0.0
1213501504,44.7599982624,2000.8100587224,0.0,3750.0300294144,71.2271757732019,25.3999995936,0.0,229.999995325712,0.0
1213501508,44.0200005552,2000.8100587224,0.0,3750.0300294144,71.1150064624322,25.3999995936,0.0,234.99999057763,0.0
1213501513,42.7400017944,2000.8100587224,0.0,3750.0300294144,72.9504988319184,25.3999995936,0.0,226.000001882081,0.0
1213501518,41.5900002336,2000.8100587224,0.0,3750.0300294144,70.4521896222537,25.3999995936,0.0,228.999993517426,0.0
1213501523,39.4599990072,2000.8100587224,0.0,3750.0300294144,73.2870072178198,25.3999995936,0.0,232.999993855815,0.0
1213501527,37.970001276,2000.8100587224,0.0,3750.0300294144,73.348187303093,25.3999995936,0.0,213.000012848142,0.0
1213501532,34.4000014056,2000.8100587224,0.0,3750.0300294144,72.8995100600143,25.3999995936,0.0,239.000011600291,0.0
1213501536,30.3600005448,2000.8100587224,0.0,3750.0300294144,73.1748374534577,25.3999995936,0.0,228.999993517426,0.0
1213501541,25.8500005224,2000.8100587224,0.0,3750.0300294144,77.3760635082974,25.3999995936,0.0,231.999992047528,0.0
1213501544,21.6100005696,2000.8100587224,0.0,3750.0300294144,71.5228944116387,25.3999995936,0.0,223.999998265508,0.0
1213501549,12.1700001456,2000.8100587224,0.0,3750.0300294144,71.1863864793297,25.3999995936,0.0,211.999990355583,0.0
1213501553,6.5400000264,2000.8100587224,0.0,3750.0300294144,68.0150682089324,25.3999995936,0.0,206.999995103665,0.0
1213501558,5.4000001728,2000.8100587224,0.0,3750.0300294144,69.7995718065146,25.3999995936,0.0,195.000007878013,0.0
1213501562,5.2300001064,2000.8100587224,0.0,3750.0300294144,70.8294873020273,25.3999995936,0.0,204.999998381849,0.0
1213501567,5.2300001064,2000.8100587224,0.0,3750.0300294144,70.0239104280539,25.3999995936,0.0,208.999991825481,0.0
1213501572,5.2300001064,2000.8100587224,0.0,3750.0300294144,70.2686480056569,25.3999995936,0.0,207.999990017195,0.0
1213501577,5.2300001064,2000.8100587224,0.0,3750.0300294144,70.4929789161259,25.3999995936,0.0,211.999990355583,0.0
1213501581,5.2300001064,2000.8100587224,0.0,3750.0300294144,70.1156889474226,25.3999995936,0.0,207.999990017195,0.0
1213501586,5.4000001728,2000.8100587224,0.0,3750.0300294144,70.2482495031856,25.3999995936,0.0,187.000000306478,0.0
1213501590,5.4699999312,2000.7800292168,0.0,3750.0300294144,87.6038234779793,25.3999995936,0.0,174.000004377782,0.0
1213501595,5.5999998744,2000.6500243968,0.0,3750.0300294144,124.905036930574,25.3999995936,0.0,183.000006862846,0.0
1213501598,7.340000052,1998.9100342776,0.0,3750.0300294144,123.589601821064,25.3999995936,0.0,192.999997366683,0.0
1213501603,8.2499999592,1997.999999928,0.0,3750.0300294144,129.422379672729,25.3999995936,0.0,195.000007878013,0.0
1213501607,10.6199997912,1995.6300049728,0.0,3750.0300294144,127.882614106342,25.3999995936,0.0,197.999999513358,0.0
1213501612,13.0100002944,1993.229980512,0.0,3750.0300294144,127.882614106342,25.3999995936,0.0,203.999996573563,0.0
1213501616,15.4199999448,1990.8299560512,0.0,3750.0300294144,127.811226378375,25.3999995936,0.0,225.000000073794,0.0
1213501621,16.8999996264,1989.349975572,0.0,3750.0300294144,128.259904075046,25.3999995936,0.0,218.00000810006,0.0
1213501626,18.8999996904,1987.349975508,0.0,3750.0300294144,128.168133266747,25.3999995936,0.0,220.000004821876,0.0
1213501630,21.8999994816,1984.3499757168,0.0,3750.0300294144,128.932920393256,25.3999995936,0.0,217.000006291774,0.0
1213501633,24.3500004744,1981.9000244064,0.0,3750.0300294144,129.463169420194,25.3999995936,0.0,245.000001765739,0.0
1213501640,25.8500005224,1980.4000243584,0.0,3750.0300294144,127.056638729898,25.3999995936,0.0,240.00000651382,0.0
1213501644,27.8400000984,1978.4100342312,0.0,3750.0300294144,126.699739552595,25.3999995936,0.0,253.999997356046,0.0
1213501647,30.8400001944,1975.4000245032,0.0,3750.0300294144,128.504633941579,25.3999995936,0.0,255.999994077862,0.0
1213501652,32.9199980664,1973.3299561008,0.0,3750.0300294144,128.31089284695,25.3999995936,0.0,221.000006630162,0.0
1213501657,34.4799995184,1971.7700195712,0.0,3750.0300294144,127.209597788132,25.3999995936,0.0,223.999998265508,0.0
1213501663,39.1800002784,1967.0600585568,0.0,3750.0300294144,127.678666276204,25.3999995936,0.0,247.000005382312,0.0
1213501670,41.8800009744,1964.3699952552,0.0,3750.0300294144,128.055963955978,25.3999995936,0.0,246.000003574025,0.0
1213501675,45.6399994488,1960.6099855032,0.0,3750.0300294144,126.271460358396,25.3999995936,0.0,233.999988769344,0.0
1213501680,46.060001352,1960.1899415376,0.0,3750.0300294144,125.710613350955,25.3999995936,0.0,232.999993855815,0.0
1213501685,46.0299986688,1960.2099608016,0.0,3750.0300294144,115.595030403113,25.3999995936,0.0,229.999995325712,0.0
1213501689,45.8800011024,1960.2399903072,0.0,3750.0300294144,71.9205833364057,25.3999995936,0.0,217.000006291774,0.0
1213501694,45.5400009696,1960.2399903072,0.0,3750.0300294144,71.1659952343363,25.3999995936,0.0,205.999993295379,0.0
1213501698,45.5400009696,1960.2399903072,0.0,3750.0300294144,70.9824463602616,25.3999995936,0.0,211.999990355583,0.0
1213501703,45.5400009696,1960.2399903072,0.0,3750.0300294144,69.8913503258832,25.3999995936,0.0,215.000009569958,0.0
1213501706,45.5400009696,1960.2399903072,0.0,3750.0300294144,71.4923041422059,25.3999995936,0.0,211.999990355583,0.0
1213501711,45.5400009696,1960.2399903072,0.0,3750.0300294144,71.5636841591033,25.3999995936,0.0,223.000003351978,0.0
1213501715,45.5400009696,1960.2399903072,0.0,3750.0300294144,71.5840749505043,25.3999995936,0.0,216.000011378244,0.0
1213501720,45.5299986528,1960.2399903072,0.0,3750.0300294144,71.5025036202377,25.3999995936,0.0,229.999995325712,0.0
1213501725,44.8499983872,1960.2399903072,0.0,3750.0300294144,71.7166432173376,25.3999995936,0.0,239.000011600291,0.0
1213501729,43.8199996344,1960.2399903072,0.0,3750.0300294144,72.593599654616,25.3999995936,0.0,210.999988547297,0.0
1213501734,43.499999868,1960.2399903072,0.0,3750.0300294144,71.2271757732019,25.3999995936,0.0,208.999991825481,0.0
1213501739,41.34999858,1960.2399903072,0.0,3750.0300294144,73.2156272009224,25.3999995936,0.0,211.999990355583,0.0
1213501743,37.360000464,1960.2399903072,0.0,3750.0300294144,75.5405788498815,25.3999995936,0.0,243.000005043923,0.0
1213501748,27.3600007536,1960.2399903072,0.0,3750.0300294144,74.8675625316711,25.3999995936,0.0,245.000001765739,0.0
1213501752,22.2999991896,1960.2399903072,0.0,3750.0300294144,73.348187303093,25.3999995936,0.0,254.999992269575,0.0
1213501757,12.8300000448,1960.2399903072,0.0,3750.0300294144,68.5759152163732,25.3999995936,0.0,249.000002104128,0.0
1213501760,10.7799996744,1960.2399903072,0.0,3750.0300294144,66.9341716525859,25.3999995936,0.0,254.999992269575,0.0
1213501765,10.3999997232,1960.2399903072,0.0,3750.0300294144,70.2278582581923,25.3999995936,0.0,240.00000651382,0.0
1213501769,10.3999997232,1960.2399903072,0.0,3750.0300294144,70.1564786948872,25.3999995936,0.0,249.999997017657,0.0
1213501774,10.3999997232,1960.2399903072,0.0,3750.0300294144,70.3298285445225,25.3999995936,0.0,243.000005043923,0.0
1213501779,10.3999997232,1960.2399903072,0.0,3750.0300294144,70.2278582581923,25.3999995936,0.0,226.000001882081,0.0
1213501783,10.3999997232,1960.2399903072,0.0,3750.0300294144,70.2278582581923,25.3999995936,0.0,223.999998265508,0.0
1213501788,10.3999997232,1960.2399903072,0.0,3750.0300294144,70.2890387970578,25.3999995936,0.0,229.999995325712,0.0
1213501793,10.3999997232,1960.2399903072,0.0,3750.0300294144,70.2890387970578,25.3999995936,0.0,201.999999851747,0.0
1213501797,10.3999997232,1960.2399903072,0.0,3750.0300294144,70.3298285445225,25.3999995936,0.0,207.999990017195,0.0
1213501802,10.3999997232,1960.2399903072,0.0,3750.0300294144,70.1564786948872,25.3999995936,0.0,229.999995325712,0.0
1213501806,10.3999997232,1960.2399903072,0.0,3750.0300294144,70.2482495031856,25.3999995936,0.0,257.999990799677,0.0
1213501811,10.3999997232,1960.2399903072,0.0,3750.0300294144,70.1972602776892,25.3999995936,0.0,250.999998825943,0.0
1213501814,10.3999997232,1960.2399903072,0.0,3750.0300294144,70.3298285445225,25.3999995936,0.0,230.999997133999,0.0
1213501819,10.3999997232,1960.2399903072,0.0,3750.0300294144,70.3094295884588,25.3999995936,0.0,236.999987299446,0.0
1213501823,10.3999997232,1960.2399903072,0.0,3750.0300294144,70.3400275689619,25.3999995936,0.0,263.000013630625,0.0
1213501828,10.3999997232,1960.2399903072,0.0,3750.0300294144,70.2482495031856,25.3999995936,0.0,230.999997133999,0.0
1213501833,10.3999997232,1960.2399903072,0.0,3750.0300294144,70.1972602776892,25.3999995936,0.0,221.000006630162,0.0
1213501837,10.3999997232,1960.2399903072,0.0,3750.0300294144,70.2278582581923,25.3999995936,0.0,233.999988769344,0.0
1213501847,10.3999997232,1960.2399903072,0.0,3750.0300294144,70.3094295884588,25.3999995936,0.0,234.99999057763,0.0
1213501851,10.3999997232,1960.2399903072,0.0,3750.0300294144,70.3808096053562,25.3999995936,0.0,213.000012848142,0.0
1213501856,10.3999997232,1960.2399903072,0.0,3750.0300294144,70.2278582581923,25.3999995936,0.0,226.000001882081,0.0
1213501860,10.3999997232,1960.2399903072,0.0,3750.0300294144,70.5541671660618,25.3999995936,0.0,207.999990017195,0.0
1213501865,10.3999997232,1960.2399903072,0.0,3750.0300294144,70.4215993528209,25.3999995936,0.0,246.000003574025,0.0
1213501873,10.3999997232,1960.2399903072,0.0,3750.0300294144,70.3808096053562,25.3999995936,0.0,241.000008322107,0.0
1213501877,10.3999997232,1960.2399903072,0.0,3750.0300294144,70.5133778721896,25.3999995936,0.0,245.000001765739,0.0
1213501882,10.3999997232,1960.2399903072,0.0,3750.0300294144,70.3298285445225,25.3999995936,0.0,252.00000063423,0.0
1213501887,10.3999997232,1960.2399903072,0.0,3750.0300294144,70.3808096053562,25.3999995936,0.0,253.999997356046,0.0
1213501891,10.3999997232,1960.2399903072,0.0,3750.0300294144,70.2176592337528,25.3999995936,0.0,238.000009792005,0.0
1213501901,10.3699997832,1960.2399903072,0.0,3750.0300294144,71.1354054184959,25.3999995936,0.0,259.999987521493,0.0
1213501905,9.9399995256,1960.2399903072,0.0,3750.0300294144,70.6663364768315,25.3999995936,0.0,233.999988769344,0.0
1213501910,9.1999996848,1960.2399903072,0.0,3750.0300294144,71.7676242781714,25.3999995936,0.0,257.999990799677,0.0
1213501914,8.5100001504,1960.2399903072,0.0,3750.0300294144,72.124531166544,25.3999995936,0.0,257.999990799677,0.0
1213501919,6.31000008,1960.2399903072,0.0,3750.0300294144,72.9504988319184,25.3999995936,0.0,284.999991360113,0.0
1213501922,5.3499998664,1960.2399903072,0.0,3750.0300294144,69.2591233015451,25.3999995936,0.0,275.999995769806,0.0
1213501927,5.23999968,1960.2399903072,0.0,3750.0300294144,69.9321396197555,25.3999995936,0.0,264.000008544154,0.0
1213501931,5.23999968,1960.2399903072,0.0,3750.0300294144,69.9831206805893,25.3999995936,0.0,252.999995547759,0.0
1213501936,5.2899999864,1960.2399903072,0.0,3750.0300294144,69.6466204593505,25.3999995936,0.0,238.000009792005,0.0
1213501941,5.3600000496,1960.2399903072,0.0,3750.0300294144,69.3305033184425,25.3999995936,0.0,252.999995547759,0.0
1213501945,5.4999998712,1960.1899415376,0.0,3750.0300294144,122.121215817982,25.3999995936,0.0,238.000009792005,0.0
1213501948,5.5999998744,1960.0899659184,0.0,3750.0300294144,124.619517316577,25.3999995936,0.0,236.999987299446,0.0
1213501955,6.0400000104,1959.650024304,0.0,3750.0300294144,126.536581016329,25.3999995936,0.0,223.000003351978,0.0
1213501959,6.4999999032,1959.1999511376,0.0,3750.0300294144,132.72626620996,25.3999995936,0.0,234.99999057763,0.0
1213501964,7.0100001024,1958.6800537776,0.0,3750.0300294144,125.955343217488,25.3999995936,0.0,244.000006852209,0.0
1213501968,7.5100001184,1958.1800537616,0.0,3750.0300294144,127.637876528739,25.3999995936,0.0,246.000003574025,0.0
1213501973,8.0100001344,1957.6899414576,0.0,3750.0300294144,126.740528846468,25.3999995936,0.0,267.000007074256,0.0
1213501976,8.7900000984,1956.9100341528,0.0,3750.0300294144,126.455009686063,25.3999995936,0.0,232.999993855815,0.0
1213501980,10.840000164,1954.8499756872,0.0,3750.0300294144,126.475400477464,25.3999995936,0.0,227.999998603896,0.0
1213501985,12.2500000872,1953.4399413216,0.0,3750.0300294144,129.024691201555,25.3999995936,0.0,231.999992047528,0.0
1213501990,14.1599997216,1951.5400391016,0.0,3750.0300294144,126.832299654766,25.3999995936,0.0,252.00000063423,0.0
1213501995,16.079999844,1949.609985456,0.0,3750.0300294144,127.240187603973,25.3999995936,0.0,241.000008322107,0.0
1213501999,19.07999994,1946.60998536,0.0,3750.0300294144,127.699064778675,25.3999995936,0.0,227.999998603896,0.0
1213502004,20.0900001552,1945.609985328,0.0,3750.0300294144,126.189881317059,25.3999995936,0.0,232.999993855815,0.0
1213502008,22.5400008432,1943.1500243856,0.0,3750.0300294144,126.434611183591,25.3999995936,0.0,220.000004821876,0.0
1213502011,25.5200005728,1940.1800537952,0.0,3750.0300294144,126.740528846468,25.3999995936,0.0,247.000005382312,0.0
1213502018,28.0100001648,1937.6800537152,0.0,3750.0300294144,127.709256545637,25.3999995936,0.0,227.999998603896,0.0
1213502022,29.0100001968,1936.6899413952,0.0,3750.0300294144,126.944468965536,25.3999995936,0.0,216.000011378244,0.0
1213502025,32.0600015136,1933.6300048176,0.0,3750.0300294144,126.21027210846,25.3999995936,0.0,242.000010130394,0.0
1213502030,34.1399993856,1931.5500487032,0.0,3750.0300294144,126.31225010586,25.3999995936,0.0,242.000010130394,0.0
1213502035,36.7400016024,1928.949951084,0.0,3750.0300294144,127.484917470505,25.3999995936,0.0,269.000003796072,0.0
1213502039,39.3699988824,1926.319946184,0.0,3750.0300294144,128.280302577517,25.3999995936,0.0,232.999993855815,0.0
1213502044,42.610000632,1923.0799560168,0.0,3750.0300294144,126.21027210846,25.3999995936,0.0,226.000001882081,0.0
1213502049,44.2299995256,1921.4599610856,0.0,3750.0300294144,127.52570721797,25.3999995936,0.0,219.000003013589,0.0
1213502053,45.7700003064,1919.92004382,0.0,3750.0300294144,125.353714173653,25.3999995936,0.0,218.00000810006,0.0
1213502058,46.060001352,1919.6300049792,0.0,3750.0300294144,125.129375552113,25.3999995936,0.0,215.000009569958,0.0
1213502063,46.060001352,1919.6400146112,0.0,3750.0300294144,126.006331989392,25.3999995936,0.0,209.999993633768,0.0
1213502067,46.060001352,1919.6400146112,0.0,3750.0300294144,126.179681839027,25.3999995936,0.0,208.999991825481,0.0
1213502072,46.060001352,1919.6400146112,0.0,3750.0300294144,126.118501753754,25.3999995936,0.0,213.000012848142,0.0
1213502081,46.060001352,1919.6400146112,0.0,3750.0300294144,126.230671064523,25.3999995936,0.0,202.999994765276,0.0
1213502084,46.060001352,1919.6400146112,0.0,3750.0300294144,126.118501753754,25.3999995936,0.0,223.999998265508,0.0
1213502089,46.060001352,1919.6400146112,0.0,3750.0300294144,126.230671064523,25.3999995936,0.0,225.000000073794,0.0
1213502093,45.9599992152,1919.6800537488,0.0,3750.0300294144,71.808414025636,25.3999995936,0.0,225.000000073794,0.0
1213502098,45.8199996984,1919.6800537488,0.0,3750.0300294144,71.7472334867704,25.3999995936,0.0,226.000001882081,0.0
1213502107,45.6800001816,1919.6800537488,0.0,3750.0300294144,71.4515148483336,25.3999995936,0.0,220.000004821876,0.0
1213502112,45.6800001816,1919.6800537488,0.0,3750.0300294144,71.4311240569326,25.3999995936,0.0,231.999992047528,0.0
1213502117,45.6800001816,1919.6800537488,0.0,3750.0300294144,71.390334309468,25.3999995936,0.0,234.99999057763,0.0
1213502121,45.6199990824,1919.6800537488,0.0,3750.0300294144,71.3189542925706,25.3999995936,0.0,238.000009792005,0.0
1213502126,45.3400000488,1919.6800537488,0.0,3750.0300294144,72.165312749346,25.3999995936,0.0,255.999994077862,0.0
1213502135,43.310001264,1919.6800537488,0.0,3750.0300294144,71.410725100869,25.3999995936,0.0,208.999991825481,0.0
1213502138,42.4199980656,1919.6800537488,0.0,3750.0300294144,71.9205833364057,25.3999995936,0.0,225.000000073794,0.0
1213502143,41.5400008416,1919.6800537488,0.0,3750.0300294144,71.2985557900993,25.3999995936,0.0,208.999991825481,0.0
1213502147,41.159999976,1919.6800537488,0.0,3750.0300294144,70.2890387970578,25.3999995936,0.0,203.999996573563,0.0
1213502152,40.0900001856,1919.6800537488,0.0,3750.0300294144,71.2781649986983,25.3999995936,0.0,227.999998603896,0.0
1213502156,39.3699988824,1919.6800537488,0.0,3750.0300294144,74.4698736069041,25.3999995936,0.0,209.999993633768,0.0
1213502161,36.1899985368,1919.6800537488,0.0,3750.0300294144,76.7744344644623,25.3999995936,0.0,223.000003351978,0.0
1213502166,29.7399998544,1919.6800537488,0.0,3750.0300294144,73.725485436459,25.3999995936,0.0,235.999992385917,0.0
1213502171,19.680000264,1919.6800537488,0.0,3750.0300294144,73.8682450166615,25.3999995936,0.0,211.999990355583,0.0
1213502175,14.840000292,1919.6800537488,0.0,3750.0300294144,72.8179387297478,25.3999995936,0.0,227.999998603896,0.0
1213502180,8.2600001424,1919.6800537488,0.0,3750.0300294144,71.0538259235666,25.3999995936,0.0,232.999993855815,0.0
1213502184,5.3800001112,1919.6800537488,0.0,3750.0300294144,69.4834619230844,25.3999995936,0.0,215.000009569958,0.0
1213502189,5.23999968,1919.6800537488,0.0,3750.0300294144,70.4521896222537,25.3999995936,0.0,200.000003129931,0.0
1213502192,5.23999968,1919.6800537488,0.0,3750.0300294144,70.8498858044986,25.3999995936,0.0,216.000011378244,0.0
1213502197,5.23999968,1919.6800537488,0.0,3750.0300294144,70.921265821396,25.3999995936,0.0,207.999990017195,0.0
1213502201,5.23999968,1919.6800537488,0.0,3750.0300294144,70.6663364768315,25.3999995936,0.0,226.000001882081,0.0
1213502206,5.23999968,1919.6800537488,0.0,3750.0300294144,70.7785062411935,25.3999995936,0.0,211.999990355583,0.0
1213502210,5.23999968,1919.6800537488,0.0,3750.0300294144,70.7581072851299,25.3999995936,0.0,201.999999851747,0.0
1213502215,5.23999968,1919.6800537488,0.0,3750.0300294144,70.7581072851299,25.3999995936,0.0,214.000007761671,0.0
1213502220,5.23999968,1919.6800537488,0.0,3750.0300294144,70.7377164937289,25.3999995936,0.0,223.000003351978,0.0
1213502225,5.23999968,1919.6800537488,0.0,3750.0300294144,70.6663364768315,25.3999995936,0.0,194.000006069727,0.0
1213502229,5.23999968,1919.6800537488,0.0,3750.0300294144,70.6969267462643,25.3999995936,0.0,223.999998265508,0.0
1213502234,5.23999968,1919.6800537488,0.0,3750.0300294144,70.5337686635905,25.3999995936,0.0,215.000009569958,0.0
1213502238,5.23999968,1919.6800537488,0.0,3750.0300294144,70.5745579574628,25.3999995936,0.0,240.00000651382,0.0
1213502243,5.23999968,1919.6800537488,0.0,3750.0300294144,70.7581072851299,25.3999995936,0.0,252.00000063423,0.0
1213502246,5.23999968,1919.6800537488,0.0,3750.0300294144,70.5847574354946,25.3999995936,0.0,269.000003796072,0.0
1213502251,5.23999968,1919.6800537488,0.0,3750.0300294144,70.6459379743602,25.3999995936,0.0,233.999988769344,0.0
1213502255,5.23999968,1919.6800537488,0.0,3750.0300294144,70.8906678408929,25.3999995936,0.0,250.999998825943,0.0
1213502260,5.23999968,1919.6800537488,0.0,3750.0300294144,70.1156889474226,25.3999995936,0.0,218.00000810006,0.0
1213502264,5.23999968,1919.6800537488,0.0,3750.0300294144,69.7281917896171,25.3999995936,0.0,228.999993517426,0.0
1213502269,5.23999968,1919.6800537488,0.0,3750.0300294144,70.3604188139553,25.3999995936,0.0,215.000009569958,0.0
1213502274,5.23999968,1919.6800537488,0.0,3750.0300294144,70.3094295884588,25.3999995936,0.0,248.000000295841,0.0
1213502279,5.23999968,1919.6800537488,0.0,3750.0300294144,70.3604188139553,25.3999995936,0.0,252.00000063423,0.0
1213502283,5.23999968,1919.6800537488,0.0,3750.0300294144,70.4521896222537,25.3999995936,0.0,241.000008322107,0.0
1213502288,5.23999968,1919.6800537488,0.0,3750.0300294144,70.2278582581923,25.3999995936,0.0,246.000003574025,0.0
1213502292,5.2499998632,1919.6800537488,0.0,3750.0300294144,69.6364209813187,25.3999995936,0.0,253.999997356046,0.0
1213502297,5.3400002928,1919.6800537488,0.0,3750.0300294144,68.9022241242427,25.3999995936,0.0,225.000000073794,0.0
1213502300,5.429999808,1919.6800537488,0.0,3750.0300294144,69.9525308647488,25.3999995936,0.0,225.000000073794,0.0
1213502304,5.5799998128,1919.5500489288,0.0,3750.0300294144,123.569211029663,25.3999995936,0.0,229.999995325712,0.0
1213502309,5.9000001888,1919.2299805824,0.0,3750.0300294144,130.268746294167,25.3999995936,0.0,249.999997017657,0.0
1213502314,6.3600000816,1918.7700193992,0.0,3750.0300294144,125.486274729416,25.3999995936,0.0,299.99999780014,0.0
1213502318,6.8899997328,1918.2399901824,0.0,3750.0300294144,124.395178695037,25.3999995936,0.0,270.000005604359,0.0
1213502323,7.1699999856,1917.9599609736,0.0,3750.0300294144,124.191238575969,25.3999995936,0.0,256.999995886148,0.0
1213502328,7.6399997568,1917.4899901584,0.0,3750.0300294144,120.958739766706,25.3999995936,0.0,273.99999904799,0.0
1213502332,8.220000324,1916.9200440288,0.0,3750.0300294144,124.201438054001,25.3999995936,0.0,272.000002326175,0.0
1213502335,9.0400001064,1916.0899657296,0.0,3750.0300294144,126.495799433527,25.3999995936,0.0,268.000008882543,0.0
1213502340,9.4600001808,1915.6700439888,0.0,3750.0300294144,128.015174208513,25.3999995936,0.0,275.999995769806,0.0
1213502344,8.9399994936,1916.1899413488,0.0,3750.0300294144,123.8649296681,25.3999995936,0.0,261.999991138066,0.0
1213502351,7.7700000048,1917.3599853384,0.0,3750.0300294144,123.32448116313,25.3999995936,0.0,281.999992830011,0.0
1213502354,6.5500002096,1918.5799561776,0.0,3750.0300294144,124.089268289639,25.3999995936,0.0,254.999992269575,0.0
1213502358,5.929999824,1919.1999510768,0.0,3750.0300294144,123.844531165628,25.3999995936,0.0,288.000010574488,0.0
1213502363,5.929999824,1919.1999510768,0.0,3750.0300294144,123.701771131834,25.3999995936,0.0,303.999998138529,0.0
1213502368,5.929999824,1919.1999510768,0.0,3750.0300294144,123.732361401266,25.3999995936,0.0,309.999988303976,0.0
1213502373,5.929999824,1919.1999510768,0.0,3750.0300294144,123.701771131834,25.3999995936,0.0,288.000010574488,0.0
1213502377,5.929999824,1919.1999510768,0.0,3750.0300294144,123.610000777127,25.3999995936,0.0,304.999993052058,0.0
1213502382,5.929999824,1919.1999510768,0.0,3750.0300294144,123.75276035733,25.3999995936,0.0,296.000004356508,0.0
1213502387,5.929999824,1919.1999510768,0.0,3750.0300294144,123.732361401266,25.3999995936,0.0,279.999996108195,0.0
1213502391,5.929999824,1919.1999510768,0.0,3750.0300294144,123.773151148731,25.3999995936,0.0,288.000010574488,0.0
1213502396,5.929999824,1919.1999510768,0.0,3750.0300294144,123.834339398667,25.3999995936,0.0,291.00000910459,0.0
1213502400,5.929999824,1919.1999510768,0.0,3750.0300294144,123.834339398667,25.3999995936,0.0,286.999988081929,0.0
1213502405,5.929999824,1919.1999510768,0.0,3750.0300294144,123.620199801567,25.3999995936,0.0,284.999991360113,0.0
1213502408,6.0700002552,1919.0600585448,0.0,3750.0300294144,124.415577197509,25.3999995936,0.0,289.000012382774,0.0
1213502412,6.2100000768,1918.9300537248,0.0,3750.0300294144,125.108984760712,25.3999995936,0.0,241.000008322107,0.0
1213502417,6.619999968,1918.5100097592,0.0,3750.0300294144,125.629034309618,25.3999995936,0.0,269.000003796072,0.0
1213502420,7.179999864,1917.9499510368,0.0,3750.0300294144,127.882614106342,25.3999995936,0.0,243.000005043923,0.0
1213502427,7.2600001104,1917.8699949864,0.0,3750.0300294144,124.823465146715,25.3999995936,0.0,266.00000526597,0.0
1213502431,7.2600001104,1917.8699949864,0.0,3750.0300294144,124.956025702478,25.3999995936,0.0,273.99999904799,0.0
1213502436,7.3099998072,1917.8199462168,0.0,3750.0300294144,126.536581016329,25.3999995936,0.0,272.000002326175,0.0
1213502441,7.4199999936,1917.7099609656,0.0,3750.0300294144,125.955343217488,25.3999995936,0.0,271.000000517888,0.0
1213502445,8.1800002008,1916.9499513096,0.0,3750.0300294144,126.7711191159,25.3999995936,0.0,268.000008882543,0.0
1213502448,8.7700003416,1916.3599853064,0.0,3750.0300294144,127.943794645208,25.3999995936,0.0,276.999997578093,0.0
1213502452,8.4799996008,1916.650024452,0.0,3750.0300294144,124.823465146715,25.3999995936,0.0,288.000010574488,0.0
1213502459,7.429999872,1917.6999510288,0.0,3750.0300294144,121.387018960906,25.3999995936,0.0,292.000010912876,0.0
1213502462,6.9999999192,1918.1300049312,0.0,3750.0300294144,124.283009384268,25.3999995936,0.0,275.000000856277,0.0
1213502467,6.9999999192,1918.1300049312,0.0,3750.0300294144,124.283009384268,25.3999995936,0.0,255.999994077862,0.0
1213502471,6.9999999192,1918.1300049312,0.0,3750.0300294144,124.395178695037,25.3999995936,0.0,259.999987521493,0.0
1213502476,6.9999999192,1918.1300049312,0.0,3750.0300294144,127.943794645208,25.3999995936,0.0,253.999997356046,0.0
1213502481,6.6599997864,1918.4699706216,0.0,3750.0300294144,125.761602576451,25.3999995936,0.0,253.999997356046,0.0
1213502485,6.0100003752,1919.1199950264,0.0,3750.0300294144,122.65146484492,25.3999995936,0.0,275.000000856277,0.0
1213502490,5.7300001224,1919.40002454,0.0,3750.0300294144,123.966899500837,25.3999995936,0.0,283.999989551827,0.0
1213502494,5.2600003512,1919.8699950504,0.0,3750.0300294144,123.620199801567,25.3999995936,0.0,275.000000856277,0.0
1213502499,5.2600003512,1919.8699950504,0.0,3750.0300294144,123.660981837961,25.3999995936,0.0,257.999990799677,0.0
1213502504,5.2600003512,1919.8699950504,0.0,3750.0300294144,123.773151148731,25.3999995936,0.0,258.999992607964,0.0
1213502508,5.2600003512,1919.8699950504,0.0,3750.0300294144,123.64059104656,25.3999995936,0.0,284.999991360113,0.0
1213502513,5.2600003512,1919.8699950504,0.0,3750.0300294144,123.620199801567,25.3999995936,0.0,302.000001416713,0.0
1213502521,5.2600003512,1919.8699950504,0.0,3750.0300294144,123.732361401266,25.3999995936,0.0,299.99999780014,0.0
1213502525,5.2600003512,1919.8699950504,0.0,3750.0300294144,123.773151148731,25.3999995936,0.0,292.000010912876,0.0
1213502530,5.2600003512,1919.8699950504,0.0,3750.0300294144,123.732361401266,25.3999995936,0.0,281.999992830011,0.0
1213502535,5.2600003512,1919.8699950504,0.0,3750.0300294144,123.660981837961,25.3999995936,0.0,279.999996108195,0.0
1213502539,5.2600003512,1919.8699950504,0.0,3750.0300294144,123.681380340433,25.3999995936,0.0,299.99999780014,0.0
1213502549,5.2600003512,1919.8699950504,0.0,3750.0300294144,122.631074053519,25.3999995936,0.0,293.000005826406,0.0
1213502553,5.3200002312,1919.8100585688,0.0,3750.0300294144,124.843856391708,25.3999995936,0.0,299.00000288661,0.0
1213502556,6.780000156,1918.3499754336,0.0,3750.0300294144,125.690222559554,25.3999995936,0.0,292.000010912876,0.0
1213502560,8.6899994856,1916.4399413568,0.0,3750.0300294144,125.180364324017,25.3999995936,0.0,288.000010574488,0.0
1213502567,10.2799996584,1914.8499756264,0.0,3750.0300294144,124.823465146715,25.3999995936,0.0,280.999991021724,0.0
1213502574,13.0800000528,1912.0500486888,0.0,3750.0300294144,126.047121736856,25.3999995936,0.0,269.000003796072,0.0
1213502579,15.079999812,1910.0500489296,0.0,3750.0300294144,125.374105418646,25.3999995936,0.0,252.00000063423,0.0
1213502584,17.129999268,1908.000000096,0.0,3750.0300294144,125.251744340915,25.3999995936,0.0,257.999990799677,0.0
1213502589,18.8099995656,1906.3299560904,0.0,3750.0300294144,125.374105418646,25.3999995936,0.0,246.000003574025,0.0
1213502593,21.3099993408,1903.8199463784,0.0,3750.0300294144,123.660981837961,25.3999995936,0.0,250.999998825943,0.0
1213502598,23.3400002592,1901.8000489704,0.0,3750.0300294144,125.720812828987,25.3999995936,0.0,252.00000063423,0.0
1213502603,24.1700002248,1900.9599610392,0.0,3750.0300294144,125.934952426087,25.3999995936,0.0,250.999998825943,0.0
1213502607,26.67,1898.4599609592,0.0,3750.0300294144,125.353714173653,25.3999995936,0.0,273.000004134461,0.0
1213502612,28.7500000056,1896.3800048448,0.0,3750.0300294144,125.241544862883,25.3999995936,0.0,278.999994299909,0.0
1213502616,29.5799999712,1895.5500487704,0.0,3750.0300294144,125.31292487978,25.3999995936,0.0,245.000001765739,0.0
1213502619,32.5699995792,1892.5600586112,0.0,3750.0300294144,125.496474207447,25.3999995936,0.0,256.999995886148,0.0
1213502624,34.7299995264,1890.4000245264,0.0,3750.0300294144,124.935627200007,25.3999995936,0.0,272.000002326175,0.0
1213502628,36.9000014856,1888.2299805048,0.0,3750.0300294144,124.905036930574,25.3999995936,0.0,288.000010574488,0.0
1213502633,38.6399995296,1886.4899903856,0.0,3750.0300294144,125.333323382252,25.3999995936,0.0,284.999991360113,0.0
1213502638,41.3400002256,1883.7900390672,0.0,3750.0300294144,124.731687080939,25.3999995936,0.0,279.999996108195,0.0
1213502643,42.2400017784,1882.8900146544,0.0,3750.0300294144,125.241544862883,25.3999995936,0.0,285.999986273643,0.0
1213502647,44.939998512,1880.189941416,0.0,3750.0300294144,125.598444040185,25.3999995936,0.0,269.000003796072,0.0
1213502652,46.0699997064,1879.060058484,0.0,3750.0300294144,124.772476374811,25.3999995936,0.0,260.99998932978,0.0
1213502657,46.0699997064,1879.060058484,0.0,3750.0300294144,125.108984760712,25.3999995936,0.0,295.000002548221,0.0
1213502661,46.0699997064,1879.060058484,0.0,3750.0300294144,115.911140286543,25.3999995936,0.0,305.999994860344,0.0
1213502666,45.7700003064,1879.0899657648,0.0,3750.0300294144,71.5025036202377,25.3999995936,0.0,275.999995769806,0.0
1213502670,45.610000728,1879.0899657648,0.0,3750.0300294144,70.8906678408929,25.3999995936,0.0,265.000010352441,0.0
1213502675,45.610000728,1879.0899657648,0.0,3750.0300294144,69.7995718065146,25.3999995936,0.0,284.999991360113,0.0
1213502678,45.610000728,1879.0899657648,0.0,3750.0300294144,71.1863864793297,25.3999995936,0.0,299.99999780014,0.0
1213502683,45.610000728,1879.0899657648,0.0,3750.0300294144,71.3801348314362,25.3999995936,0.0,273.99999904799,0.0
1213502687,45.610000728,1879.0899657648,0.0,3750.0300294144,71.3189542925706,25.3999995936,0.0,269.000003796072,0.0
1213502692,45.610000728,1879.0899657648,0.0,3750.0300294144,71.3801348314362,25.3999995936,0.0,281.999992830011,0.0
1213502697,45.610000728,1879.0899657648,0.0,3750.0300294144,71.3393455375639,25.3999995936,0.0,267.000007074256,0.0
1213502701,45.610000728,1879.0899657648,0.0,3750.0300294144,71.410725100869,25.3999995936,0.0,264.000008544154,0.0
1213502706,45.610000728,1879.0899657648,0.0,3750.0300294144,71.2985557900993,25.3999995936,0.0,242.000010130394,0.0
1213502711,45.610000728,1879.0899657648,0.0,3750.0300294144,71.2475747292656,25.3999995936,0.0,256.999995886148,0.0
1213502715,45.610000728,1879.0899657648,0.0,3750.0300294144,71.2679655206665,25.3999995936,0.0,255.999994077862,0.0
1213502720,45.5699996904,1879.0899657648,0.0,3750.0300294144,71.879793588941,25.3999995936,0.0,264.000008544154,0.0
1213502724,44.7200011872,1879.0899657648,0.0,3750.0300294144,72.613990446017,25.3999995936,0.0,266.00000526597,0.0
1213502729,43.4599991352,1879.0899657648,0.0,3750.0300294144,75.1123001092741,25.3999995936,0.0,253.999997356046,0.0
1213502732,38.9599989912,1879.0899657648,0.0,3750.0300294144,75.5201803474102,25.3999995936,0.0,271.000000517888,0.0
1213502737,32.4300003672,1879.0899657648,0.0,3750.0300294144,74.6738218906349,25.3999995936,0.0,238.000009792005,0.0
1213502741,28.959998976,1879.0899657648,0.0,3750.0300294144,74.9389420949762,25.3999995936,0.0,222.000001543692,0.0
1213502746,20.5699998048,1879.0899657648,0.0,3750.0300294144,74.194553924531,25.3999995936,0.0,259.999987521493,0.0
1213502755,7.7900000664,1879.0899657648,0.0,3750.0300294144,64.8845437683312,25.3999995936,0.0,184.000001776376,0.0
1213502760,5.3200002312,1879.0899657648,0.0,3750.0300294144,69.7485907456808,25.3999995936,0.0,204.999998381849,0.0
1213502765,5.2300001064,1879.0899657648,0.0,3750.0300294144,70.1768694862882,25.3999995936,0.0,200.999998043461,0.0
1213502769,5.2300001064,1879.0899657648,0.0,3750.0300294144,70.2482495031856,25.3999995936,0.0,206.999995103665,0.0
1213502774,5.2300001064,1879.0899657648,0.0,3750.0300294144,70.3808096053562,25.3999995936,0.0,207.999990017195,0.0
1213502783,5.2300001064,1879.0899657648,0.0,3750.0300294144,70.3400275689619,25.3999995936,0.0,223.999998265508,0.0
1213502786,5.2300001064,1879.0899657648,0.0,3750.0300294144,70.4929789161259,25.3999995936,0.0,220.000004821876,0.0
1213502791,5.2300001064,1879.0899657648,0.0,3750.0300294144,70.5133778721896,25.3999995936,0.0,210.999988547297,0.0
1213502795,5.2300001064,1879.0899657648,0.0,3750.0300294144,70.4012081078275,25.3999995936,0.0,230.999997133999,0.0
1213502800,5.2300001064,1879.0899657648,0.0,3750.0300294144,70.3808096053562,25.3999995936,0.0,215.000009569958,0.0
1213502809,5.2300001064,1879.0899657648,0.0,3750.0300294144,70.4521896222537,25.3999995936,0.0,200.000003129931,0.0
1213502814,5.2300001064,1879.0899657648,0.0,3750.0300294144,70.4419978552921,25.3999995936,0.0,216.000011378244,0.0
1213502819,5.2300001064,1879.0899657648,0.0,3750.0300294144,70.4725881247249,25.3999995936,0.0,207.999990017195,0.0
1213502823,5.2300001064,1879.0899657648,0.0,3750.0300294144,70.4419978552921,25.3999995936,0.0,204.999998381849,0.0
1213502828,5.2300001064,1879.0899657648,0.0,3750.0300294144,70.4929789161259,25.3999995936,0.0,220.000004821876,0.0
1213502832,5.2300001064,1879.0899657648,0.0,3750.0300294144,70.4215993528209,25.3999995936,0.0,207.999990017195,0.0
1213502837,5.2300001064,1879.0899657648,0.0,3750.0300294144,70.4929789161259,25.3999995936,0.0,252.999995547759,0.0
1213502840,5.2300001064,1879.0899657648,0.0,3750.0300294144,70.5541671660618,25.3999995936,0.0,233.999988769344,0.0
1213502845,5.2300001064,1879.0899657648,0.0,3750.0300294144,70.4419978552921,25.3999995936,0.0,223.000003351978,0.0
1213502849,5.2300001064,1879.0899657648,0.0,3750.0300294144,70.4521896222537,25.3999995936,0.0,240.00000651382,0.0
1213502854,5.2300001064,1879.0899657648,0.0,3750.0300294144,70.4215993528209,25.3999995936,0.0,209.999993633768,0.0
1213502858,5.2300001064,1879.0899657648,0.0,3750.0300294144,70.4929789161259,25.3999995936,0.0,220.000004821876,0.0
1213502863,5.2300001064,1879.0899657648,0.0,3750.0300294144,70.4929789161259,25.3999995936,0.0,225.000000073794,0.0
1213502868,5.2300001064,1879.0899657648,0.0,3750.0300294144,70.4521896222537,25.3999995936,0.0,227.999998603896,0.0
1213502873,5.2300001064,1879.0899657648,0.0,3750.0300294144,70.4521896222537,25.3999995936,0.0,222.000001543692,0.0
1213502877,5.2300001064,1879.0899657648,0.0,3750.0300294144,70.4521896222537,25.3999995936,0.0,252.00000063423,0.0
1213502882,5.2300001064,1879.0899657648,0.0,3750.0300294144,70.5745579574628,25.3999995936,0.0,250.999998825943,0.0
1213502886,5.2300001064,1879.0899657648,0.0,3750.0300294144,70.6663364768315,25.3999995936,0.0,240.00000651382,0.0
1213502891,5.2300001064,1879.0899657648,0.0,3750.0300294144,70.5745579574628,25.3999995936,0.0,259.999987521493,0.0
1213502894,5.2300001064,1879.0899657648,0.0,3750.0300294144,70.6459379743602,25.3999995936,0.0,239.000011600291,0.0
1213502899,5.2300001064,1879.0899657648,0.0,3750.0300294144,70.6867277218248,25.3999995936,0.0,239.000011600291,0.0
1213502903,5.2300001064,1879.0899657648,0.0,3750.0300294144,70.5133778721896,25.3999995936,0.0,236.999987299446,0.0
1213502908,5.2300001064,1879.0899657648,0.0,3750.0300294144,70.6663364768315,25.3999995936,0.0,263.000013630625,0.0
1213502912,5.2300001064,1879.0899657648,0.0,3750.0300294144,70.6663364768315,25.3999995936,0.0,266.00000526597,0.0
1213502917,5.2300001064,1879.0899657648,0.0,3750.0300294144,70.5337686635905,25.3999995936,0.0,282.999994638297,0.0
1213502922,5.2300001064,1879.0899657648,0.0,3750.0300294144,70.5133778721896,25.3999995936,0.0,267.000007074256,0.0
1213502927,5.2300001064,1879.0899657648,0.0,3750.0300294144,70.6663364768315,25.3999995936,0.0,266.00000526597,0.0
1213502931,5.2300001064,1879.0899657648,0.0,3750.0300294144,70.4929789161259,25.3999995936,0.0,267.000007074256,0.0
1213502936,5.2300001064,1879.0899657648,0.0,3750.0300294144,70.4725881247249,25.3999995936,0.0,261.999991138066,0.0
1213502940,5.2300001064,1879.0899657648,0.0,3750.0300294144,70.5541671660618,25.3999995936,0.0,266.00000526597,0.0
1213502945,5.3400002928,1879.0899657648,0.0,3750.0300294144,69.8607600564504,25.3999995936,0.0,257.999990799677,0.0
1213502948,5.4699999312,1879.0899657648,0.0,3750.0300294144,70.2176592337528,25.3999995936,0.0,247.000005382312,0.0
1213502953,5.5399999944,1879.0100097144,0.0,3750.0300294144,122.835014172587,25.3999995936,0.0,264.000008544154,0.0
1213502957,5.619999936,1878.939941376,0.0,3750.0300294144,123.283691869258,25.3999995936,0.0,239.000011600291,0.0
1213502962,5.619999936,1878.939941376,0.0,3750.0300294144,123.232702643761,25.3999995936,0.0,227.999998603896,0.0
1213502966,5.619999936,1878.939941376,0.0,3750.0300294144,123.120533332992,25.3999995936,0.0,241.000008322107,0.0
1213502971,5.619999936,1878.939941376,0.0,3750.0300294144,123.059352794126,25.3999995936,0.0,230.999997133999,0.0
1213502976,5.619999936,1878.939941376,0.0,3750.0300294144,123.232702643761,25.3999995936,0.0,223.000003351978,0.0
1213502981,5.619999936,1878.939941376,0.0,3750.0300294144,123.008364022222,25.3999995936,0.0,252.00000063423,0.0
1213502990,5.619999936,1878.939941376,0.0,3750.0300294144,123.232702643761,25.3999995936,0.0,263.000013630625,0.0
1213502994,5.619999936,1878.939941376,0.0,3750.0300294144,123.191913349889,25.3999995936,0.0,277.999999386379,0.0
1213502999,5.619999936,1878.939941376,0.0,3750.0300294144,123.151123602425,25.3999995936,0.0,273.99999904799,0.0
1213503002,5.619999936,1878.939941376,0.0,3750.0300294144,123.171522104896,25.3999995936,0.0,273.000004134461,0.0
1213503007,5.619999936,1878.939941376,0.0,3750.0300294144,123.263292913194,25.3999995936,0.0,258.999992607964,0.0
1213503016,5.619999936,1878.939941376,0.0,3750.0300294144,123.120533332992,25.3999995936,0.0,275.999995769806,0.0
1213503020,5.619999936,1878.939941376,0.0,3750.0300294144,123.140931835463,25.3999995936,0.0,277.999999386379,0.0
1213503025,5.619999936,1878.939941376,0.0,3750.0300294144,123.151123602425,25.3999995936,0.0,266.00000526597,0.0
1213503030,5.619999936,1878.939941376,0.0,3750.0300294144,123.151123602425,25.3999995936,0.0,257.999990799677,0.0
1213503035,5.619999936,1878.939941376,0.0,3750.0300294144,123.32448116313,25.3999995936,0.0,264.000008544154,0.0
1213503039,5.619999936,1878.939941376,0.0,3750.0300294144,123.21231185236,25.3999995936,0.0,241.000008322107,0.0
1213503044,5.619999936,1878.939941376,0.0,3750.0300294144,123.304082660659,25.3999995936,0.0,234.99999057763,0.0
1213503048,5.619999936,1878.939941376,0.0,3750.0300294144,123.191913349889,25.3999995936,0.0,268.000008882543,0.0
1213503051,6.0100003752,1878.540039204,0.0,3750.0300294144,122.763634155689,25.3999995936,0.0,281.999992830011,0.0
1213503056,6.929999856,1877.6300048544,0.0,3750.0300294144,124.996815449943,25.3999995936,0.0,252.999995547759,0.0
1213503061,8.0400000744,1876.5100096344,0.0,3750.0300294144,123.589601821064,25.3999995936,0.0,234.99999057763,0.0
1213503065,10.8000000408,1873.7600098512,0.0,3750.0300294144,123.99748977027,25.3999995936,0.0,240.00000651382,0.0
1213503070,12.8000001048,1871.7499998504,0.0,3750.0300294144,123.569211029663,25.3999995936,0.0,244.000006852209,0.0
1213503075,13.6000004352,1870.9499510568,0.0,3750.0300294144,123.4366504739,25.3999995936,0.0,203.999996573563,0.0
1213503079,15.6000004992,1868.9599609296,0.0,3750.0300294144,123.457041718893,25.3999995936,0.0,182.00000505456,0.0
1213503082,17.6700000168,1866.8800048152,0.0,3750.0300294144,123.905719415564,25.3999995936,0.0,197.000004599829,0.0
1213503086,19.3500003144,1865.2099608096,0.0,3750.0300294144,123.620199801567,25.3999995936,0.0,206.999995103665,0.0
1213503093,21.0200004288,1863.5400390288,0.0,3750.0300294144,123.477432510294,25.3999995936,0.0,236.999987299446,0.0
1213503098,23.0400008592,1861.520019396,0.0,3750.0300294144,124.527746508278,25.3999995936,0.0,226.99999679561,0.0
1213503102,25.1200008648,1859.4300536496,0.0,3750.0300294144,123.283691869258,25.3999995936,0.0,248.000000295841,0.0
1213503107,26.3700009048,1858.1800536096,0.0,3750.0300294144,123.477432510294,25.3999995936,0.0,239.000011600291,0.0
1213503110,28.4500009104,1856.1099852072,0.0,3750.0300294144,123.548820238262,25.3999995936,0.0,210.999988547297,0.0
1213503114,30.1100005368,1854.4399415064,0.0,3750.0300294144,123.100142541591,25.3999995936,0.0,228.999993517426,0.0
1213503119,31.8300000432,1852.729980588,0.0,3750.0300294144,123.589601821064,25.3999995936,0.0,221.000006630162,0.0
1213503122,33.9900018192,1850.5699461984,0.0,3750.0300294144,123.079743585527,25.3999995936,0.0,210.999988547297,0.0
1213503126,35.720001204,1848.8299560792,0.0,3750.0300294144,123.834339398667,25.3999995936,0.0,194.000006069727,0.0
1213503131,37.8899995056,1846.6700439144,0.0,3750.0300294144,124.058678020206,25.3999995936,0.0,183.000006862846,0.0
1213503136,40.1199989064,1844.4399414912,0.0,3750.0300294144,123.283691869258,25.3999995936,0.0,192.999997366683,0.0
1213503142,42.3699989784,1842.1899414192,0.0,3750.0300294144,123.497831012765,25.3999995936,0.0,200.000003129931,0.0
1213503147,44.6199990504,1839.9399413472,0.0,3750.0300294144,123.620199801567,25.3999995936,0.0,180.999996351516,0.0
1213503152,46.0800017184,1838.4699708048,0.0,3750.0300294144,124.548137753272,25.3999995936,0.0,203.999996573563,0.0
1213503156,46.0800017184,1838.4699708048,0.0,3750.0300294144,123.548820238262,25.3999995936,0.0,223.000003351978,0.0
1213503161,46.0800017184,1838.4699708048,0.0,3750.0300294144,124.63991627264,25.3999995936,0.0,226.99999679561,0.0
1213503164,46.0800017184,1838.4699708048,0.0,3750.0300294144,124.527746508278,25.3999995936,0.0,239.000011600291,0.0
1213503169,46.0800017184,1838.4699708048,0.0,3750.0300294144,124.690897333474,25.3999995936,0.0,208.999991825481,0.0
1213503173,46.0800017184,1838.4699708048,0.0,3750.0300294144,124.690897333474,25.3999995936,0.0,206.999995103665,0.0
1213503178,45.9500008608,1838.4699708048,0.0,3750.0300294144,70.1972602776892,25.3999995936,0.0,218.00000810006,0.0
1213503183,45.8300017104,1838.4699708048,0.0,3750.0300294144,70.1360797388236,25.3999995936,0.0,225.000000073794,0.0
1213503187,45.6800001816,1838.4699708048,0.0,3750.0300294144,69.1469539907754,25.3999995936,0.0,192.999997366683,0.0
1213503197,45.689998536,1838.4699708048,0.0,3750.0300294144,69.0653826605088,25.3999995936,0.0,208.999991825481,0.0
1213503201,45.689998536,1838.4699708048,0.0,3750.0300294144,69.1775442602082,25.3999995936,0.0,218.00000810006,0.0
1213503206,45.6599998152,1838.4699708048,0.0,3750.0300294144,70.1054894693908,25.3999995936,0.0,213.000012848142,0.0
1213503210,45.2599982784,1838.4699708048,0.0,3750.0300294144,70.7785062411935,25.3999995936,0.0,191.999995558396,0.0
1213503215,44.749999908,1838.4699708048,0.0,3750.0300294144,69.3916915683784,25.3999995936,0.0,199.000001321645,0.0
1213503223,42.9199980816,1838.4699708048,0.0,3750.0300294144,70.4725881247249,25.3999995936,0.0,179.999994543229,0.0
1213503227,41.8300018872,1838.4699708048,0.0,3750.0300294144,70.7377164937289,25.3999995936,0.0,191.999995558396,0.0
1213503232,41.1500016216,1838.4699708048,0.0,3750.0300294144,69.9831206805893,25.3999995936,0.0,189.99999883658,0.0
1213503237,40.1899986648,1838.4699708048,0.0,3750.0300294144,70.7988970325945,25.3999995936,0.0,185.000003584662,0.0
1213503241,37.159999848,1838.4699708048,0.0,3750.0300294144,69.5038608791481,25.3999995936,0.0,194.000006069727,0.0
1213503251,24.9999998856,1838.4699708048,0.0,3750.0300294144,72.6853704629144,25.3999995936,0.0,269.000003796072,0.0
1213503255,23.2999992216,1838.4699708048,0.0,3750.0300294144,73.8376547472287,25.3999995936,0.0,259.999987521493,0.0
1213503260,10.8699997992,1838.4699708048,0.0,3750.0300294144,71.2781649986983,25.3999995936,0.0,259.999987521493,0.0
1213503264,7.4499999336,1838.4699708048,0.0,3750.0300294144,65.1292736348639,25.3999995936,0.0,245.000001765739,0.0
1213503269,5.5799998128,1838.4699708048,0.0,3750.0300294144,70.6663364768315,25.3999995936,0.0,273.000004134461,0.0
1213503272,5.2300001064,1838.4699708048,0.0,3750.0300294144,69.8709513698196,25.3999995936,0.0,269.000003796072,0.0
1213503277,5.2300001064,1838.4699708048,0.0,3750.0300294144,70.5133778721896,25.3999995936,0.0,294.000007634692,0.0
1213503281,5.2300001064,1838.4699708048,0.0,3750.0300294144,70.1972602776892,25.3999995936,0.0,261.999991138066,0.0
1213503286,5.2300001064,1838.4699708048,0.0,3750.0300294144,70.4521896222537,25.3999995936,0.0,243.000005043923,0.0
1213503291,5.2300001064,1838.4699708048,0.0,3750.0300294144,70.4929789161259,25.3999995936,0.0,261.999991138066,0.0
1213503295,5.2300001064,1838.4699708048,0.0,3750.0300294144,70.3808096053562,25.3999995936,0.0,227.999998603896,0.0
1213503300,5.2300001064,1838.4699708048,0.0,3750.0300294144,70.4725881247249,25.3999995936,0.0,222.000001543692,0.0
1213503305,5.2300001064,1838.4699708048,0.0,3750.0300294144,70.5847574354946,25.3999995936,0.0,226.99999679561,0.0
1213503309,5.2300001064,1838.4699708048,0.0,3750.0300294144,70.5133778721896,25.3999995936,0.0,249.000002104128,0.0
1213503314,5.2300001064,1838.4699708048,0.0,3750.0300294144,70.6663364768315,25.3999995936,0.0,246.000003574025,0.0
1213503318,5.2300001064,1838.4699708048,0.0,3750.0300294144,70.4521896222537,25.3999995936,0.0,255.999994077862,0.0
1213503323,5.2300001064,1838.4699708048,0.0,3750.0300294144,70.4012081078275,25.3999995936,0.0,276.999997578093,0.0
1213503326,5.2300001064,1838.4699708048,0.0,3750.0300294144,70.0035196366529,25.3999995936,0.0,268.000008882543,0.0
1213503331,5.2300001064,1838.4699708048,0.0,3750.0300294144,70.3298285445225,25.3999995936,0.0,263.000013630625,0.0
1213503335,5.2300001064,1838.4699708048,0.0,3750.0300294144,70.2686480056569,25.3999995936,0.0,245.000001765739,0.0
1213503340,5.2300001064,1838.4699708048,0.0,3750.0300294144,70.2176592337528,25.3999995936,0.0,248.000000295841,0.0
1213503345,5.2300001064,1838.4699708048,0.0,3750.0300294144,70.0647001755185,25.3999995936,0.0,263.000013630625,0.0
1213503349,5.2300001064,1838.4699708048,0.0,3750.0300294144,70.1156889474226,25.3999995936,0.0,243.000005043923,0.0
1213503354,5.2899999864,1838.4699708048,0.0,3750.0300294144,69.3712926123148,25.3999995936,0.0,196.000002791542,0.0
1213503359,5.489999688,1838.4699708048,0.0,3750.0300294144,69.3305033184425,25.3999995936,0.0,197.999999513358,0.0
1213503363,5.6899999992,1838.2800291984,0.0,3750.0300294144,121.244259380704,25.3999995936,0.0,205.999993295379,0.0
1213503368,7.090000044,1836.8699951376,0.0,3750.0300294144,121.65214732991,25.3999995936,0.0,203.999996573563,0.0
1213503372,9.0100001664,1834.9599610608,0.0,3750.0300294144,122.386336475916,25.3999995936,0.0,189.99999883658,0.0
1213503377,10.609999608,1833.3599853936,0.0,3750.0300294144,121.958057735308,25.3999995936,0.0,219.000003013589,0.0
1213503380,11.8100005608,1832.1600341232,0.0,3750.0300294144,121.937666490315,25.3999995936,0.0,226.000001882081,0.0
1213503385,12.6000004032,1831.3599853296,0.0,3750.0300294144,122.590284306054,25.3999995936,0.0,229.999995325712,0.0
1213503389,16.2199993608,1827.7499999664,0.0,3750.0300294144,122.447524725852,25.3999995936,0.0,222.000001543692,0.0
1213503394,18.3099995496,1825.66003422,0.0,3750.0300294144,122.498505786685,25.3999995936,0.0,211.999990355583,0.0
1213503399,19.1399995152,1824.8199462888,0.0,3750.0300294144,122.202787148249,25.3999995936,0.0,197.999999513358,0.0
1213503403,22.0499991816,1821.9200440368,0.0,3750.0300294144,122.386336475916,25.3999995936,0.0,205.999993295379,0.0
1213503408,22.8500004264,1821.1199952432,0.0,3750.0300294144,121.896877196443,25.3999995936,0.0,220.000004821876,0.0
1213503412,25.3400000184,1818.6300047952,0.0,3750.0300294144,123.008364022222,25.3999995936,0.0,240.00000651382,0.0
1213503417,25.969999368,1817.9999999592,0.0,3750.0300294144,121.805098677074,25.3999995936,0.0,209.999993633768,0.0
1213503422,25.969999368,1817.9999999592,0.0,3750.0300294144,121.692928912712,25.3999995936,0.0,197.000004599829,0.0
1213503431,25.969999368,1817.9999999592,0.0,3750.0300294144,121.65214732991,25.3999995936,0.0,216.000011378244,0.0
1213503434,25.969999368,1817.9999999592,0.0,3750.0300294144,121.580767313013,25.3999995936,0.0,188.000002114765,0.0
1213503439,25.969999368,1817.9999999592,0.0,3750.0300294144,121.713327868776,25.3999995936,0.0,216.000011378244,0.0
1213503443,25.969999368,1817.9999999592,0.0,3750.0300294144,121.65214732991,25.3999995936,0.0,203.999996573563,0.0
1213503448,25.969999368,1817.9999999592,0.0,3750.0300294144,121.692928912712,25.3999995936,0.0,201.999999851747,0.0
1213503457,25.969999368,1817.9999999592,0.0,3750.0300294144,121.692928912712,25.3999995936,0.0,213.000012848142,0.0
1213503462,25.969999368,1817.9999999592,0.0,3750.0300294144,121.631748827439,25.3999995936,0.0,187.000000306478,0.0
1213503467,25.969999368,1817.9999999592,0.0,3750.0300294144,121.519579063077,25.3999995936,0.0,205.999993295379,0.0
1213503471,25.969999368,1817.9999999592,0.0,3750.0300294144,121.488988793644,25.3999995936,0.0,192.999997366683,0.0
1213503476,25.969999368,1817.9999999592,0.0,3750.0300294144,121.519579063077,25.3999995936,0.0,192.999997366683,0.0
1213503485,25.969999368,1817.9999999592,0.0,3750.0300294144,121.631748827439,25.3999995936,0.0,205.999993295379,0.0
1213503488,25.969999368,1817.9999999592,0.0,3750.0300294144,121.580767313013,25.3999995936,0.0,216.000011378244,0.0
1213503493,25.969999368,1817.9999999592,0.0,3750.0300294144,121.468598002243,25.3999995936,0.0,195.000007878013,0.0
1213503497,25.969999368,1817.9999999592,0.0,3750.0300294144,121.601158558006,25.3999995936,0.0,195.000007878013,0.0
1213503502,25.969999368,1817.9999999592,0.0,3750.0300294144,121.53997801914,25.3999995936,0.0,199.000001321645,0.0
1213503506,25.969999368,1817.9999999592,0.0,3750.0300294144,121.560368810541,25.3999995936,0.0,210.999988547297,0.0
1213503511,25.969999368,1817.9999999592,0.0,3750.0300294144,121.631748827439,25.3999995936,0.0,205.999993295379,0.0
1213503516,25.969999368,1817.9999999592,0.0,3750.0300294144,121.631748827439,25.3999995936,0.0,185.999998498191,0.0
1213503521,25.969999368,1817.9999999592,0.0,3750.0300294144,121.488988793644,25.3999995936,0.0,192.999997366683,0.0
1213503525,25.969999368,1817.9999999592,0.0,3750.0300294144,121.53997801914,25.3999995936,0.0,207.999990017195,0.0
1213503530,25.969999368,1817.9999999592,0.0,3750.0300294144,121.631748827439,25.3999995936,0.0,201.999999851747,0.0
1213503534,25.969999368,1817.9999999592,0.0,3750.0300294144,121.65214732991,25.3999995936,0.0,195.000007878013,0.0
1213503539,25.969999368,1817.9999999592,0.0,3750.0300294144,121.601158558006,25.3999995936,0.0,215.000009569958,0.0
1213503542,25.969999368,1817.9999999592,0.0,3750.0300294144,121.621549349407,25.3999995936,0.0,201.999999851747,0.0
1213503547,25.969999368,1817.9999999592,0.0,3750.0300294144,121.53997801914,25.3999995936,0.0,208.999991825481,0.0
1213503551,25.969999368,1817.9999999592,0.0,3750.0300294144,121.631748827439,25.3999995936,0.0,208.999991825481,0.0
1213503556,25.969999368,1817.9999999592,0.0,3750.0300294144,121.621549349407,25.3999995936,0.0,201.999999851747,0.0
1213503560,25.969999368,1817.9999999592,0.0,3750.0300294144,121.468598002243,25.3999995936,0.0,189.99999883658,0.0
1213503565,25.969999368,1817.9999999592,0.0,3750.0300294144,121.631748827439,25.3999995936,0.0,188.999997028294,0.0
1213503570,25.969999368,1817.9999999592,0.0,3750.0300294144,121.53997801914,25.3999995936,0.0,200.000003129931,0.0
1213503575,25.9799995512,1817.9899903272,0.0,3750.0300294144,120.581442086933,25.3999995936,0.0,205.999993295379,0.0
1213503579,26.3999996256,1817.5699463616,0.0,3750.0300294144,121.805098677074,25.3999995936,0.0,215.000009569958,0.0
1213503582,29.1299990424,1814.8399658424,0.0,3750.0300294144,122.212986626281,25.3999995936,0.0,235.999992385917,0.0
1213503586,30.3799990824,1813.5899658024,0.0,3750.0300294144,122.365945684515,25.3999995936,0.0,180.999996351516,0.0
1213503593,32.5299988464,1811.4399413496,0.0,3750.0300294144,122.202787148249,25.3999995936,0.0,191.999995558396,0.0
1213503596,34.7000008056,1809.2700195528,0.0,3750.0300294144,122.631074053519,25.3999995936,0.0,187.000000306478,0.0
1213503601,36.4300001904,1807.5400390656,0.0,3750.0300294144,122.274174876216,25.3999995936,0.0,189.99999883658,0.0
1213503605,38.599998492,1805.369995044,0.0,3750.0300294144,122.896194711452,25.3999995936,0.0,180.999996351516,0.0
1213503610,39.5000000448,1804.4699706312,0.0,3750.0300294144,122.202787148249,25.3999995936,0.0,197.000004599829,0.0
1213503614,42.6500016696,1801.3100587392,0.0,3750.0300294144,122.090625548549,25.3999995936,0.0,201.999999851747,0.0
1213503619,44.0099982384,1799.9599608552,0.0,3750.0300294144,122.233385128752,25.3999995936,0.0,162.999998276144,0.0
1213503624,46.0400009856,1797.9300538152,0.0,3750.0300294144,118.12392217114,25.3999995936,0.0,187.000000306478,0.0
1213503629,46.0800017184,1797.8900146776,0.0,3750.0300294144,122.835014172587,25.3999995936,0.0,164.99999499796,0.0
1213503633,46.0800017184,1797.8900146776,0.0,3750.0300294144,122.896194711452,25.3999995936,0.0,206.999995103665,0.0
1213503638,46.0800017184,1797.8900146776,0.0,3750.0300294144,122.794224425122,25.3999995936,0.0,200.999998043461,0.0
1213503642,45.999999948,1797.969970728,0.0,3750.0300294144,121.509387749708,25.3999995936,0.0,190.99999375011,0.0
1213503647,45.799999332,1798.1700438864,0.0,3750.0300294144,122.212986626281,25.3999995936,0.0,189.99999883658,0.0
1213503650,45.8400000648,1798.1300047488,0.0,3750.0300294144,122.947183483357,25.3999995936,0.0,187.000000306478,0.0
1213503655,46.0200003144,1797.9499511592,0.0,3750.0300294144,122.896194711452,25.3999995936,0.0,197.999999513358,0.0
1213503664,46.0200003144,1797.9499511592,0.0,3750.0300294144,122.722844861817,25.3999995936,0.0,196.000002791542,0.0
1213503668,46.0200003144,1797.9499511592,0.0,3750.0300294144,122.671863347391,25.3999995936,0.0,202.999994765276,0.0
1213503673,46.0200003144,1797.9499511592,0.0,3750.0300294144,122.814623381186,25.3999995936,0.0,188.999997028294,0.0
1213503678,46.0200003144,1797.9499511592,0.0,3750.0300294144,122.671863347391,25.3999995936,0.0,206.999995103665,0.0
1213503683,46.0200003144,1797.9499511592,0.0,3750.0300294144,122.65146484492,25.3999995936,0.0,150.999997260978,0.0
1213503692,46.0200003144,1797.9499511592,0.0,3750.0300294144,122.65146484492,25.3999995936,0.0,176.000001099598,0.0
1213503696,46.0200003144,1797.9499511592,0.0,3750.0300294144,122.743243364288,25.3999995936,0.0,192.999997366683,0.0
1213503701,46.0200003144,1797.9499511592,0.0,3750.0300294144,122.794224425122,25.3999995936,0.0,194.000006069727,0.0
1213503704,46.0200003144,1797.9499511592,0.0,3750.0300294144,122.682055114353,25.3999995936,0.0,188.999997028294,0.0
1213503709,46.0200003144,1797.9499511592,0.0,3750.0300294144,122.702453616824,25.3999995936,0.0,188.999997028294,0.0
1213503713,46.0200003144,1797.9499511592,0.0,3750.0300294144,122.682055114353,25.3999995936,0.0,194.000006069727,0.0
1213503718,46.0200003144,1797.9499511592,0.0,3750.0300294144,122.682055114353,25.3999995936,0.0,188.000002114765,0.0
1213503723,46.0200003144,1797.9499511592,0.0,3750.0300294144,122.743243364288,25.3999995936,0.0,197.000004599829,0.0
1213503727,46.0200003144,1797.9499511592,0.0,3750.0300294144,122.743243364288,25.3999995936,0.0,204.999998381849,0.0
1213503732,46.0200003144,1797.9499511592,0.0,3750.0300294144,123.813940896196,25.3999995936,0.0,200.999998043461,0.0
1213503737,45.999999948,1797.969970728,0.0,3750.0300294144,112.556272688479,25.3999995936,0.0,207.999990017195,0.0
1213503741,45.9000014688,1797.9899902968,0.0,3750.0300294144,72.3692610330767,25.3999995936,0.0,201.999999851747,0.0
1213503746,45.5999984112,1797.9899902968,0.0,3750.0300294144,71.2475747292656,25.3999995936,0.0,205.999993295379,0.0
1213503750,45.5999984112,1797.9899902968,0.0,3750.0300294144,70.5847574354946,25.3999995936,0.0,218.00000810006,0.0
1213503755,45.5999984112,1797.9899902968,0.0,3750.0300294144,71.0538259235666,25.3999995936,0.0,207.999990017195,0.0
1213503758,45.2799986448,1797.9899902968,0.0,3750.0300294144,71.879793588941,25.3999995936,0.0,204.999998381849,0.0
1213503763,44.4500008128,1797.9899902968,0.0,3750.0300294144,72.6547801934816,25.3999995936,0.0,210.999988547297,0.0
1213503767,43.1800004064,1797.9899902968,0.0,3750.0300294144,71.6044739065679,25.3999995936,0.0,195.000007878013,0.0
1213503772,41.6800003584,1797.9899902968,0.0,3750.0300294144,70.6459379743602,25.3999995936,0.0,164.000000084431,0.0
1213503777,41.5400008416,1797.9899902968,0.0,3750.0300294144,71.5432933677023,25.3999995936,0.0,185.000003584662,0.0
1213503781,39.5099983992,1797.9899902968,0.0,3750.0300294144,74.0211963638255,25.3999995936,0.0,200.999998043461,0.0
1213503786,35.3300016792,1797.9899902968,0.0,3750.0300294144,74.8879610341424,25.3999995936,0.0,167.999993528063,0.0
1213503791,25.18000044,1797.9899902968,0.0,3750.0300294144,74.0823846137614,25.3999995936,0.0,170.000004039393,0.0
1213503795,20.2000006464,1797.9899902968,0.0,3750.0300294144,72.4100503269489,25.3999995936,0.0,176.000001099598,0.0
1213503800,13.8000001368,1797.9899902968,0.0,3750.0300294144,70.8498858044986,25.3999995936,0.0,206.999995103665,0.0
1213503804,8.590000092,1797.9899902968,0.0,3750.0300294144,72.2163019748424,25.3999995936,0.0,194.000006069727,0.0
1213503809,5.3000001696,1797.9899902968,0.0,3750.0300294144,70.941656612797,25.3999995936,0.0,185.000003584662,0.0
1213503812,5.2300001064,1797.9899902968,0.0,3750.0300294144,70.4725881247249,25.3999995936,0.0,195.000007878013,0.0
1213503817,5.2300001064,1797.9899902968,0.0,3750.0300294144,70.5133778721896,25.3999995936,0.0,197.999999513358,0.0
1213503821,5.2300001064,1797.9899902968,0.0,3750.0300294144,70.4929789161259,25.3999995936,0.0,207.999990017195,0.0
1213503826,5.2300001064,1797.9899902968,0.0,3750.0300294144,70.5337686635905,25.3999995936,0.0,203.999996573563,0.0
1213503831,5.2300001064,1797.9899902968,0.0,3750.0300294144,70.2890387970578,25.3999995936,0.0,221.000006630162,0.0
1213503835,5.2300001064,1797.9899902968,0.0,3750.0300294144,70.5745579574628,25.3999995936,0.0,188.000002114765,0.0
1213503840,5.2300001064,1797.9899902968,0.0,3750.0300294144,70.5337686635905,25.3999995936,0.0,185.999998498191,0.0
1213503845,5.2300001064,1797.9899902968,0.0,3750.0300294144,70.4521896222537,25.3999995936,0.0,188.999997028294,0.0
1213503849,5.2300001064,1797.9899902968,0.0,3750.0300294144,70.3808096053562,25.3999995936,0.0,206.999995103665,0.0
1213503854,5.2300001064,1797.9899902968,0.0,3750.0300294144,70.4012081078275,25.3999995936,0.0,207.999990017195,0.0
1213503858,5.2300001064,1797.9899902968,0.0,3750.0300294144,70.4012081078275,25.3999995936,0.0,199.000001321645,0.0
1213503863,5.2300001064,1797.9899902968,0.0,3750.0300294144,70.2278582581923,25.3999995936,0.0,205.999993295379,0.0
1213503871,5.2300001064,1799.9899903608,0.0,3750.0300294144,70.5133778721896,25.3999995936,0.0,188.000002114765,0.0
1213503875,5.2300001064,1799.9899903608,0.0,3750.0300294144,70.4929789161259,25.3999995936,0.0,180.999996351516,0.0
1213503880,5.2300001064,1799.9899903608,0.0,3750.0300294144,70.3094295884588,25.3999995936,0.0,170.000004039393,0.0
1213503885,5.2300001064,1799.9899903608,0.0,3750.0300294144,70.5337686635905,25.3999995936,0.0,157.000008110697,0.0
1213503889,5.2300001064,1799.9899903608,0.0,3750.0300294144,70.4725881247249,25.3999995936,0.0,176.999996013127,0.0
1213503899,5.369999928,1799.9899903608,0.0,3750.0300294144,69.8403611003868,25.3999995936,0.0,203.999996573563,0.0
1213503903,5.5399999944,1799.8199464032,0.0,3750.0300294144,120.510062523628,25.3999995936,0.0,218.00000810006,0.0
1213503908,5.7300001224,1799.6300047968,0.0,3750.0300294144,120.581442086933,25.3999995936,0.0,219.000003013589,0.0
1213503912,6.2600000784,1799.09997558,0.0,3750.0300294144,120.244934154624,25.3999995936,0.0,200.000003129931,0.0
1213503915,7.6900000632,1797.6700438704,0.0,3750.0300294144,120.805781162064,25.3999995936,0.0,190.99999375011,0.0
1213503920,9.239999808,1796.1199950528,0.0,3750.0300294144,121.856087448978,25.3999995936,0.0,167.999993528063,0.0
1213503925,10.4399995416,1794.9200440872,0.0,3750.0300294144,121.805098677074,25.3999995936,0.0,170.000004039393,0.0
1213503929,13.6300000704,1791.7299804648,0.0,3750.0300294144,121.070909531068,25.3999995936,0.0,177.999997821414,0.0
1213503934,15.6300001344,1789.7299804008,0.0,3750.0300294144,121.274849650136,25.3999995936,0.0,157.000008110697,0.0
1213503939,15.6300001344,1789.7299804008,0.0,3750.0300294144,121.274849650136,25.3999995936,0.0,151.999999069264,0.0
1213503943,16.87999926,1788.4799803608,0.0,3750.0300294144,121.407409752307,25.3999995936,0.0,199.000001321645,0.0
1213503948,21.0499991496,1784.3100585,0.0,3750.0300294144,121.152480861335,25.3999995936,0.0,183.000006862846,0.0
1213503952,22.6700001768,1782.680053632,0.0,3750.0300294144,121.805098677074,25.3999995936,0.0,217.000006291774,0.0
1213503957,24.7399996944,1780.6199951664,0.0,3750.0300294144,121.468598002243,25.3999995936,0.0,219.000003013589,0.0
1213503962,25.56999966,1779.790039092,0.0,3750.0300294144,121.509387749708,25.3999995936,0.0,199.000001321645,0.0
1213503966,28.4799996312,1776.8699950464,0.0,3750.0300294144,121.856087448978,25.3999995936,0.0,205.999993295379,0.0
1213503969,29.7299996712,1775.6199950064,0.0,3750.0300294144,121.295240441537,25.3999995936,0.0,185.000003584662,0.0
1213503974,31.4300003352,1773.9300536568,0.0,3750.0300294144,121.387018960906,25.3999995936,0.0,204.999998381849,0.0
1213503978,33.5900002824,1771.770019572,0.0,3750.0300294144,120.397892759266,25.3999995936,0.0,164.99999499796,0.0
1213503981,35.3300016792,1770.030029148,0.0,3750.0300294144,121.692928912712,25.3999995936,0.0,176.000001099598,0.0
1213503985,36.6300011112,1768.7299803384,0.0,3750.0300294144,121.315638944009,25.3999995936,0.0,159.999999746042,0.0
1213503990,38.349998484,1766.9999998512,0.0,3750.0300294144,121.427808708371,25.3999995936,0.0,177.999997821414,0.0
1213503997,40.7799988056,1764.5799561264,0.0,3750.0300294144,121.244259380704,25.3999995936,0.0,205.999993295379,0.0
1213504002,42.4399987368,1762.9200439776,0.0,3750.0300294144,120.244934154624,25.3999995936,0.0,154.999997599367,0.0
1213504007,44.1199990344,1761.23999034,0.0,3750.0300294144,121.488988793644,25.3999995936,0.0,162.999998276144,0.0
1213504011,45.810001344,1759.5500486856,0.0,3750.0300294144,122.314956459018,25.3999995936,0.0,172.000000761209,0.0
1213504016,46.060001352,1759.3000486776,0.0,3750.0300294144,120.754791936568,25.3999995936,0.0,197.999999513358,0.0
1213504020,46.060001352,1759.3000486776,0.0,3750.0300294144,120.795581684033,25.3999995936,0.0,188.999997028294,0.0
1213504025,45.9799995816,1759.3399658952,0.0,3750.0300294144,70.8090965106263,25.3999995936,0.0,214.000007761671,0.0
1213504028,45.7200012192,1759.3399658952,0.0,3750.0300294144,71.0232356541338,25.3999995936,0.0,189.99999883658,0.0
1213504033,45.7200012192,1759.3399658952,0.0,3750.0300294144,70.941656612797,25.3999995936,0.0,176.999996013127,0.0
1213504037,45.7200012192,1759.3399658952,0.0,3750.0300294144,70.941656612797,25.3999995936,0.0,190.99999375011,0.0
1213504042,45.7200012192,1759.3399658952,0.0,3750.0300294144,71.3597440400352,25.3999995936,0.0,197.999999513358,0.0
1213504047,45.7200012192,1759.3399658952,0.0,3750.0300294144,71.3189542925706,25.3999995936,0.0,190.99999375011,0.0
1213504051,45.7200012192,1759.3399658952,0.0,3750.0300294144,71.3801348314362,25.3999995936,0.0,199.000001321645,0.0
1213504056,45.7200012192,1759.3399658952,0.0,3750.0300294144,71.2781649986983,25.3999995936,0.0,191.999995558396,0.0
1213504061,45.2200012032,1759.3399658952,0.0,3750.0300294144,71.2985557900993,25.3999995936,0.0,189.99999883658,0.0
1213504065,45.0200005872,1759.3399658952,0.0,3750.0300294144,71.0538259235666,25.3999995936,0.0,195.000007878013,0.0
1213504070,45.0200005872,1759.3399658952,0.0,3750.0300294144,70.9110663433642,25.3999995936,0.0,213.000012848142,0.0
1213504074,44.999999916,1759.3399658952,0.0,3750.0300294144,71.3801348314362,25.3999995936,0.0,219.000003013589,0.0
1213504079,44.9099997912,1759.3399658952,0.0,3750.0300294144,70.5133778721896,25.3999995936,0.0,211.999990355583,0.0
1213504082,44.9099997912,1759.3399658952,0.0,3750.0300294144,72.3692610330767,25.3999995936,0.0,199.000001321645,0.0
1213504087,44.3400000168,1759.3399658952,0.0,3750.0300294144,75.5405788498815,25.3999995936,0.0,197.000004599829,0.0
1213504091,40.0600014648,1759.3399658952,0.0,3750.0300294144,75.4488003305128,25.3999995936,0.0,188.999997028294,0.0
1213504096,31.52000046,1759.3399658952,0.0,3750.0300294144,73.5113381282888,25.3999995936,0.0,197.999999513358,0.0
1213504105,18.1000002744,1759.3399658952,0.0,3750.0300294144,72.9504988319184,25.3999995936,0.0,211.999990355583,0.0
1213504110,11.959999956,1759.3399658952,0.0,3750.0300294144,72.144921957945,25.3999995936,0.0,197.000004599829,0.0
1213504115,6.42999984,1759.3399658952,0.0,3750.0300294144,68.2088170146314,25.3999995936,0.0,191.999995558396,0.0
1213504119,5.3800001112,1759.3399658952,0.0,3750.0300294144,69.4018828817476,25.3999995936,0.0,155.999992512896,0.0
1213504124,5.2300001064,1759.3399658952,0.0,3750.0300294144,69.9525308647488,25.3999995936,0.0,188.999997028294,0.0
1213504133,5.2300001064,1759.3399658952,0.0,3750.0300294144,70.2686480056569,25.3999995936,0.0,188.000002114765,0.0
1213504136,5.2300001064,1759.3399658952,0.0,3750.0300294144,70.1972602776892,25.3999995936,0.0,165.999996806247,0.0
1213504141,5.310000048,1759.3399658952,0.0,3750.0300294144,69.6160224788475,25.3999995936,0.0,188.000002114765,0.0
1213504145,5.4199999296,1759.3399658952,0.0,3750.0300294144,69.7995718065146,25.3999995936,0.0,189.99999883658,0.0
1213504150,5.6300001192,1759.119995088,0.0,3750.0300294144,119.276206455454,25.3999995936,0.0,211.999990355583,0.0
1213504155,6.4099997784,1758.3499754952,0.0,3750.0300294144,118.542009598379,25.3999995936,0.0,230.999997133999,0.0
1213504159,8.3000002656,1756.4599609872,0.0,3750.0300294144,119.724884152126,25.3999995936,0.0,232.999993855815,0.0
1213504164,9.8699997672,1754.8800048888,0.0,3750.0300294144,120.112373598861,25.3999995936,0.0,202.999994765276,0.0
1213504169,10.6700000976,1754.0899657272,0.0,3750.0300294144,120.357103465393,25.3999995936,0.0,226.99999679561,0.0
1213504173,12.6700001616,1752.089965968,0.0,3750.0300294144,119.949215516187,25.3999995936,0.0,211.999990355583,0.0
1213504178,15.0699996288,1749.6899415072,0.0,3750.0300294144,119.857444707889,25.3999995936,0.0,223.999998265508,0.0
1213504182,16.7099991936,1748.0500489272,0.0,3750.0300294144,119.816654960424,25.3999995936,0.0,190.99999375011,0.0
1213504187,17.1200009136,1747.6300049616,0.0,3750.0300294144,120.102174120829,25.3999995936,0.0,205.999993295379,0.0
1213504190,21.2999991576,1743.459960876,0.0,3750.0300294144,120.000204288091,25.3999995936,0.0,204.999998381849,0.0
1213504195,22.9099996968,1741.8499755768,0.0,3750.0300294144,120.66302112827,25.3999995936,0.0,174.999999291311,0.0
1213504199,23.7399996624,1741.0200195024,0.0,3750.0300294144,120.693611397702,25.3999995936,0.0,208.999991825481,0.0
1213504204,25.819999668,1738.939941468,0.0,3750.0300294144,120.418284004259,25.3999995936,0.0,203.999996573563,0.0
1213504208,28.7299996392,1736.0300292792,0.0,3750.0300294144,120.336712673992,25.3999995936,0.0,223.999998265508,0.0
1213504213,29.9799996792,1734.7800292392,0.0,3750.0300294144,121.152480861335,25.3999995936,0.0,229.999995325712,0.0
1213504218,31.2500000856,1733.5100096304,0.0,3750.0300294144,119.306796724887,25.3999995936,0.0,225.000000073794,0.0
1213504223,34.2799989024,1730.4799803336,0.0,3750.0300294144,119.888034977321,25.3999995936,0.0,199.000001321645,0.0
1213504227,36.0099982872,1728.7500001512,0.0,3750.0300294144,120.214343885191,25.3999995936,0.0,246.000003574025,0.0
1213504232,37.3100013768,1727.4499510368,0.0,3750.0300294144,119.164037144685,25.3999995936,0.0,252.999995547759,0.0
1213504236,39.0699997872,1725.6899413488,0.0,3750.0300294144,119.837045751825,25.3999995936,0.0,205.999993295379,0.0
1213504241,41.3199995544,1723.4399412768,0.0,3750.0300294144,120.153163346325,25.3999995936,0.0,208.999991825481,0.0
1213504244,44.0200005552,1720.7399902632,0.0,3750.0300294144,119.194627414118,25.3999995936,0.0,217.000006291774,0.0
1213504249,45.2700005952,1719.4799805912,0.0,3750.0300294144,119.235417161582,25.3999995936,0.0,217.000006291774,0.0
1213504253,46.060001352,1718.6999510616,0.0,3750.0300294144,118.970288792578,25.3999995936,0.0,223.000003351978,0.0
1213504258,46.060001352,1718.6999510616,0.0,3750.0300294144,119.102856605819,25.3999995936,0.0,210.999988547297,0.0
1213504262,46.04999934,1718.7099609984,0.0,3750.0300294144,119.031477042514,25.3999995936,0.0,211.999990355583,0.0
1213504267,45.74999994,1718.7099609984,0.0,3750.0300294144,71.5432933677023,25.3999995936,0.0,190.99999375011,0.0
1213504272,45.5299986528,1718.7099609984,0.0,3750.0300294144,70.8498858044986,25.3999995936,0.0,185.000003584662,0.0
1213504277,45.5299986528,1721.7099607896,0.0,3750.0300294144,70.7581072851299,25.3999995936,0.0,202.999994765276,0.0
1213504281,45.5299986528,1721.7099607896,0.0,3750.0300294144,70.1768694862882,25.3999995936,0.0,197.999999513358,0.0
1213504286,43.93999848,1721.7099607896,0.0,3750.0300294144,71.9715721083097,25.3999995936,0.0,187.000000306478,0.0
1213504290,42.9599991192,1721.7099607896,0.0,3750.0300294144,70.8090965106263,25.3999995936,0.0,216.000011378244,0.0
1213504295,41.4700010832,1721.7099607896,0.0,3750.0300294144,70.9824463602616,25.3999995936,0.0,197.999999513358,0.0
1213504298,41.2900008336,1721.7099607896,0.0,3750.0300294144,71.3801348314362,25.3999995936,0.0,225.000000073794,0.0
1213504303,40.720001364,1721.7099607896,0.0,3750.0300294144,72.5732011521448,25.3999995936,0.0,199.000001321645,0.0
1213504307,40.2000006768,1721.7099607896,0.0,3750.0300294144,72.1857117054096,25.3999995936,0.0,192.999997366683,0.0
1213504312,38.0099983512,1721.7099607896,0.0,3750.0300294144,73.6133161256893,25.3999995936,0.0,200.999998043461,0.0
1213504316,33.9199980984,1721.7099607896,0.0,3750.0300294144,74.4494828155032,25.3999995936,0.0,222.000001543692,0.0
1213504321,23.7900008832,1721.7099607896,0.0,3750.0300294144,74.4494828155032,25.3999995936,0.0,211.999990355583,0.0
1213504326,18.8700009696,1721.7099607896,0.0,3750.0300294144,73.5725263782247,25.3999995936,0.0,197.000004599829,0.0
1213504331,9.9799996488,1721.7099607896,0.0,3750.0300294144,70.9110663433642,25.3999995936,0.0,179.999994543229,0.0
1213504340,5.2499998632,1721.7099607896,0.0,3750.0300294144,69.1673524932467,25.3999995936,0.0,197.000004599829,0.0
1213504344,5.2300001064,1721.7099607896,0.0,3750.0300294144,69.9729293672201,25.3999995936,0.0,190.99999375011,0.0
1213504349,5.2300001064,1721.7099607896,0.0,3750.0300294144,70.3298285445225,25.3999995936,0.0,182.00000505456,0.0
1213504352,5.2300001064,1721.7099607896,0.0,3750.0300294144,70.3094295884588,25.3999995936,0.0,177.999997821414,0.0
1213504357,5.2300001064,1721.7099607896,0.0,3750.0300294144,70.2278582581923,25.3999995936,0.0,174.000004377782,0.0
1213504366,5.4399999912,1721.7099607896,0.0,3750.0300294144,70.2278582581923,25.3999995936,0.0,174.000004377782,0.0
1213504370,5.5399999944,1721.640014676,0.0,3750.0300294144,118.33806947931,25.3999995936,0.0,189.99999883658,0.0
1213504375,5.5999998744,1721.5799559696,0.0,3750.0300294144,118.725558926046,25.3999995936,0.0,191.999995558396,0.0
1213504380,5.5999998744,1721.5799559696,0.0,3750.0300294144,118.613389615276,25.3999995936,0.0,201.999999851747,0.0
1213504385,5.5999998744,1721.5799559696,0.0,3750.0300294144,118.613389615276,25.3999995936,0.0,203.999996573563,0.0
1213504389,5.5999998744,1721.5799559696,0.0,3750.0300294144,118.480829059513,25.3999995936,0.0,191.999995558396,0.0
1213504394,5.6500001808,1721.5400390568,0.0,3750.0300294144,118.368659748743,25.3999995936,0.0,197.999999513358,0.0
1213504398,7.62,1719.5600585616,0.0,3750.0300294144,119.082458103348,25.3999995936,0.0,203.999996573563,0.0
1213504401,9.1700000496,1718.010009744,0.0,3750.0300294144,119.174236622717,25.3999995936,0.0,216.000011378244,0.0
1213504406,9.97000038,1717.2099609504,0.0,3750.0300294144,119.062067311947,25.3999995936,0.0,215.000009569958,0.0
1213504410,12.359999664,1714.8199464264,0.0,3750.0300294144,119.857444707889,25.3999995936,0.0,220.000004821876,0.0
1213504415,13.96000002,1713.2199707592,0.0,3750.0300294144,119.306796724887,25.3999995936,0.0,205.999993295379,0.0
1213504418,15.960000084,1711.2199706952,0.0,3750.0300294144,118.919307731745,25.3999995936,0.0,191.999995558396,0.0
1213504425,16.7999993184,1710.3800049888,0.0,3750.0300294144,119.347586472352,25.3999995936,0.0,218.00000810006,0.0
1213504429,19.719999168,1707.4599609432,0.0,3750.0300294144,118.807137967382,25.3999995936,0.0,208.999991825481,0.0
1213504434,21.3899992824,1705.7900391624,0.0,3750.0300294144,119.102856605819,25.3999995936,0.0,200.000003129931,0.0
1213504438,23.4200002008,1703.7600098976,0.0,3750.0300294144,118.694968656613,25.3999995936,0.0,205.999993295379,0.0
1213504441,25.4999999016,1701.6800537832,0.0,3750.0300294144,119.051867833915,25.3999995936,0.0,225.000000073794,0.0
1213504446,27.1599998328,1700.0200194096,0.0,3750.0300294144,119.011078086451,25.3999995936,0.0,225.000000073794,0.0
1213504450,28.3999996896,1698.7800293064,0.0,3750.0300294144,118.694968656613,25.3999995936,0.0,206.999995103665,0.0
1213504453,29.6499997296,1697.5300292664,0.0,3750.0300294144,118.542009598379,25.3999995936,0.0,216.000011378244,0.0
1213504460,33.080001912,1694.0999755728,0.0,3750.0300294144,118.949898001177,25.3999995936,0.0,235.999992385917,0.0
1213504465,35.2400015544,1691.939941488,0.0,3750.0300294144,119.286405933486,25.3999995936,0.0,222.000001543692,0.0
1213504469,36.5400009864,1690.6400145984,0.0,3750.0300294144,119.011078086451,25.3999995936,0.0,223.999998265508,0.0
1213504474,38.2799987256,1688.9100341112,0.0,3750.0300294144,119.082458103348,25.3999995936,0.0,234.99999057763,0.0
1213504479,40.970001372,1686.2099608728,0.0,3750.0300294144,118.949898001177,25.3999995936,0.0,229.999995325712,0.0
1213504483,42.9099997272,1684.2700195152,0.0,3750.0300294144,118.858119481809,25.3999995936,0.0,207.999990017195,0.0
1213504488,43.6699981056,1683.5200194912,0.0,3750.0300294144,118.76634867351,25.3999995936,0.0,194.000006069727,0.0
1213504493,45.9599992152,1681.2199706496,0.0,3750.0300294144,120.43868250673,25.3999995936,0.0,226.000001882081,0.0
1213504497,46.0800017184,1681.0999754616,0.0,3750.0300294144,119.102856605819,25.3999995936,0.0,226.000001882081,0.0
1213504502,46.0800017184,1681.0999754616,0.0,3750.0300294144,118.99068729505,25.3999995936,0.0,229.999995325712,0.0
1213504506,45.9500008608,1681.1899414488,0.0,3750.0300294144,71.5840749505043,25.3999995936,0.0,228.999993517426,0.0
1213504511,45.4599991992,1681.1899414488,0.0,3750.0300294144,70.7377164937289,25.3999995936,0.0,219.000003013589,0.0
1213504514,45.4599991992,1681.1899414488,0.0,3750.0300294144,70.7377164937289,25.3999995936,0.0,252.00000063423,0.0
1213504519,45.4599991992,1681.1899414488,0.0,3750.0300294144,70.921265821396,25.3999995936,0.0,254.999992269575,0.0
1213504523,45.4099998072,1681.1899414488,0.0,3750.0300294144,71.410725100869,25.3999995936,0.0,233.999988769344,0.0
1213504528,45.2299995576,1681.1899414488,0.0,3750.0300294144,71.1150064624322,25.3999995936,0.0,228.999993517426,0.0
1213504533,44.8699990584,1681.1899414488,0.0,3750.0300294144,71.390334309468,25.3999995936,0.0,213.000012848142,0.0
1213504537,44.3899994088,1681.1899414488,0.0,3750.0300294144,71.7472334867704,25.3999995936,0.0,213.000012848142,0.0
1213504547,41.9900017704,1681.1899414488,0.0,3750.0300294144,71.6758534698729,25.3999995936,0.0,205.999993295379,0.0
1213504551,41.2500001008,1681.1899414488,0.0,3750.0300294144,70.7377164937289,25.3999995936,0.0,203.999996573563,0.0
1213504556,39.8199998112,1681.1899414488,0.0,3750.0300294144,70.6255471829592,25.3999995936,0.0,210.999988547297,0.0
1213504560,36.2599982952,1681.1899414488,0.0,3750.0300294144,75.6935379081158,25.3999995936,0.0,217.000006291774,0.0
1213504565,30.3899992656,1681.1899414488,0.0,3750.0300294144,75.0307206143449,25.3999995936,0.0,208.999991825481,0.0
1213504573,15.4300004328,1681.1899414488,0.0,3750.0300294144,73.3685785480863,25.3999995936,0.0,223.000003351978,0.0
1213504577,9.840000132,1681.1899414488,0.0,3750.0300294144,71.0538259235666,25.3999995936,0.0,187.000000306478,0.0
1213504582,6.030000132,1681.1899414488,0.0,3750.0300294144,67.4746201575554,25.3999995936,0.0,180.999996351516,0.0
1213504587,5.2300001064,1681.1899414488,0.0,3750.0300294144,70.4012081078275,25.3999995936,0.0,176.999996013127,0.0
1213504591,5.2300001064,1681.1899414488,0.0,3750.0300294144,70.3094295884588,25.3999995936,0.0,231.999992047528,0.0
1213504601,5.2300001064,1681.1899414488,0.0,3750.0300294144,70.4521896222537,25.3999995936,0.0,197.999999513358,0.0
1213504605,5.2300001064,1681.1899414488,0.0,3750.0300294144,70.2482495031856,25.3999995936,0.0,245.000001765739,0.0
1213504610,5.2699999248,1681.1899414488,0.0,3750.0300294144,69.8199703089858,25.3999995936,0.0,200.000003129931,0.0
1213504614,5.3499998664,1681.1899414488,0.0,3750.0300294144,69.7281917896171,25.3999995936,0.0,205.999993295379,0.0
1213504619,5.4600000528,1681.1199950304,0.0,3750.0300294144,117.379534000695,25.3999995936,0.0,216.000011378244,0.0
1213504622,5.560000056,1681.0200194112,0.0,3750.0300294144,117.410124270128,25.3999995936,0.0,200.000003129931,0.0
1213504627,5.560000056,1681.0200194112,0.0,3750.0300294144,117.359135044631,25.3999995936,0.0,200.000003129931,0.0
1213504631,5.560000056,1681.0200194112,0.0,3750.0300294144,117.338744253231,25.3999995936,0.0,223.000003351978,0.0
1213504636,5.560000056,1681.0200194112,0.0,3750.0300294144,117.399924792096,25.3999995936,0.0,257.999990799677,0.0
1213504641,5.560000056,1681.0200194112,0.0,3750.0300294144,117.522293580898,25.3999995936,0.0,254.999992269575,0.0
1213504645,5.560000056,1681.0200194112,0.0,3750.0300294144,117.399924792096,25.3999995936,0.0,218.00000810006,0.0
1213504650,5.560000056,1681.0200194112,0.0,3750.0300294144,117.491703311465,25.3999995936,0.0,203.999996573563,0.0
1213504655,5.560000056,1681.0200194112,0.0,3750.0300294144,117.471304808994,25.3999995936,0.0,206.999995103665,0.0
1213504659,5.560000056,1681.0200194112,0.0,3750.0300294144,117.563083328362,25.3999995936,0.0,207.999990017195,0.0
1213504664,5.560000056,1681.0200194112,0.0,3750.0300294144,117.542684372299,25.3999995936,0.0,192.999997366683,0.0
1213504668,5.560000056,1681.0200194112,0.0,3750.0300294144,117.430522772599,25.3999995936,0.0,214.000007761671,0.0
1213504673,5.560000056,1681.0200194112,0.0,3750.0300294144,117.338744253231,25.3999995936,0.0,195.000007878013,0.0
1213504676,5.560000056,1681.0200194112,0.0,3750.0300294144,117.410124270128,25.3999995936,0.0,230.999997133999,0.0
1213504681,5.560000056,1681.0200194112,0.0,3750.0300294144,117.359135044631,25.3999995936,0.0,197.000004599829,0.0
1213504685,5.9099997624,1680.6700440888,0.0,3750.0300294144,116.981845075928,25.3999995936,0.0,177.999997821414,0.0
1213504690,7.179999864,1679.40002448,0.0,3750.0300294144,118.460430557042,25.3999995936,0.0,182.00000505456,0.0
1213504695,7.5599998152,1679.0100097152,0.0,3750.0300294144,117.807812741303,25.3999995936,0.0,191.999995558396,0.0
1213504699,10.3000003296,1676.280029196,0.0,3750.0300294144,118.12392217114,25.3999995936,0.0,176.000001099598,0.0
1213504704,11.5000000632,1675.0799560056,0.0,3750.0300294144,118.12392217114,25.3999995936,0.0,176.000001099598,0.0
1213504709,12.6999997968,1673.8800047352,0.0,3750.0300294144,117.960771799537,25.3999995936,0.0,180.999996351516,0.0
1213504713,15.8999995944,1670.6800537056,0.0,3750.0300294144,118.317670976839,25.3999995936,0.0,203.999996573563,0.0
1213504718,17.9899997832,1668.5899657344,0.0,3750.0300294144,117.644662369699,25.3999995936,0.0,200.000003129931,0.0
1213504722,19.6599998976,1666.9200439536,0.0,3750.0300294144,117.512094102866,25.3999995936,0.0,194.000006069727,0.0
1213504727,20.4899998632,1666.0899659592,0.0,3750.0300294144,117.981162590938,25.3999995936,0.0,188.000002114765,0.0
1213504730,22.930000368,1663.6400146488,0.0,3750.0300294144,118.297280185438,25.3999995936,0.0,197.999999513358,0.0
1213504734,25.0100003736,1661.5699462464,0.0,3750.0300294144,118.317670976839,25.3999995936,0.0,203.999996573563,0.0
1213504739,25.430000448,1661.1500245056,0.0,3750.0300294144,118.297280185438,25.3999995936,0.0,191.999995558396,0.0
1213504744,28.7600001888,1657.8199464312,0.0,3750.0300294144,117.828211697366,25.3999995936,0.0,170.000004039393,0.0
1213504749,30.42000012,1656.1600342824,0.0,3750.0300294144,117.848602488767,25.3999995936,0.0,197.000004599829,0.0
1213504753,33.0099981912,1653.5699462952,0.0,3750.0300294144,117.20618415106,25.3999995936,0.0,203.999996573563,0.0
1213504758,33.8699990112,1652.70996102,0.0,3750.0300294144,118.256490437974,25.3999995936,0.0,208.999991825481,0.0
1213504762,36.0400009704,1650.5400389184,0.0,3750.0300294144,117.583474119763,25.3999995936,0.0,197.999999513358,0.0
1213504767,37.7700003552,1648.810058736,0.0,3750.0300294144,117.828211697366,25.3999995936,0.0,202.999994765276,0.0
1213504772,39.9900017064,1646.5899659448,0.0,3750.0300294144,118.144321127204,25.3999995936,0.0,207.999990017195,0.0
1213504777,43.1500013808,1643.430053748,0.0,3750.0300294144,117.960771799537,25.3999995936,0.0,217.000006291774,0.0
1213504784,45.4000014528,1641.180053676,0.0,3750.0300294144,117.379534000695,25.3999995936,0.0,203.999996573563,0.0
1213504789,46.0800017184,1640.5000000704,0.0,3750.0300294144,117.99136206897,25.3999995936,0.0,190.99999375011,0.0
1213504793,46.0800017184,1640.5000000704,0.0,3750.0300294144,117.828211697366,25.3999995936,0.0,190.99999375011,0.0
1213504798,46.0800017184,1640.5000000704,0.0,3750.0300294144,118.613389615276,25.3999995936,0.0,207.999990017195,0.0
1213504807,46.0800017184,1640.5000000704,0.0,3750.0300294144,118.970288792578,25.3999995936,0.0,190.99999375011,0.0
1213504812,46.0800017184,1640.5000000704,0.0,3750.0300294144,118.817329734344,25.3999995936,0.0,197.000004599829,0.0
1213504817,46.0800017184,1640.5000000704,0.0,3750.0300294144,118.837728236815,25.3999995936,0.0,214.000007761671,0.0
1213504821,46.0800017184,1640.5000000704,0.0,3750.0300294144,118.949898001177,25.3999995936,0.0,191.999995558396,0.0
1213504826,46.0800017184,1640.5000000704,0.0,3750.0300294144,118.858119481809,25.3999995936,0.0,187.000000306478,0.0
1213504835,45.9799995816,1640.5000000704,0.0,3750.0300294144,71.2781649986983,25.3999995936,0.0,173.000002569495,0.0
1213504838,45.6500014608,1640.5000000704,0.0,3750.0300294144,71.5432933677023,25.3999995936,0.0,185.999998498191,0.0
1213504843,45.5800017024,1640.5000000704,0.0,3750.0300294144,70.6051482268956,25.3999995936,0.0,192.999997366683,0.0
1213504847,45.5800017024,1640.5000000704,0.0,3750.0300294144,70.6255471829592,25.3999995936,0.0,190.99999375011,0.0
1213504852,45.5800017024,1640.5000000704,0.0,3750.0300294144,70.7581072851299,25.3999995936,0.0,180.999996351516,0.0
1213504856,45.4700012112,1640.5000000704,0.0,3750.0300294144,71.8288125281073,25.3999995936,0.0,164.99999499796,0.0
1213504861,45.110000712,1640.5000000704,0.0,3750.0300294144,71.0232356541338,25.3999995936,0.0,167.999993528063,0.0
1213504866,45.110000712,1640.5000000704,0.0,3750.0300294144,71.0232356541338,25.3999995936,0.0,167.999993528063,0.0
1213504871,43.81000128,1640.5000000704,0.0,3750.0300294144,71.7166432173376,25.3999995936,0.0,199.000001321645,0.0
1213504875,43.6500013968,1640.5000000704,0.0,3750.0300294144,71.6350641760007,25.3999995936,0.0,200.999998043461,0.0
1213504880,42.310001232,1640.5000000704,0.0,3750.0300294144,70.5337686635905,25.3999995936,0.0,206.999995103665,0.0
1213504884,41.8199995704,1640.5000000704,0.0,3750.0300294144,70.6459379743602,25.3999995936,0.0,208.999991825481,0.0
1213504889,41.2900008336,1640.5000000704,0.0,3750.0300294144,71.6248646979689,25.3999995936,0.0,218.00000810006,0.0
1213504892,40.9500007008,1640.5000000704,0.0,3750.0300294144,72.542610882712,25.3999995936,0.0,211.999990355583,0.0
1213504897,40.3199998272,1640.5000000704,0.0,3750.0300294144,71.390334309468,25.3999995936,0.0,215.000009569958,0.0
1213504901,39.1800002784,1640.5000000704,0.0,3750.0300294144,75.6527481606512,25.3999995936,0.0,205.999993295379,0.0
1213504906,36.5900000736,1640.5000000704,0.0,3750.0300294144,71.2271757732019,25.3999995936,0.0,188.000002114765,0.0
1213504910,33.9399987696,1640.5000000704,0.0,3750.0300294144,75.4284095391119,25.3999995936,0.0,179.999994543229,0.0
1213504915,24.4999998696,1640.5000000704,0.0,3750.0300294144,74.4392833374714,25.3999995936,0.0,196.000002791542,0.0
1213504920,14.7200002272,1640.5000000704,0.0,3750.0300294144,73.1034578901527,25.3999995936,0.0,174.999999291311,0.0
1213504925,8.1800002008,1640.5000000704,0.0,3750.0300294144,71.4311240569326,25.3999995936,0.0,204.999998381849,0.0
1213504929,6.3600000816,1640.5000000704,0.0,3750.0300294144,67.0463409633556,25.3999995936,0.0,188.999997028294,0.0
1213504934,5.2300001064,1640.5000000704,0.0,3750.0300294144,69.2897135709779,25.3999995936,0.0,196.000002791542,0.0
1213504938,5.2300001064,1640.5000000704,0.0,3750.0300294144,70.3094295884588,25.3999995936,0.0,185.999998498191,0.0
1213504943,5.2300001064,1640.5000000704,0.0,3750.0300294144,70.5847574354946,25.3999995936,0.0,207.999990017195,0.0
1213504946,5.2300001064,1640.5000000704,0.0,3750.0300294144,70.5541671660618,25.3999995936,0.0,225.000000073794,0.0
1213504951,5.2300001064,1640.5000000704,0.0,3750.0300294144,70.6051482268956,25.3999995936,0.0,207.999990017195,0.0
1213504955,5.2300001064,1640.5000000704,0.0,3750.0300294144,70.6969267462643,25.3999995936,0.0,196.000002791542,0.0
1213504960,5.2300001064,1640.5000000704,0.0,3750.0300294144,70.5745579574628,25.3999995936,0.0,199.000001321645,0.0
1213504964,5.2300001064,1640.5000000704,0.0,3750.0300294144,70.5337686635905,25.3999995936,0.0,191.999995558396,0.0
1213504969,5.2300001064,1640.5000000704,0.0,3750.0300294144,70.6867277218248,25.3999995936,0.0,174.999999291311,0.0
1213504974,5.2300001064,1640.5000000704,0.0,3750.0300294144,70.5541671660618,25.3999995936,0.0,192.999997366683,0.0
1213504979,5.2300001064,1640.5000000704,0.0,3750.0300294144,70.4725881247249,25.3999995936,0.0,190.99999375011,0.0
1213504983,5.2300001064,1640.5000000704,0.0,3750.0300294144,70.7581072851299,25.3999995936,0.0,197.999999513358,0.0
1213504988,5.2300001064,1640.5000000704,0.0,3750.0300294144,70.6867277218248,25.3999995936,0.0,196.000002791542,0.0
1213504992,5.2300001064,1640.5000000704,0.0,3750.0300294144,70.7173179912576,25.3999995936,0.0,188.999997028294,0.0
1213504997,5.2300001064,1640.5000000704,0.0,3750.0300294144,70.5847574354946,25.3999995936,0.0,182.00000505456,0.0
1213505000,5.2300001064,1640.5000000704,0.0,3750.0300294144,70.5541671660618,25.3999995936,0.0,176.999996013127,0.0
1213505005,5.2300001064,1640.5000000704,0.0,3750.0300294144,70.5133778721896,25.3999995936,0.0,185.999998498191,0.0
1213505014,5.2300001064,1640.5000000704,0.0,3750.0300294144,70.5541671660618,25.3999995936,0.0,179.999994543229,0.0
1213505018,5.2300001064,1640.5000000704,0.0,3750.0300294144,70.5541671660618,25.3999995936,0.0,174.000004377782,0.0
1213505023,5.2300001064,1640.5000000704,0.0,3750.0300294144,70.6255471829592,25.3999995936,0.0,194.000006069727,0.0
1213505028,5.2300001064,1640.5000000704,0.0,3750.0300294144,70.5133778721896,25.3999995936,0.0,184.000001776376,0.0
1213505033,5.2300001064,1640.5000000704,0.0,3750.0300294144,70.6663364768315,25.3999995936,0.0,209.999993633768,0.0
1213505042,5.2300001064,1640.5000000704,0.0,3750.0300294144,70.6459379743602,25.3999995936,0.0,226.99999679561,0.0
1213505046,5.2300001064,1640.5000000704,0.0,3750.0300294144,70.6255471829592,25.3999995936,0.0,209.999993633768,0.0
1213505051,5.2300001064,1640.5000000704,0.0,3750.0300294144,70.6459379743602,25.3999995936,0.0,218.00000810006,0.0
1213505054,5.2300001064,1640.5000000704,0.0,3750.0300294144,70.6459379743602,25.3999995936,0.0,241.000008322107,0.0
1213505059,5.2300001064,1640.5000000704,0.0,3750.0300294144,70.6459379743602,25.3999995936,0.0,220.000004821876,0.0
1213505063,5.2300001064,1640.5000000704,0.0,3750.0300294144,70.6663364768315,25.3999995936,0.0,217.000006291774,0.0
1213505068,5.2300001064,1640.5000000704,0.0,3750.0300294144,70.6459379743602,25.3999995936,0.0,196.000002791542,0.0
1213505073,5.2300001064,1640.5000000704,0.0,3750.0300294144,70.5541671660618,25.3999995936,0.0,197.999999513358,0.0
1213505077,5.2300001064,1640.5000000704,0.0,3750.0300294144,70.6051482268956,25.3999995936,0.0,209.999993633768,0.0
1213505082,5.2300001064,1640.5000000704,0.0,3750.0300294144,70.5337686635905,25.3999995936,0.0,200.999998043461,0.0
1213505087,5.2300001064,1640.5000000704,0.0,3750.0300294144,70.5847574354946,25.3999995936,0.0,201.999999851747,0.0
1213505091,5.2300001064,1640.5000000704,0.0,3750.0300294144,70.5337686635905,25.3999995936,0.0,185.000003584662,0.0
1213505096,5.2300001064,1640.5000000704,0.0,3750.0300294144,70.5847574354946,25.3999995936,0.0,213.000012848142,0.0
1213505100,5.2300001064,1640.5000000704,0.0,3750.0300294144,70.6255471829592,25.3999995936,0.0,205.999993295379,0.0
1213505105,5.2300001064,1640.5000000704,0.0,3750.0300294144,70.5745579574628,25.3999995936,0.0,220.000004821876,0.0
1213505108,5.2300001064,1640.5000000704,0.0,3750.0300294144,70.5847574354946,25.3999995936,0.0,178.9999996297,0.0
1213505113,5.2300001064,1640.5000000704,0.0,3750.0300294144,70.6051482268956,25.3999995936,0.0,179.999994543229,0.0
1213505117,5.2300001064,1640.5000000704,0.0,3750.0300294144,70.6051482268956,25.3999995936,0.0,174.999999291311,0.0
1213505122,5.2300001064,1640.5000000704,0.0,3750.0300294144,70.6051482268956,25.3999995936,0.0,190.99999375011,0.0
1213505127,5.2300001064,1640.5000000704,0.0,3750.0300294144,70.4521896222537,25.3999995936,0.0,170.000004039393,0.0
1213505131,5.2300001064,1640.5000000704,0.0,3750.0300294144,70.6867277218248,25.3999995936,0.0,191.999995558396,0.0
1213505136,5.2300001064,1640.5000000704,0.0,3750.0300294144,70.5133778721896,25.3999995936,0.0,189.99999883658,0.0
1213505141,5.2300001064,1640.5000000704,0.0,3750.0300294144,70.6663364768315,25.3999995936,0.0,191.999995558396,0.0
1213505145,5.2300001064,1640.5000000704,0.0,3750.0300294144,70.6867277218248,25.3999995936,0.0,177.999997821414,0.0
1213505150,5.2300001064,1640.5000000704,0.0,3750.0300294144,70.5745579574628,25.3999995936,0.0,214.000007761671,0.0
1213505154,5.2300001064,1640.5000000704,0.0,3750.0300294144,70.7988970325945,25.3999995936,0.0,210.999988547297,0.0
1213505159,5.2300001064,1640.5000000704,0.0,3750.0300294144,70.6255471829592,25.3999995936,0.0,190.99999375011,0.0
1213505162,5.2300001064,1640.5000000704,0.0,3750.0300294144,70.0239104280539,25.3999995936,0.0,194.000006069727,0.0
1213505167,5.2300001064,1640.5000000704,0.0,3750.0300294144,70.1564786948872,25.3999995936,0.0,215.000009569958,0.0
1213505171,5.2300001064,1640.5000000704,0.0,3750.0300294144,70.2890387970578,25.3999995936,0.0,219.000003013589,0.0
1213505176,5.23999968,1640.5000000704,0.0,3750.0300294144,69.8199703089858,25.3999995936,0.0,219.000003013589,0.0
1213505181,5.4399999912,1640.5000000704,0.0,3750.0300294144,69.5956316874465,25.3999995936,0.0,213.000012848142,0.0
1213505185,5.530000116,1640.4699705648,0.0,3750.0300294144,102.032801791431,25.3999995936,0.0,195.000007878013,0.0
1213505190,5.7100000608,1640.2900392,0.0,3750.0300294144,115.931538789014,25.3999995936,0.0,187.000000306478,0.0
1213505194,7.0500002256,1638.9499512528,0.0,3750.0300294144,117.175593881627,25.3999995936,0.0,170.000004039393,0.0
1213505197,8.5799999088,1637.420043924,0.0,3750.0300294144,116.910465512623,25.3999995936,0.0,195.000007878013,0.0
1213505202,9.7600001904,1636.2399903024,0.0,3750.0300294144,119.194627414118,25.3999995936,0.0,189.99999883658,0.0
1213505208,10.9099999224,1635.0899658816,0.0,3750.0300294144,117.359135044631,25.3999995936,0.0,206.999995103665,0.0
1213505211,12.6199998552,1633.3800049632,0.0,3750.0300294144,117.940381008136,25.3999995936,0.0,213.000012848142,0.0
1213505216,13.8000001368,1632.1999510368,0.0,3750.0300294144,117.654853683068,25.3999995936,0.0,215.000009569958,0.0
1213505221,15.310000368,1630.6899413568,0.0,3750.0300294144,116.553566335321,25.3999995936,0.0,230.999997133999,0.0
1213505225,16.9099998096,1629.0899656896,0.0,3750.0300294144,117.899591260671,25.3999995936,0.0,223.999998265508,0.0
1213505230,18.5300008368,1627.4699707584,0.0,3750.0300294144,117.155194925563,25.3999995936,0.0,214.000007761671,0.0
1213505235,19.5000000144,1626.4999999272,0.0,3750.0300294144,118.87851798428,25.3999995936,0.0,208.999991825481,0.0
1213505239,21.180000312,1624.8199462896,0.0,3750.0300294144,117.022634823393,25.3999995936,0.0,219.000003013589,0.0
1213505244,22.8700007928,1623.13000494,0.0,3750.0300294144,117.471304808994,25.3999995936,0.0,222.000001543692,0.0
1213505249,24.6299992032,1621.369995252,0.0,3750.0300294144,117.134804134162,25.3999995936,0.0,208.999991825481,0.0
1213505253,25.7399997264,1620.260009664,0.0,3750.0300294144,117.471304808994,25.3999995936,0.0,215.000009569958,0.0
1213505256,28.1399994984,1617.8599852032,0.0,3750.0300294144,115.951929580415,25.3999995936,0.0,211.999990355583,0.0
1213505262,29.7299996712,1616.2700194728,0.0,3750.0300294144,117.267364689925,25.3999995936,0.0,221.000006630162,0.0
1213505267,31.5699995472,1614.4300537344,0.0,3750.0300294144,116.349618505182,25.3999995936,0.0,213.000012848142,0.0
1213505272,33.4500007656,1612.5500488584,0.0,3750.0300294144,116.584156604754,25.3999995936,0.0,211.999990355583,0.0
1213505275,35.3300016792,1610.6700439824,0.0,3750.0300294144,116.737115662988,25.3999995936,0.0,217.000006291774,0.0
1213505279,36.4500008616,1609.5500487624,0.0,3750.0300294144,116.930856304024,25.3999995936,0.0,223.999998265508,0.0
1213505284,37.9500009096,1608.0500487144,0.0,3750.0300294144,117.226574942461,25.3999995936,0.0,179.999994543229,0.0
1213505289,39.5000000448,1606.4999998968,0.0,3750.0300294144,116.064098891185,25.3999995936,0.0,206.999995103665,0.0
1213505293,41.4000016296,1604.599975452,0.0,3750.0300294144,116.645337143619,25.3999995936,0.0,200.999998043461,0.0
1213505298,42.4900017864,1603.5100097376,0.0,3750.0300294144,115.911140286543,25.3999995936,0.0,216.000011378244,0.0
1213505302,44.0800019592,1601.9200440072,0.0,3750.0300294144,116.441397024551,25.3999995936,0.0,222.000001543692,0.0
1213505307,45.7900009776,1600.209960864,0.0,3750.0300294144,116.584156604754,25.3999995936,0.0,188.999997028294,0.0
1213505312,46.060001352,1599.9399412872,0.0,3750.0300294144,117.267364689925,25.3999995936,0.0,203.999996573563,0.0
1213505316,46.060001352,1599.9399412872,0.0,3750.0300294144,117.287755481326,25.3999995936,0.0,195.000007878013,0.0
1213505321,46.0200003144,1599.9399412872,0.0,3750.0300294144,76.6316748842599,25.3999995936,0.0,233.999988769344,0.0
1213505324,45.9500008608,1599.9399412872,0.0,3750.0300294144,71.8492033195082,25.3999995936,0.0,226.000001882081,0.0
1213505329,45.6199990824,1599.9399412872,0.0,3750.0300294144,70.5847574354946,25.3999995936,0.0,250.999998825943,0.0
1213505333,45.610000728,1599.9399412872,0.0,3750.0300294144,70.8090965106263,25.3999995936,0.0,252.999995547759,0.0
1213505338,45.610000728,1599.9399412872,0.0,3750.0300294144,70.941656612797,25.3999995936,0.0,292.000010912876,0.0
1213505343,45.610000728,1599.9399412872,0.0,3750.0300294144,70.8906678408929,25.3999995936,0.0,285.999986273643,0.0
1213505347,45.610000728,1599.9399412872,0.0,3750.0300294144,70.9110663433642,25.3999995936,0.0,279.999996108195,0.0
1213505352,45.610000728,1599.9399412872,0.0,3750.0300294144,70.8294873020273,25.3999995936,0.0,272.000002326175,0.0
1213505357,45.610000728,1599.9399412872,0.0,3750.0300294144,70.8702765958995,25.3999995936,0.0,279.999996108195,0.0
1213505361,45.610000728,1599.9399412872,0.0,3750.0300294144,70.8498858044986,25.3999995936,0.0,269.000003796072,0.0
1213505366,45.610000728,1599.9399412872,0.0,3750.0300294144,70.921265821396,25.3999995936,0.0,269.000003796072,0.0
1213505370,45.610000728,1599.9399412872,0.0,3750.0300294144,71.0742167149676,25.3999995936,0.0,250.999998825943,0.0
1213505375,45.549999324,1599.9399412872,0.0,3750.0300294144,73.7560757058918,25.3999995936,0.0,249.999997017657,0.0
1213505378,45.1599997992,1599.9399412872,0.0,3750.0300294144,74.0925836382008,25.3999995936,0.0,221.000006630162,0.0
1213505383,42.810001248,1599.9399412872,0.0,3750.0300294144,69.7995718065146,25.3999995936,0.0,225.000000073794,0.0
1213505387,41.6100006,1599.9399412872,0.0,3750.0300294144,70.8702765958995,25.3999995936,0.0,230.999997133999,0.0
1213505392,41.3199995544,1599.9399412872,0.0,3750.0300294144,71.6554549674017,25.3999995936,0.0,226.000001882081,0.0
1213505397,40.7700004512,1599.9399412872,0.0,3750.0300294144,71.1659952343363,25.3999995936,0.0,232.999993855815,0.0
1213505401,36.7900009944,1599.9399412872,0.0,3750.0300294144,75.1123001092741,25.3999995936,0.0,220.000004821876,0.0
1213505406,31.9500007176,1599.9399412872,0.0,3750.0300294144,73.348187303093,25.3999995936,0.0,257.999990799677,0.0
1213505411,23.3899993464,1599.9399412872,0.0,3750.0300294144,73.6642971865231,25.3999995936,0.0,227.999998603896,0.0
1213505415,15.2499998784,1599.9399412872,0.0,3750.0300294144,71.0742167149676,25.3999995936,0.0,256.999995886148,0.0
1213505420,9.6999997008,1599.9399412872,0.0,3750.0300294144,70.4419978552921,25.3999995936,0.0,247.000005382312,0.0
1213505424,5.9699996424,1599.9399412872,0.0,3750.0300294144,65.9960346764419,25.3999995936,0.0,266.00000526597,0.0
1213505429,5.2300001064,1599.9399412872,0.0,3750.0300294144,70.5745579574628,25.3999995936,0.0,252.00000063423,0.0
1213505432,5.2300001064,1599.9399412872,0.0,3750.0300294144,70.4929789161259,25.3999995936,0.0,242.000010130394,0.0
1213505437,5.2300001064,1599.9399412872,0.0,3750.0300294144,70.4929789161259,25.3999995936,0.0,202.999994765276,0.0
1213505441,5.2300001064,1599.9399412872,0.0,3750.0300294144,70.3808096053562,25.3999995936,0.0,206.999995103665,0.0
1213505446,5.2300001064,1599.9399412872,0.0,3750.0300294144,70.4012081078275,25.3999995936,0.0,200.999998043461,0.0
1213505455,5.2300001064,1599.9399412872,0.0,3750.0300294144,70.4419978552921,25.3999995936,0.0,211.999990355583,0.0
1213505460,5.2300001064,1599.9399412872,0.0,3750.0300294144,70.4929789161259,25.3999995936,0.0,183.000006862846,0.0
1213505465,5.2300001064,1599.9399412872,0.0,3750.0300294144,70.5133778721896,25.3999995936,0.0,197.999999513358,0.0
1213505469,5.2300001064,1599.9399412872,0.0,3750.0300294144,70.5133778721896,25.3999995936,0.0,210.999988547297,0.0
1213505474,5.2300001064,1599.9399412872,0.0,3750.0300294144,70.4419978552921,25.3999995936,0.0,206.999995103665,0.0
1213505483,5.2300001064,1599.9399412872,0.0,3750.0300294144,70.3808096053562,25.3999995936,0.0,200.999998043461,0.0
1213505486,5.2300001064,1599.9399412872,0.0,3750.0300294144,70.4012081078275,25.3999995936,0.0,207.999990017195,0.0
1213505491,5.2300001064,1599.9399412872,0.0,3750.0300294144,70.4012081078275,25.3999995936,0.0,203.999996573563,0.0
1213505495,5.2300001064,1599.9399412872,0.0,3750.0300294144,70.4725881247249,25.3999995936,0.0,196.000002791542,0.0
1213505500,5.2300001064,1599.9399412872,0.0,3750.0300294144,70.5337686635905,25.3999995936,0.0,210.999988547297,0.0
1213505509,5.2300001064,1599.9399412872,0.0,3750.0300294144,70.4929789161259,25.3999995936,0.0,184.000001776376,0.0
1213505514,5.2300001064,1599.9399412872,0.0,3750.0300294144,70.5337686635905,25.3999995936,0.0,201.999999851747,0.0
1213505519,5.2300001064,1599.9399412872,0.0,3750.0300294144,70.4929789161259,25.3999995936,0.0,197.999999513358,0.0
1213505523,5.2300001064,1599.9399412872,0.0,3750.0300294144,70.5541671660618,25.3999995936,0.0,194.000006069727,0.0
1213505528,5.2300001064,1599.9399412872,0.0,3750.0300294144,70.4725881247249,25.3999995936,0.0,216.000011378244,0.0
1213505532,5.2300001064,1599.9399412872,0.0,3750.0300294144,70.2890387970578,25.3999995936,0.0,169.000009125864,0.0
1213505537,5.2300001064,1599.9399412872,0.0,3750.0300294144,70.4725881247249,25.3999995936,0.0,162.999998276144,0.0
1213505540,5.2300001064,1599.9399412872,0.0,3750.0300294144,70.5847574354946,25.3999995936,0.0,204.999998381849,0.0
1213505545,5.2300001064,1599.9399412872,0.0,3750.0300294144,70.5133778721896,25.3999995936,0.0,207.999990017195,0.0
1213505549,5.2300001064,1599.9399412872,0.0,3750.0300294144,70.4725881247249,25.3999995936,0.0,183.000006862846,0.0
1213505554,5.2300001064,1599.9399412872,0.0,3750.0300294144,70.5337686635905,25.3999995936,0.0,217.000006291774,0.0
1213505558,5.2300001064,1599.9399412872,0.0,3750.0300294144,70.3808096053562,25.3999995936,0.0,228.999993517426,0.0
1213505563,5.2300001064,1599.9399412872,0.0,3750.0300294144,70.3604188139553,25.3999995936,0.0,244.000006852209,0.0
1213505568,5.2300001064,1599.9399412872,0.0,3750.0300294144,70.4419978552921,25.3999995936,0.0,216.000011378244,0.0
1213505573,5.2300001064,1599.9399412872,0.0,3750.0300294144,70.4521896222537,25.3999995936,0.0,226.99999679561,0.0
1213505577,5.2300001064,1599.9399412872,0.0,3750.0300294144,70.5337686635905,25.3999995936,0.0,217.000006291774,0.0
1213505582,5.2300001064,1599.9399412872,0.0,3750.0300294144,70.4521896222537,25.3999995936,0.0,204.999998381849,0.0
1213505586,5.2300001064,1599.9399412872,0.0,3750.0300294144,70.5337686635905,25.3999995936,0.0,199.000001321645,0.0
1213505591,5.2300001064,1599.9399412872,0.0,3750.0300294144,70.5337686635905,25.3999995936,0.0,214.000007761671,0.0
1213505594,5.2300001064,1599.9399412872,0.0,3750.0300294144,70.4215993528209,25.3999995936,0.0,225.000000073794,0.0
1213505599,5.2300001064,1599.9399412872,0.0,3750.0300294144,70.4215993528209,25.3999995936,0.0,203.999996573563,0.0
1213505603,5.2300001064,1599.9399412872,0.0,3750.0300294144,70.4929789161259,25.3999995936,0.0,220.000004821876,0.0
1213505608,5.2300001064,1599.9399412872,0.0,3750.0300294144,70.4012081078275,25.3999995936,0.0,220.000004821876,0.0
1213505612,5.2300001064,1599.9399412872,0.0,3750.0300294144,70.3808096053562,25.3999995936,0.0,222.000001543692,0.0
1213505617,5.2300001064,1599.9399412872,0.0,3750.0300294144,70.4929789161259,25.3999995936,0.0,236.999987299446,0.0
1213505622,5.2300001064,1599.9399412872,0.0,3750.0300294144,70.6051482268956,25.3999995936,0.0,215.000009569958,0.0
1213505627,5.2300001064,1599.9399412872,0.0,3750.0300294144,70.5133778721896,25.3999995936,0.0,203.999996573563,0.0
1213505631,5.2300001064,1599.9399412872,0.0,3750.0300294144,70.4929789161259,25.3999995936,0.0,192.999997366683,0.0
1213505636,5.2300001064,1599.9399412872,0.0,3750.0300294144,70.4521896222537,25.3999995936,0.0,195.000007878013,0.0
1213505640,5.2300001064,1599.9399412872,0.0,3750.0300294144,70.5847574354946,25.3999995936,0.0,202.999994765276,0.0
1213505645,5.2300001064,1599.9399412872,0.0,3750.0300294144,70.4521896222537,25.3999995936,0.0,214.000007761671,0.0
1213505648,5.2300001064,1599.9399412872,0.0,3750.0300294144,70.4725881247249,25.3999995936,0.0,228.999993517426,0.0
1213505653,5.2300001064,1599.9399412872,0.0,3750.0300294144,70.5133778721896,25.3999995936,0.0,215.000009569958,0.0
1213505657,5.2300001064,1599.9399412872,0.0,3750.0300294144,70.5541671660618,25.3999995936,0.0,217.000006291774,0.0
1213505662,5.2300001064,1599.9399412872,0.0,3750.0300294144,70.5337686635905,25.3999995936,0.0,220.000004821876,0.0
1213505666,5.2300001064,1599.9399412872,0.0,3750.0300294144,70.4725881247249,25.3999995936,0.0,223.999998265508,0.0
1213505671,5.2300001064,1599.9399412872,0.0,3750.0300294144,70.4929789161259,25.3999995936,0.0,207.999990017195,0.0
1213505676,5.2300001064,1599.9399412872,0.0,3750.0300294144,70.5337686635905,25.3999995936,0.0,225.000000073794,0.0
1213505681,5.2300001064,1599.9399412872,0.0,3750.0300294144,70.4929789161259,25.3999995936,0.0,229.999995325712,0.0
1213505690,5.2300001064,1599.9399412872,0.0,3750.0300294144,70.4725881247249,25.3999995936,0.0,248.000000295841,0.0
1213505694,5.2300001064,1599.9399412872,0.0,3750.0300294144,70.4521896222537,25.3999995936,0.0,245.000001765739,0.0
1213505699,5.2300001064,1599.9399412872,0.0,3750.0300294144,70.4215993528209,25.3999995936,0.0,204.999998381849,0.0
1213505702,5.2300001064,1599.9399412872,0.0,3750.0300294144,70.5133778721896,25.3999995936,0.0,202.999994765276,0.0
1213505707,5.2300001064,1599.9399412872,0.0,3750.0300294144,70.3808096053562,25.3999995936,0.0,234.99999057763,0.0
1213505716,5.2300001064,1599.9399412872,0.0,3750.0300294144,70.2686480056569,25.3999995936,0.0,201.999999851747,0.0
1213505720,5.2300001064,1599.9399412872,0.0,3750.0300294144,70.4521896222537,25.3999995936,0.0,208.999991825481,0.0
1213505725,5.2300001064,1599.9399412872,0.0,3750.0300294144,70.4725881247249,25.3999995936,0.0,227.999998603896,0.0
1213505730,5.2300001064,1599.9399412872,0.0,3750.0300294144,70.4419978552921,25.3999995936,0.0,213.000012848142,0.0
1213505735,5.2300001064,1599.9399412872,0.0,3750.0300294144,70.3094295884588,25.3999995936,0.0,192.999997366683,0.0
1213505739,5.2300001064,1599.9399412872,0.0,3750.0300294144,70.3094295884588,25.3999995936,0.0,231.999992047528,0.0
1213505744,5.2300001064,1599.9399412872,0.0,3750.0300294144,70.3094295884588,25.3999995936,0.0,190.99999375011,0.0
1213505748,5.2300001064,1599.9399412872,0.0,3750.0300294144,70.3298285445225,25.3999995936,0.0,220.000004821876,0.0
1213505753,5.2300001064,1599.9399412872,0.0,3750.0300294144,70.3604188139553,25.3999995936,0.0,207.999990017195,0.0
1213505756,5.2300001064,1599.9399412872,0.0,3750.0300294144,70.3808096053562,25.3999995936,0.0,197.999999513358,0.0
1213505761,5.2300001064,1599.9399412872,0.0,3750.0300294144,70.3094295884588,25.3999995936,0.0,239.000011600291,0.0
1213505765,5.2300001064,1599.9399412872,0.0,3750.0300294144,70.3400275689619,25.3999995936,0.0,190.99999375011,0.0
1213505770,5.2300001064,1599.9399412872,0.0,3750.0300294144,70.4419978552921,25.3999995936,0.0,204.999998381849,0.0
1213505775,5.2300001064,1599.9399412872,0.0,3750.0300294144,70.4725881247249,25.3999995936,0.0,225.000000073794,0.0
1213505779,5.2300001064,1599.9399412872,0.0,3750.0300294144,70.3604188139553,25.3999995936,0.0,235.999992385917,0.0
1213505784,5.2300001064,1599.9399412872,0.0,3750.0300294144,70.4215993528209,25.3999995936,0.0,220.000004821876,0.0
1213505789,5.2300001064,1599.9399412872,0.0,3750.0300294144,70.5337686635905,25.3999995936,0.0,252.999995547759,0.0
1213505793,5.2300001064,1599.9399412872,0.0,3750.0300294144,70.2482495031856,25.3999995936,0.0,233.999988769344,0.0
1213505798,5.2300001064,1599.9399412872,0.0,3750.0300294144,70.3400275689619,25.3999995936,0.0,210.999988547297,0.0
1213505802,5.2300001064,1599.9399412872,0.0,3750.0300294144,70.3298285445225,25.3999995936,0.0,223.999998265508,0.0
1213505807,5.2300001064,1599.9399412872,0.0,3750.0300294144,70.4215993528209,25.3999995936,0.0,213.000012848142,0.0
1213505810,5.2300001064,1599.9399412872,0.0,3750.0300294144,70.3808096053562,25.3999995936,0.0,217.000006291774,0.0
1213505815,5.2300001064,1599.9399412872,0.0,3750.0300294144,70.3094295884588,25.3999995936,0.0,231.999992047528,0.0
1213505819,5.2300001064,1599.9399412872,0.0,3750.0300294144,70.2890387970578,25.3999995936,0.0,252.999995547759,0.0
1213505824,5.2300001064,1599.9399412872,0.0,3750.0300294144,70.2482495031856,25.3999995936,0.0,228.999993517426,0.0
1213505829,5.2300001064,1599.9399412872,0.0,3750.0300294144,70.3604188139553,25.3999995936,0.0,211.999990355583,0.0
1213505833,5.2300001064,1599.9399412872,0.0,3750.0300294144,70.4929789161259,25.3999995936,0.0,211.999990355583,0.0
1213505838,5.2300001064,1599.9399412872,0.0,3750.0300294144,70.4521896222537,25.3999995936,0.0,229.999995325712,0.0
1213505843,5.2300001064,1599.9399412872,0.0,3750.0300294144,70.4521896222537,25.3999995936,0.0,236.999987299446,0.0
1213505847,5.2300001064,1599.9399412872,0.0,3750.0300294144,70.4012081078275,25.3999995936,0.0,246.000003574025,0.0
1213505852,5.2300001064,1599.9399412872,0.0,3750.0300294144,70.4215993528209,25.3999995936,0.0,232.999993855815,0.0
1213505856,5.2300001064,1599.9399412872,0.0,3750.0300294144,70.3400275689619,25.3999995936,0.0,231.999992047528,0.0
1213505861,5.2300001064,1599.9399412872,0.0,3750.0300294144,70.4521896222537,25.3999995936,0.0,242.000010130394,0.0
1213505864,5.2300001064,1599.9399412872,0.0,3750.0300294144,70.3298285445225,25.3999995936,0.0,227.999998603896,0.0
1213505869,5.2300001064,1599.9399412872,0.0,3750.0300294144,70.4521896222537,25.3999995936,0.0,239.000011600291,0.0
1213505873,5.2300001064,1599.9399412872,0.0,3750.0300294144,70.5337686635905,25.3999995936,0.0,234.99999057763,0.0
1213505878,5.2300001064,1599.9399412872,0.0,3750.0300294144,70.4521896222537,25.3999995936,0.0,236.999987299446,0.0
1213505883,5.2300001064,1599.9399412872,0.0,3750.0300294144,70.5541671660618,25.3999995936,0.0,215.000009569958,0.0
1213505887,5.2300001064,1599.9399412872,0.0,3750.0300294144,70.5337686635905,25.3999995936,0.0,230.999997133999,0.0
1213505897,5.2300001064,1599.9399412872,0.0,3750.0300294144,70.5133778721896,25.3999995936,0.0,210.999988547297,0.0
1213505901,5.2300001064,1599.9399412872,0.0,3750.0300294144,70.4215993528209,25.3999995936,0.0,213.000012848142,0.0
1213505906,5.2300001064,1599.9399412872,0.0,3750.0300294144,70.4215993528209,25.3999995936,0.0,205.999993295379,0.0
1213505910,5.2300001064,1599.9399412872,0.0,3750.0300294144,70.3604188139553,25.3999995936,0.0,222.000001543692,0.0
1213505915,5.2300001064,1599.9399412872,0.0,3750.0300294144,70.4419978552921,25.3999995936,0.0,219.000003013589,0.0
1213505923,5.2300001064,1599.9399412872,0.0,3750.0300294144,70.4215993528209,25.3999995936,0.0,200.000003129931,0.0
1213505927,5.2300001064,1599.9399412872,0.0,3750.0300294144,70.4521896222537,25.3999995936,0.0,190.99999375011,0.0
1213505932,5.2300001064,1599.9399412872,0.0,3750.0300294144,70.3094295884588,25.3999995936,0.0,240.00000651382,0.0
1213505937,5.2300001064,1599.9399412872,0.0,3750.0300294144,70.4012081078275,25.3999995936,0.0,221.000006630162,0.0
1213505941,5.2300001064,1599.9399412872,0.0,3750.0300294144,70.4215993528209,25.3999995936,0.0,232.999993855815,0.0
1213505951,5.2300001064,1599.9399412872,0.0,3750.0300294144,70.4521896222537,25.3999995936,0.0,214.000007761671,0.0
1213505955,5.2300001064,1599.9399412872,0.0,3750.0300294144,70.4419978552921,25.3999995936,0.0,222.000001543692,0.0
1213505960,5.2300001064,1599.9399412872,0.0,3750.0300294144,70.4215993528209,25.3999995936,0.0,220.000004821876,0.0
1213505964,5.2300001064,1599.9399412872,0.0,3750.0300294144,70.3808096053562,25.3999995936,0.0,222.000001543692,0.0
1213505969,5.2300001064,1599.9399412872,0.0,3750.0300294144,70.4012081078275,25.3999995936,0.0,209.999993633768,0.0
1213505972,5.2300001064,1599.9399412872,0.0,3750.0300294144,70.4419978552921,25.3999995936,0.0,229.999995325712,0.0
1213505977,5.2300001064,1599.9399412872,0.0,3750.0300294144,70.4929789161259,25.3999995936,0.0,228.999993517426,0.0
1213505981,5.2300001064,1599.9399412872,0.0,3750.0300294144,70.4929789161259,25.3999995936,0.0,240.00000651382,0.0
1213505986,5.2300001064,1599.9399412872,0.0,3750.0300294144,70.5541671660618,25.3999995936,0.0,214.000007761671,0.0
1213505991,5.2300001064,1599.9399412872,0.0,3750.0300294144,70.4419978552921,25.3999995936,0.0,222.000001543692,0.0
1213505995,5.2300001064,1599.9399412872,0.0,3750.0300294144,70.3604188139553,25.3999995936,0.0,230.999997133999,0.0
1213506000,5.2300001064,1599.9399412872,0.0,3750.0300294144,70.2686480056569,25.3999995936,0.0,221.000006630162,0.0
1213506005,5.2300001064,1599.9399412872,0.0,3750.0300294144,70.2890387970578,25.3999995936,0.0,216.000011378244,0.0
1213506009,5.2300001064,1599.9399412872,0.0,3750.0300294144,70.4419978552921,25.3999995936,0.0,219.000003013589,0.0
1213506014,5.2300001064,1599.9399412872,0.0,3750.0300294144,70.5541671660618,25.3999995936,0.0,223.999998265508,0.0
1213506018,5.2300001064,1599.9399412872,0.0,3750.0300294144,70.4521896222537,25.3999995936,0.0,226.99999679561,0.0
1213506023,5.2300001064,1599.9399412872,0.0,3750.0300294144,70.4012081078275,25.3999995936,0.0,205.999993295379,0.0
1213506026,5.2300001064,1599.9399412872,0.0,3750.0300294144,70.4521896222537,25.3999995936,0.0,243.000005043923,0.0
1213506031,5.2300001064,1599.9399412872,0.0,3750.0300294144,70.4725881247249,25.3999995936,0.0,243.000005043923,0.0
1213506035,5.2300001064,1599.9399412872,0.0,3750.0300294144,70.5745579574628,25.3999995936,0.0,248.000000295841,0.0
1213506040,5.2300001064,1599.9399412872,0.0,3750.0300294144,70.3400275689619,25.3999995936,0.0,216.000011378244,0.0
1213506045,5.2300001064,1599.9399412872,0.0,3750.0300294144,70.4419978552921,25.3999995936,0.0,197.000004599829,0.0
1213506049,5.2300001064,1599.9399412872,0.0,3750.0300294144,70.3298285445225,25.3999995936,0.0,204.999998381849,0.0
1213506054,5.2300001064,1599.9399412872,0.0,3750.0300294144,70.3400275689619,25.3999995936,0.0,231.999992047528,0.0
1213506059,5.2300001064,1599.9399412872,0.0,3750.0300294144,70.4215993528209,25.3999995936,0.0,215.000009569958,0.0
1213506063,5.2300001064,1599.9399412872,0.0,3750.0300294144,70.4419978552921,25.3999995936,0.0,206.999995103665,0.0
1213506068,5.2300001064,1599.9399412872,0.0,3750.0300294144,70.3094295884588,25.3999995936,0.0,187.000000306478,0.0
1213506072,5.2300001064,1599.9399412872,0.0,3750.0300294144,70.3808096053562,25.3999995936,0.0,197.000004599829,0.0
1213506077,5.2300001064,1599.9399412872,0.0,3750.0300294144,70.3094295884588,25.3999995936,0.0,164.99999499796,0.0
1213506080,5.2300001064,1599.9399412872,0.0,3750.0300294144,70.4521896222537,25.3999995936,0.0,202.999994765276,0.0
1213506085,5.2300001064,1599.9399412872,0.0,3750.0300294144,70.4215993528209,25.3999995936,0.0,220.000004821876,0.0
1213506089,5.2300001064,1599.9399412872,0.0,3750.0300294144,70.4215993528209,25.3999995936,0.0,210.999988547297,0.0
1213506094,5.2300001064,1599.9399412872,0.0,3750.0300294144,70.3808096053562,25.3999995936,0.0,213.000012848142,0.0
1213506099,5.2300001064,1599.9399412872,0.0,3750.0300294144,70.3400275689619,25.3999995936,0.0,223.999998265508,0.0
1213506103,5.2300001064,1599.9399412872,0.0,3750.0300294144,70.4725881247249,25.3999995936,0.0,213.000012848142,0.0
1213506108,5.2300001064,1599.9399412872,0.0,3750.0300294144,70.4521896222537,25.3999995936,0.0,234.99999057763,0.0
1213506113,5.2300001064,1599.9399412872,0.0,3750.0300294144,70.4012081078275,25.3999995936,0.0,203.999996573563,0.0
1213506117,5.2300001064,1599.9399412872,0.0,3750.0300294144,70.3808096053562,25.3999995936,0.0,195.000007878013,0.0
1213506122,5.2300001064,1599.9399412872,0.0,3750.0300294144,70.4419978552921,25.3999995936,0.0,220.000004821876,0.0
1213506131,5.2300001064,1599.9399412872,0.0,3750.0300294144,70.4419978552921,25.3999995936,0.0,216.000011378244,0.0
1213506134,5.2300001064,1599.9399412872,0.0,3750.0300294144,70.4929789161259,25.3999995936,0.0,174.000004377782,0.0
1213506139,5.2300001064,1599.9399412872,0.0,3750.0300294144,70.2890387970578,25.3999995936,0.0,196.000002791542,0.0
1213506143,5.2300001064,1599.9399412872,0.0,3750.0300294144,70.4521896222537,25.3999995936,0.0,204.999998381849,0.0
1213506148,5.2300001064,1599.9399412872,0.0,3750.0300294144,70.3298285445225,25.3999995936,0.0,194.000006069727,0.0
1213506157,5.2300001064,1599.9399412872,0.0,3750.0300294144,70.3400275689619,25.3999995936,0.0,192.999997366683,0.0
1213506162,5.2300001064,1599.9399412872,0.0,3750.0300294144,70.4012081078275,25.3999995936,0.0,194.000006069727,0.0
1213506167,5.2300001064,1599.9399412872,0.0,3750.0300294144,70.3808096053562,25.3999995936,0.0,197.000004599829,0.0
1213506171,5.2300001064,1599.9399412872,0.0,3750.0300294144,70.4012081078275,25.3999995936,0.0,215.000009569958,0.0
1213506176,5.2300001064,1599.9399412872,0.0,3750.0300294144,70.3808096053562,25.3999995936,0.0,203.999996573563,0.0
1213506185,5.2300001064,1599.9399412872,0.0,3750.0300294144,70.3604188139553,25.3999995936,0.0,206.999995103665,0.0
1213506188,5.2300001064,1599.9399412872,0.0,3750.0300294144,70.4012081078275,25.3999995936,0.0,211.999990355583,0.0
1213506193,5.2300001064,1599.9399412872,0.0,3750.0300294144,70.2686480056569,25.3999995936,0.0,230.999997133999,0.0
1213506197,5.2300001064,1599.9399412872,0.0,3750.0300294144,70.2686480056569,25.3999995936,0.0,223.999998265508,0.0
1213506202,5.2300001064,1599.9399412872,0.0,3750.0300294144,70.2890387970578,25.3999995936,0.0,210.999988547297,0.0
1213506206,5.2300001064,1599.9399412872,0.0,3750.0300294144,70.3298285445225,25.3999995936,0.0,222.000001543692,0.0
1213506211,5.2300001064,1599.9399412872,0.0,3750.0300294144,70.3604188139553,25.3999995936,0.0,217.000006291774,0.0
1213506216,5.2300001064,1599.9399412872,0.0,3750.0300294144,70.3808096053562,25.3999995936,0.0,216.000011378244,0.0
1213506221,5.2300001064,1599.9399412872,0.0,3750.0300294144,70.2482495031856,25.3999995936,0.0,215.000009569958,0.0
1213506225,5.2300001064,1599.9399412872,0.0,3750.0300294144,70.3094295884588,25.3999995936,0.0,214.000007761671,0.0
1213506230,5.2300001064,1599.9399412872,0.0,3750.0300294144,70.3604188139553,25.3999995936,0.0,183.000006862846,0.0
1213506234,5.2300001064,1599.9399412872,0.0,3750.0300294144,70.2176592337528,25.3999995936,0.0,183.000006862846,0.0
1213506239,5.2300001064,1599.9399412872,0.0,3750.0300294144,70.2686480056569,25.3999995936,0.0,174.000004377782,0.0
1213506242,5.2300001064,1599.9399412872,0.0,3750.0300294144,70.3604188139553,25.3999995936,0.0,177.999997821414,0.0
1213506247,5.2300001064,1599.9399412872,0.0,3750.0300294144,70.3400275689619,25.3999995936,0.0,184.000001776376,0.0
1213506251,5.2300001064,1599.9399412872,0.0,3750.0300294144,70.3094295884588,25.3999995936,0.0,176.999996013127,0.0
1213506256,5.2300001064,1599.9399412872,0.0,3750.0300294144,70.4012081078275,25.3999995936,0.0,195.000007878013,0.0
1213506260,5.2300001064,1599.9399412872,0.0,3750.0300294144,70.4012081078275,25.3999995936,0.0,190.99999375011,0.0
1213506265,5.2300001064,1599.9399412872,0.0,3750.0300294144,70.2890387970578,25.3999995936,0.0,174.000004377782,0.0
1213506270,5.2300001064,1599.9399412872,0.0,3750.0300294144,70.2890387970578,25.3999995936,0.0,199.000001321645,0.0
1213506275,5.2300001064,1599.9399412872,0.0,3750.0300294144,70.3808096053562,25.3999995936,0.0,203.999996573563,0.0
1213506279,5.2300001064,1599.9399412872,0.0,3750.0300294144,70.3400275689619,25.3999995936,0.0,177.999997821414,0.0
1213506284,5.2300001064,1599.9399412872,0.0,3750.0300294144,70.3298285445225,25.3999995936,0.0,189.99999883658,0.0
1213506288,5.2300001064,1599.9399412872,0.0,3750.0300294144,70.3298285445225,25.3999995936,0.0,197.000004599829,0.0
1213506293,5.2300001064,1599.9399412872,0.0,3750.0300294144,70.3298285445225,25.3999995936,0.0,207.999990017195,0.0
1213506296,5.2300001064,1599.9399412872,0.0,3750.0300294144,70.3094295884588,25.3999995936,0.0,195.000007878013,0.0
1213506301,5.2300001064,1599.9399412872,0.0,3750.0300294144,70.3808096053562,25.3999995936,0.0,223.999998265508,0.0
1213506305,5.2300001064,1599.9399412872,0.0,3750.0300294144,70.4521896222537,25.3999995936,0.0,174.999999291311,0.0
1213506310,5.2300001064,1599.9399412872,0.0,3750.0300294144,70.4215993528209,25.3999995936,0.0,211.999990355583,0.0
1213506314,5.2300001064,1599.9399412872,0.0,3750.0300294144,70.2686480056569,25.3999995936,0.0,183.000006862846,0.0
1213506319,5.2300001064,1599.9399412872,0.0,3750.0300294144,70.4012081078275,25.3999995936,0.0,167.999993528063,0.0
1213506324,5.2300001064,1599.9399412872,0.0,3750.0300294144,70.2890387970578,25.3999995936,0.0,188.000002114765,0.0
1213506329,5.2300001064,1599.9399412872,0.0,3750.0300294144,70.3400275689619,25.3999995936,0.0,155.999992512896,0.0
1213506333,5.2300001064,1599.9399412872,0.0,3750.0300294144,70.2278582581923,25.3999995936,0.0,192.999997366683,0.0
1213506338,5.2300001064,1599.9399412872,0.0,3750.0300294144,70.3808096053562,25.3999995936,0.0,188.000002114765,0.0
1213506342,5.2300001064,1599.9399412872,0.0,3750.0300294144,70.3604188139553,25.3999995936,0.0,199.000001321645,0.0
1213506347,5.2300001064,1599.9399412872,0.0,3750.0300294144,70.3094295884588,25.3999995936,0.0,196.000002791542,0.0
1213506350,5.2300001064,1599.9399412872,0.0,3750.0300294144,70.1768694862882,25.3999995936,0.0,191.999995558396,0.0
1213506355,5.2300001064,1599.9399412872,0.0,3750.0300294144,70.4012081078275,25.3999995936,0.0,192.999997366683,0.0
1213506364,5.2300001064,1599.9399412872,0.0,3750.0300294144,70.3808096053562,25.3999995936,0.0,215.000009569958,0.0
1213506368,5.2300001064,1599.9399412872,0.0,3750.0300294144,70.4012081078275,25.3999995936,0.0,145.00000709553,0.0
1213506373,5.2300001064,1599.9399412872,0.0,3750.0300294144,70.2482495031856,25.3999995936,0.0,164.000000084431,0.0
1213506378,5.2300001064,1599.9399412872,0.0,3750.0300294144,70.3298285445225,25.3999995936,0.0,136.999999523995,0.0
1213506383,5.2300001064,1599.9399412872,0.0,3750.0300294144,70.3400275689619,25.3999995936,0.0,147.999998730875,0.0
1213506392,5.2300001064,1599.9399412872,0.0,3750.0300294144,70.2890387970578,25.3999995936,0.0,150.999997260978,0.0
1213506396,5.2300001064,1599.9399412872,0.0,3750.0300294144,70.4419978552921,25.3999995936,0.0,140.999999862384,0.0
1213506401,5.2300001064,1599.9399412872,0.0,3750.0300294144,70.4215993528209,25.3999995936,0.0,136.999999523995,0.0
1213506404,5.2300001064,1599.9399412872,0.0,3750.0300294144,70.3400275689619,25.3999995936,0.0,144.000005287244,0.0
1213506409,5.2300001064,1599.9399412872,0.0,3750.0300294144,70.2176592337528,25.3999995936,0.0,150.000002347448,0.0
1213506413,5.2300001064,1599.9399412872,0.0,3750.0300294144,70.3604188139553,25.3999995936,0.0,132.000004272077,0.0
1213506418,5.2300001064,1599.9399412872,0.0,3750.0300294144,70.3094295884588,25.3999995936,0.0,130.999995569033,0.0
1213506423,5.2300001064,1599.9399412872,0.0,3750.0300294144,70.2890387970578,25.3999995936,0.0,136.000004610466,0.0
1213506427,5.2300001064,1599.9399412872,0.0,3750.0300294144,70.4521896222537,25.3999995936,0.0,150.999997260978,0.0
1213506432,5.2300001064,1599.9399412872,0.0,3750.0300294144,70.2482495031856,25.3999995936,0.0,177.999997821414,0.0
1213506437,5.2300001064,1599.9399412872,0.0,3750.0300294144,70.3808096053562,25.3999995936,0.0,177.999997821414,0.0
1213506441,5.2300001064,1599.9399412872,0.0,3750.0300294144,70.3400275689619,25.3999995936,0.0,176.999996013127,0.0
1213506446,5.2300001064,1599.9399412872,0.0,3750.0300294144,70.3808096053562,25.3999995936,0.0,151.999999069264,0.0
1213506450,5.2300001064,1599.9399412872,0.0,3750.0300294144,70.4012081078275,25.3999995936,0.0,147.999998730875,0.0
1213506455,5.2300001064,1599.9399412872,0.0,3750.0300294144,70.4521896222537,25.3999995936,0.0,159.999999746042,0.0
1213506458,5.2300001064,1599.9399412872,0.0,3750.0300294144,70.4012081078275,25.3999995936,0.0,138.000001332282,0.0
1213506463,5.2300001064,1599.9399412872,0.0,3750.0300294144,70.4419978552921,25.3999995936,0.0,138.999996245811,0.0
1213506467,5.2300001064,1599.9399412872,0.0,3750.0300294144,70.4215993528209,25.3999995936,0.0,136.999999523995,0.0
1213506472,5.2300001064,1599.9399412872,0.0,3750.0300294144,70.4419978552921,25.3999995936,0.0,164.000000084431,0.0
1213506477,5.2300001064,1599.9399412872,0.0,3750.0300294144,70.4012081078275,25.3999995936,0.0,147.999998730875,0.0
1213506481,5.2300001064,1599.9399412872,0.0,3750.0300294144,70.3298285445225,25.3999995936,0.0,164.99999499796,0.0
1213506486,5.2300001064,1599.9399412872,0.0,3750.0300294144,70.2482495031856,25.3999995936,0.0,174.999999291311,0.0
1213506491,5.2300001064,1599.9399412872,0.0,3750.0300294144,70.3400275689619,25.3999995936,0.0,154.999997599367,0.0
1213506495,5.2300001064,1599.9399412872,0.0,3750.0300294144,70.3604188139553,25.3999995936,0.0,180.999996351516,0.0
1213506500,5.2300001064,1599.9399412872,0.0,3750.0300294144,70.2890387970578,25.3999995936,0.0,200.000003129931,0.0
1213506504,5.2300001064,1599.9399412872,0.0,3750.0300294144,70.4521896222537,25.3999995936,0.0,188.000002114765,0.0
1213506509,5.2300001064,1599.9399412872,0.0,3750.0300294144,70.2686480056569,25.3999995936,0.0,176.999996013127,0.0
1213506512,5.2300001064,1599.9399412872,0.0,3750.0300294144,70.4012081078275,25.3999995936,0.0,155.999992512896,0.0
1213506517,5.2300001064,1599.9399412872,0.0,3750.0300294144,70.3604188139553,25.3999995936,0.0,157.000008110697,0.0
1213506521,5.2300001064,1599.9399412872,0.0,3750.0300294144,70.3604188139553,25.3999995936,0.0,152.999993982794,0.0
1213506526,5.2300001064,1599.9399412872,0.0,3750.0300294144,70.2890387970578,25.3999995936,0.0,199.000001321645,0.0
1213506531,5.2300001064,1599.9399412872,0.0,3750.0300294144,70.1768694862882,25.3999995936,0.0,189.99999883658,0.0
1213506535,5.2300001064,1599.9399412872,0.0,3750.0300294144,70.2482495031856,25.3999995936,0.0,170.000004039393,0.0
1213506540,5.2300001064,1599.9399412872,0.0,3750.0300294144,70.1972602776892,25.3999995936,0.0,138.999996245811,0.0
1213506545,5.2300001064,1599.9399412872,0.0,3750.0300294144,70.2278582581923,25.3999995936,0.0,182.00000505456,0.0
1213506549,5.2300001064,1599.9399412872,0.0,3750.0300294144,70.0239104280539,25.3999995936,0.0,178.9999996297,0.0
1213506554,5.2300001064,1599.9399412872,0.0,3750.0300294144,70.1972602776892,25.3999995936,0.0,164.000000084431,0.0
1213506558,5.2300001064,1599.9399412872,0.0,3750.0300294144,70.2890387970578,25.3999995936,0.0,184.000001776376,0.0
1213506563,5.2300001064,1599.9399412872,0.0,3750.0300294144,70.2278582581923,25.3999995936,0.0,169.000009125864,0.0
1213506571,5.2300001064,1599.9399412872,0.0,3750.0300294144,70.1564786948872,25.3999995936,0.0,165.999996806247,0.0
1213506575,5.2300001064,1599.9399412872,0.0,3750.0300294144,70.2278582581923,25.3999995936,0.0,172.000000761209,0.0
1213506580,5.2300001064,1599.9399412872,0.0,3750.0300294144,70.1564786948872,25.3999995936,0.0,157.000008110697,0.0
1213506585,5.2300001064,1599.9399412872,0.0,3750.0300294144,70.1360797388236,25.3999995936,0.0,170.000004039393,0.0
1213506589,5.2300001064,1599.9399412872,0.0,3750.0300294144,70.1360797388236,25.3999995936,0.0,152.999993982794,0.0
1213506599,5.2300001064,1599.9399412872,0.0,3750.0300294144,70.3298285445225,25.3999995936,0.0,172.000000761209,0.0
1213506603,5.2300001064,1599.9399412872,0.0,3750.0300294144,70.1564786948872,25.3999995936,0.0,158.000003024226,0.0
1213506608,5.2300001064,1599.9399412872,0.0,3750.0300294144,70.1768694862882,25.3999995936,0.0,126.999995230644,0.0
1213506612,5.2300001064,1599.9399412872,0.0,3750.0300294144,70.1360797388236,25.3999995936,0.0,127.999997038931,0.0
1213506617,5.2300001064,1599.9399412872,0.0,3750.0300294144,70.1768694862882,25.3999995936,0.0,144.000005287244,0.0
1213506625,5.2300001064,1599.9399412872,0.0,3750.0300294144,70.1768694862882,25.3999995936,0.0,158.000003024226,0.0
1213506629,5.2300001064,1599.9399412872,0.0,3750.0300294144,70.2890387970578,25.3999995936,0.0,176.000001099598,0.0
1213506634,5.2300001064,1599.9399412872,0.0,3750.0300294144,70.1768694862882,25.3999995936,0.0,166.999998614533,0.0
1213506639,5.2300001064,1599.9399412872,0.0,3750.0300294144,70.1972602776892,25.3999995936,0.0,158.000003024226,0.0
1213506643,5.2300001064,1599.9399412872,0.0,3750.0300294144,70.1156889474226,25.3999995936,0.0,149.000000539162,0.0
1213506648,5.2300001064,1599.9399412872,0.0,3750.0300294144,70.2482495031856,25.3999995936,0.0,173.000002569495,0.0
1213506653,5.2300001064,1599.9399412872,0.0,3750.0300294144,69.9117411172842,25.3999995936,0.0,155.999992512896,0.0
1213506657,5.2300001064,1599.9399412872,0.0,3750.0300294144,70.2278582581923,25.3999995936,0.0,191.999995558396,0.0
1213506662,5.2300001064,1599.9399412872,0.0,3750.0300294144,70.1564786948872,25.3999995936,0.0,179.999994543229,0.0
1213506666,5.2300001064,1599.9399412872,0.0,3750.0300294144,70.0647001755185,25.3999995936,0.0,179.999994543229,0.0
1213506671,5.2300001064,1599.9399412872,0.0,3750.0300294144,70.1564786948872,25.3999995936,0.0,161.000001554329,0.0
1213506674,5.23999968,1599.9399412872,0.0,3750.0300294144,69.7281917896171,25.3999995936,0.0,162.999998276144,0.0
1213506679,5.280000108,1599.9399412872,0.0,3750.0300294144,69.8199703089858,25.3999995936,0.0,173.000002569495,0.0
1213506683,5.369999928,1599.9399412872,0.0,3750.0300294144,69.5548419399819,25.3999995936,0.0,176.000001099598,0.0
1213506688,5.5100003592,1599.8900147424,0.0,3750.0300294144,93.7017219875783,25.3999995936,0.0,185.999998498191,0.0
1213506693,5.560000056,1599.839965668,0.0,3750.0300294144,113.045740132615,25.3999995936,0.0,167.999993528063,0.0
1213506697,5.9000001888,1599.5100099144,0.0,3750.0300294144,114.656893426969,25.3999995936,0.0,177.999997821414,0.0
1213506702,6.5100000864,1598.9000243424,0.0,3750.0300294144,114.860833546037,25.3999995936,0.0,183.000006862846,0.0
1213506707,6.9099997944,1598.4999999456,0.0,3750.0300294144,115.217732723339,25.3999995936,0.0,174.999999291311,0.0
1213506711,7.2100001088,1598.189941536,0.0,3750.0300294144,114.840442754636,25.3999995936,0.0,176.999996013127,0.0
1213506716,8.4999999672,1596.9100342152,0.0,3750.0300294144,115.482861092343,25.3999995936,0.0,165.999996806247,0.0
1213506720,10.1000003232,1595.300048916,0.0,3750.0300294144,114.473344099302,25.3999995936,0.0,157.000008110697,0.0
1213506725,11.1000003552,1594.300048884,0.0,3750.0300294144,115.421680553478,25.3999995936,0.0,164.000000084431,0.0
1213506728,11.8199998296,1593.5799561408,0.0,3750.0300294144,115.615421648106,25.3999995936,0.0,133.000006080364,0.0
1213506733,12.9700001712,1592.439941352,0.0,3750.0300294144,116.604547396155,25.3999995936,0.0,164.000000084431,0.0
1213506737,14.2899999696,1591.1099852616,0.0,3750.0300294144,115.533849864247,25.3999995936,0.0,167.999993528063,0.0
1213506742,15.1400003016,1590.2600096184,0.0,3750.0300294144,115.238131225811,25.3999995936,0.0,162.999998276144,0.0
1213506747,15.5699996448,1589.8299560208,0.0,3750.0300294144,114.942412587374,25.3999995936,0.0,165.999996806247,0.0
1213506751,16.6599998016,1588.7399903064,0.0,3750.0300294144,115.88055001711,25.3999995936,0.0,173.000002569495,0.0
1213506756,17.9799996,1587.420043848,0.0,3750.0300294144,116.288437966317,25.3999995936,0.0,178.9999996297,0.0
1213506760,18.8600004816,1586.540039004,0.0,3750.0300294144,115.238131225811,25.3999995936,0.0,173.000002569495,0.0
1213506765,19.7399998392,1585.6700440968,0.0,3750.0300294144,115.391090284045,25.3999995936,0.0,174.999999291311,0.0
1213506768,21.0499991496,1584.3499757184,0.0,3750.0300294144,115.217732723339,25.3999995936,0.0,180.999996351516,0.0
1213506774,21.7099990488,1583.6999513136,0.0,3750.0300294144,113.922696569893,25.3999995936,0.0,170.000004039393,0.0
1213506777,22.5499991976,1582.8499756704,0.0,3750.0300294144,115.574631900642,25.3999995936,0.0,169.000009125864,0.0
1213506782,23.8400002752,1581.5600587176,0.0,3750.0300294144,114.718073965835,25.3999995936,0.0,183.000006862846,0.0
1213506786,24.280000716,1581.1300048152,0.0,3750.0300294144,115.350300990173,25.3999995936,0.0,177.999997821414,0.0
1213506789,25.1499995856,1580.2499999712,0.0,3750.0300294144,115.309511242708,25.3999995936,0.0,170.000004039393,0.0
1213506794,26.030000772,1579.3800047592,0.0,3750.0300294144,115.442071344879,25.3999995936,0.0,185.000003584662,0.0
1213506798,27.1200009288,1578.2800294128,0.0,3750.0300294144,115.462470300942,25.3999995936,0.0,194.000006069727,0.0
1213506803,28.4300002392,1576.9699706664,0.0,3750.0300294144,115.166751662506,25.3999995936,0.0,204.999998381849,0.0
1213506808,29.0900001384,1576.3100585496,0.0,3750.0300294144,114.9933941018,25.3999995936,0.0,176.000001099598,0.0
1213506814,30.620000736,1574.7800293008,0.0,3750.0300294144,115.554241109241,25.3999995936,0.0,162.000003362615,0.0
1213506817,31.5400008264,1573.869995256,0.0,3750.0300294144,114.973002856807,25.3999995936,0.0,170.000004039393,0.0
1213506824,32.6699980584,1572.7299804672,0.0,3750.0300294144,116.349618505182,25.3999995936,0.0,139.999998054098,0.0
1213506829,34.2499998768,1571.1600343056,0.0,3750.0300294144,115.085172621169,25.3999995936,0.0,161.000001554329,0.0
1213506833,35.1399994176,1570.2600098928,0.0,3750.0300294144,115.350300990173,25.3999995936,0.0,158.000003024226,0.0
1213506838,36.2599982952,1569.1400146728,0.0,3750.0300294144,114.361174788532,25.3999995936,0.0,176.999996013127,0.0
1213506841,36.709999224,1568.6899415064,0.0,3750.0300294144,114.881232502101,25.3999995936,0.0,179.999994543229,0.0
1213506845,37.8400001136,1567.5699462864,0.0,3750.0300294144,115.77857973078,25.3999995936,0.0,171.00000584768,0.0
1213506850,38.9799996624,1566.4300537224,0.0,3750.0300294144,115.503251883744,25.3999995936,0.0,170.000004039393,0.0
1213506854,39.6699982824,1565.729980548,0.0,3750.0300294144,114.789453982732,25.3999995936,0.0,169.000009125864,0.0
1213506859,40.599998556,1564.8000488544,0.0,3750.0300294144,114.942412587374,25.3999995936,0.0,173.000002569495,0.0
1213506864,41.9700010992,1563.4399413384,0.0,3750.0300294144,115.013792604271,25.3999995936,0.0,174.999999291311,0.0
1213506869,42.8400002736,1562.5600587192,0.0,3750.0300294144,114.9933941018,25.3999995936,0.0,169.000009125864,0.0
1213506873,43.499999868,1561.9000243776,0.0,3750.0300294144,115.595030403113,25.3999995936,0.0,180.999996351516,0.0
1213506878,44.3800010544,1561.0200195336,0.0,3750.0300294144,114.728273443866,25.3999995936,0.0,173.000002569495,0.0
1213506882,45.8400000648,1559.5600586232,0.0,3750.0300294144,115.10556341257,25.3999995936,0.0,189.99999883658,0.0
1213506887,46.060001352,1559.339965896,0.0,3750.0300294144,112.89278107438,25.3999995936,0.0,182.00000505456,0.0
1213506890,45.9900015936,1559.4200438664,0.0,3750.0300294144,115.187142453907,25.3999995936,0.0,170.000004039393,0.0
1213506895,45.9700012272,1559.4300538032,0.0,3750.0300294144,114.9933941018,25.3999995936,0.0,197.000004599829,0.0
1213506899,45.9700012272,1559.4300538032,0.0,3750.0300294144,115.951929580415,25.3999995936,0.0,179.999994543229,0.0
1213506904,45.9599992152,1559.4399415152,0.0,3750.0300294144,110.588220216822,25.3999995936,0.0,178.9999996297,0.0
1213506908,45.9300001896,1559.469970716,0.0,3750.0300294144,92.0293881543583,25.3999995936,0.0,164.000000084431,0.0
1213506913,45.499999932,1559.469970716,0.0,3750.0300294144,70.8498858044986,25.3999995936,0.0,170.000004039393,0.0
1213506918,45.499999932,1559.469970716,0.0,3750.0300294144,70.8090965106263,25.3999995936,0.0,176.000001099598,0.0
1213506923,45.499999932,1559.469970716,0.0,3750.0300294144,70.9824463602616,25.3999995936,0.0,170.000004039393,0.0
1213506927,45.499999932,1559.469970716,0.0,3750.0300294144,70.7581072851299,25.3999995936,0.0,172.000000761209,0.0
1213506932,45.499999932,1559.469970716,0.0,3750.0300294144,70.8498858044986,25.3999995936,0.0,205.999993295379,0.0
1213506936,45.499999932,1559.469970716,0.0,3750.0300294144,71.1150064624322,25.3999995936,0.0,214.000007761671,0.0
1213506941,45.499999932,1559.469970716,0.0,3750.0300294144,71.1863864793297,25.3999995936,0.0,207.999990017195,0.0
1213506944,45.499999932,1559.469970716,0.0,3750.0300294144,71.1150064624322,25.3999995936,0.0,197.000004599829,0.0
1213506949,45.499999932,1559.469970716,0.0,3750.0300294144,70.9620474041979,25.3999995936,0.0,189.99999883658,0.0
1213506953,45.499999932,1559.469970716,0.0,3750.0300294144,71.1354054184959,25.3999995936,0.0,197.000004599829,0.0
1213506958,45.499999932,1559.469970716,0.0,3750.0300294144,71.0436268991272,25.3999995936,0.0,192.999997366683,0.0
1213506962,45.499999932,1559.469970716,0.0,3750.0300294144,70.9620474041979,25.3999995936,0.0,174.000004377782,0.0
1213506967,45.499999932,1559.469970716,0.0,3750.0300294144,71.1354054184959,25.3999995936,0.0,171.00000584768,0.0
1213506972,45.499999932,1559.469970716,0.0,3750.0300294144,71.0436268991272,25.3999995936,0.0,174.999999291311,0.0
1213506977,45.499999932,1559.469970716,0.0,3750.0300294144,71.1659952343363,25.3999995936,0.0,201.999999851747,0.0
1213506981,45.499999932,1559.469970716,0.0,3750.0300294144,71.1150064624322,25.3999995936,0.0,192.999997366683,0.0
1213506986,45.499999932,1559.469970716,0.0,3750.0300294144,71.2067849818009,25.3999995936,0.0,165.999996806247,0.0
1213506990,45.499999932,1559.469970716,0.0,3750.0300294144,71.2985557900993,25.3999995936,0.0,161.000001554329,0.0
1213506995,45.499999932,1559.469970716,0.0,3750.0300294144,71.2271757732019,25.3999995936,0.0,172.000000761209,0.0
1213506998,45.499999932,1559.469970716,0.0,3750.0300294144,71.2985557900993,25.3999995936,0.0,157.000008110697,0.0
1213507003,45.499999932,1559.469970716,0.0,3750.0300294144,71.2271757732019,25.3999995936,0.0,174.000004377782,0.0
1213507007,45.499999932,1559.469970716,0.0,3750.0300294144,71.410725100869,25.3999995936,0.0,157.000008110697,0.0
1213507012,45.499999932,1559.469970716,0.0,3750.0300294144,71.1659952343363,25.3999995936,0.0,146.00000200906,0.0
1213507016,45.499999932,1559.469970716,0.0,3750.0300294144,71.1659952343363,25.3999995936,0.0,169.000009125864,0.0
1213507021,45.499999932,1559.469970716,0.0,3750.0300294144,71.2067849818009,25.3999995936,0.0,178.9999996297,0.0
1213507026,45.499999932,1559.469970716,0.0,3750.0300294144,71.1659952343363,25.3999995936,0.0,165.999996806247,0.0
1213507031,45.499999932,1559.469970716,0.0,3750.0300294144,71.3189542925706,25.3999995936,0.0,162.000003362615,0.0
1213507040,45.499999932,1559.469970716,0.0,3750.0300294144,71.3393455375639,25.3999995936,0.0,174.999999291311,0.0
1213507044,45.499999932,1559.469970716,0.0,3750.0300294144,71.2781649986983,25.3999995936,0.0,176.000001099598,0.0
1213507049,45.499999932,1559.469970716,0.0,3750.0300294144,71.2985557900993,25.3999995936,0.0,174.999999291311,0.0
1213507052,45.499999932,1559.469970716,0.0,3750.0300294144,71.2271757732019,25.3999995936,0.0,196.000002791542,0.0
1213507057,45.499999932,1559.469970716,0.0,3750.0300294144,71.2475747292656,25.3999995936,0.0,182.00000505456,0.0
1213507066,45.499999932,1559.469970716,0.0,3750.0300294144,71.1557962098969,25.3999995936,0.0,185.999998498191,0.0
1213507070,45.499999932,1559.469970716,0.0,3750.0300294144,71.1863864793297,25.3999995936,0.0,157.000008110697,0.0
1213507075,45.499999932,1559.469970716,0.0,3750.0300294144,71.2475747292656,25.3999995936,0.0,176.999996013127,0.0
1213507080,45.499999932,1559.469970716,0.0,3750.0300294144,71.2271757732019,25.3999995936,0.0,172.000000761209,0.0
1213507085,45.499999932,1559.469970716,0.0,3750.0300294144,71.2985557900993,25.3999995936,0.0,173.000002569495,0.0
1213507089,45.499999932,1559.469970716,0.0,3750.0300294144,71.1863864793297,25.3999995936,0.0,155.999992512896,0.0
1213507094,45.499999932,1559.469970716,0.0,3750.0300294144,71.0946156710312,25.3999995936,0.0,182.00000505456,0.0
1213507098,45.499999932,1559.469970716,0.0,3750.0300294144,71.2271757732019,25.3999995936,0.0,167.999993528063,0.0
1213507103,45.499999932,1559.469970716,0.0,3750.0300294144,71.0946156710312,25.3999995936,0.0,196.000002791542,0.0
1213507106,45.499999932,1559.469970716,0.0,3750.0300294144,71.1354054184959,25.3999995936,0.0,176.000001099598,0.0
1213507111,45.499999932,1559.469970716,0.0,3750.0300294144,71.0232356541338,25.3999995936,0.0,189.99999883658,0.0
1213507115,45.499999932,1559.469970716,0.0,3750.0300294144,71.1659952343363,25.3999995936,0.0,172.000000761209,0.0
1213507120,45.499999932,1559.469970716,0.0,3750.0300294144,71.1557962098969,25.3999995936,0.0,208.999991825481,0.0
1213507125,45.499999932,1559.469970716,0.0,3750.0300294144,71.1659952343363,25.3999995936,0.0,206.999995103665,0.0
1213507129,45.499999932,1559.469970716,0.0,3750.0300294144,71.1863864793297,25.3999995936,0.0,200.000003129931,0.0
1213507134,45.499999932,1559.469970716,0.0,3750.0300294144,71.2067849818009,25.3999995936,0.0,210.999988547297,0.0
1213507139,45.499999932,1559.469970716,0.0,3750.0300294144,71.1659952343363,25.3999995936,0.0,208.999991825481,0.0
1213507143,45.499999932,1559.469970716,0.0,3750.0300294144,71.0028371516626,25.3999995936,0.0,182.00000505456,0.0
1213507148,45.499999932,1559.469970716,0.0,3750.0300294144,71.2679655206665,25.3999995936,0.0,200.999998043461,0.0
1213507152,45.499999932,1559.469970716,0.0,3750.0300294144,71.2781649986983,25.3999995936,0.0,202.999994765276,0.0
1213507157,45.499999932,1559.469970716,0.0,3750.0300294144,71.1659952343363,25.3999995936,0.0,202.999994765276,0.0
1213507160,45.499999932,1559.469970716,0.0,3750.0300294144,71.0742167149676,25.3999995936,0.0,177.999997821414,0.0
1213507165,45.499999932,1559.469970716,0.0,3750.0300294144,71.2067849818009,25.3999995936,0.0,215.000009569958,0.0
1213507169,45.499999932,1559.469970716,0.0,3750.0300294144,71.2679655206665,25.3999995936,0.0,188.000002114765,0.0
1213507174,45.499999932,1559.469970716,0.0,3750.0300294144,71.1863864793297,25.3999995936,0.0,179.999994543229,0.0
1213507179,45.499999932,1559.469970716,0.0,3750.0300294144,71.1659952343363,25.3999995936,0.0,185.999998498191,0.0
1213507183,45.499999932,1559.469970716,0.0,3750.0300294144,71.1150064624322,25.3999995936,0.0,185.000003584662,0.0
1213507188,45.499999932,1559.469970716,0.0,3750.0300294144,71.1659952343363,25.3999995936,0.0,176.000001099598,0.0
1213507193,45.499999932,1559.469970716,0.0,3750.0300294144,71.1557962098969,25.3999995936,0.0,200.999998043461,0.0
1213507197,45.499999932,1559.469970716,0.0,3750.0300294144,71.0436268991272,25.3999995936,0.0,180.999996351516,0.0
1213507202,45.499999932,1559.469970716,0.0,3750.0300294144,71.2781649986983,25.3999995936,0.0,185.000003584662,0.0
1213507206,45.499999932,1559.469970716,0.0,3750.0300294144,71.0946156710312,25.3999995936,0.0,180.999996351516,0.0
1213507211,45.499999932,1559.469970716,0.0,3750.0300294144,71.0742167149676,25.3999995936,0.0,172.000000761209,0.0
1213507214,45.499999932,1559.469970716,0.0,3750.0300294144,71.2067849818009,25.3999995936,0.0,164.99999499796,0.0
1213507219,45.499999932,1559.469970716,0.0,3750.0300294144,71.0436268991272,25.3999995936,0.0,174.000004377782,0.0
1213507223,45.499999932,1559.469970716,0.0,3750.0300294144,71.2985557900993,25.3999995936,0.0,174.999999291311,0.0
1213507228,45.499999932,1559.469970716,0.0,3750.0300294144,71.1354054184959,25.3999995936,0.0,179.999994543229,0.0
1213507233,45.499999932,1559.469970716,0.0,3750.0300294144,71.1354054184959,25.3999995936,0.0,171.00000584768,0.0
1213507237,45.499999932,1559.469970716,0.0,3750.0300294144,71.0232356541338,25.3999995936,0.0,162.999998276144,0.0
1213507247,45.499999932,1559.469970716,0.0,3750.0300294144,70.8906678408929,25.3999995936,0.0,165.999996806247,0.0
1213507251,45.499999932,1559.469970716,0.0,3750.0300294144,70.8294873020273,25.3999995936,0.0,164.99999499796,0.0
1213507254,45.499999932,1559.469970716,0.0,3750.0300294144,70.8090965106263,25.3999995936,0.0,170.000004039393,0.0
1213507258,45.499999932,1559.469970716,0.0,3750.0300294144,70.9110663433642,25.3999995936,0.0,171.00000584768,0.0
1213507263,45.499999932,1559.469970716,0.0,3750.0300294144,70.8090965106263,25.3999995936,0.0,152.999993982794,0.0
1213507266,45.499999932,1559.469970716,0.0,3750.0300294144,70.921265821396,25.3999995936,0.0,152.999993982794,0.0
1213507273,45.499999932,1559.469970716,0.0,3750.0300294144,70.9110663433642,25.3999995936,0.0,164.99999499796,0.0
1213507277,45.499999932,1559.469970716,0.0,3750.0300294144,70.941656612797,25.3999995936,0.0,161.000001554329,0.0
1213507282,45.439998528,1559.469970716,0.0,3750.0300294144,71.0538259235666,25.3999995936,0.0,174.000004377782,0.0
1213507287,45.0200005872,1559.469970716,0.0,3750.0300294144,70.8294873020273,25.3999995936,0.0,190.99999375011,0.0
1213507291,44.1300010464,1559.469970716,0.0,3750.0300294144,72.7669495042513,25.3999995936,0.0,177.999997821414,0.0
1213507301,38.4300002544,1559.469970716,0.0,3750.0300294144,72.3182718075802,25.3999995936,0.0,165.999996806247,0.0
1213507305,35.1899985048,1559.469970716,0.0,3750.0300294144,71.9919628997107,25.3999995936,0.0,135.000002802179,0.0
1213507310,31.920000168,1559.469970716,0.0,3750.0300294144,71.6248646979689,25.3999995936,0.0,174.000004377782,0.0
1213507314,30.2900007864,1559.469970716,0.0,3750.0300294144,76.081027354851,25.3999995936,0.0,147.000003817346,0.0
1213507319,21.96999924,1559.469970716,0.0,3750.0300294144,71.1150064624322,25.3999995936,0.0,174.999999291311,0.0
1213507322,17.6499996504,1559.469970716,0.0,3750.0300294144,71.9715721083097,25.3999995936,0.0,188.000002114765,0.0
1213507327,11.3799999984,1559.469970716,0.0,3750.0300294144,74.7350019759081,25.3999995936,0.0,174.999999291311,0.0
1213507331,7.9400000712,1559.469970716,0.0,3750.0300294144,73.460357067455,25.3999995936,0.0,147.999998730875,0.0
1213507336,5.4699999312,1559.469970716,0.0,3750.0300294144,71.9715721083097,25.3999995936,0.0,173.000002569495,0.0
1213507341,5.23999968,1559.469970716,0.0,3750.0300294144,68.2598057865354,25.3999995936,0.0,158.000003024226,0.0
1213507345,5.23999968,1559.469970716,0.0,3750.0300294144,69.7078009982161,25.3999995936,0.0,174.000004377782,0.0
1213507350,5.23999968,1559.469970716,0.0,3750.0300294144,69.7281917896171,25.3999995936,0.0,196.000002791542,0.0
1213507355,5.23999968,1559.469970716,0.0,3750.0300294144,69.7995718065146,25.3999995936,0.0,173.000002569495,0.0
1213507359,5.23999968,1559.469970716,0.0,3750.0300294144,70.0647001755185,25.3999995936,0.0,150.000002347448,0.0
1213507364,5.2699999248,1559.469970716,0.0,3750.0300294144,69.2795218040164,25.3999995936,0.0,185.000003584662,0.0
1213507368,5.3000001696,1559.469970716,0.0,3750.0300294144,69.3916915683784,25.3999995936,0.0,195.000007878013,0.0
1213507373,5.4600000528,1559.4300538032,0.0,3750.0300294144,103.980463471686,25.3999995936,0.0,199.000001321645,0.0
1213507376,6.2100000768,1558.6899414912,0.0,3750.0300294144,115.10556341257,25.3999995936,0.0,161.000001554329,0.0
1213507381,7.429999872,1557.469970652,0.0,3750.0300294144,114.096046419528,25.3999995936,0.0,141.999994775913,0.0
1213507385,8.3500002672,1556.5500488952,0.0,3750.0300294144,114.483535866263,25.3999995936,0.0,174.000004377782,0.0
1213507390,9.9300002568,1554.969970572,0.0,3750.0300294144,114.585513863664,25.3999995936,0.0,149.000000539162,0.0
1213507395,11.5200004296,1553.3800048416,0.0,3750.0300294144,114.544724116199,25.3999995936,0.0,149.000000539162,0.0
1213507399,12.8000001048,1552.0999756008,0.0,3750.0300294144,114.096046419528,25.3999995936,0.0,147.000003817346,0.0
1213507402,14.3999995464,1550.4999999336,0.0,3750.0300294144,114.503934368735,25.3999995936,0.0,146.00000200906,0.0
1213507408,15.35999976,1549.5400390392,0.0,3750.0300294144,114.452945596831,25.3999995936,0.0,141.999994775913,0.0
1213507413,17.3400000672,1547.560058544,0.0,3750.0300294144,114.769062737739,25.3999995936,0.0,197.999999513358,0.0
1213507418,17.9400003912,1546.9599609888,0.0,3750.0300294144,114.616103679504,25.3999995936,0.0,161.000001554329,0.0
1213507422,17.9400003912,1546.9599609888,0.0,3750.0300294144,114.636494924498,25.3999995936,0.0,152.999993982794,0.0
1213507427,17.9400003912,1546.9599609888,0.0,3750.0300294144,114.616103679504,25.3999995936,0.0,167.999993528063,0.0
1213507430,17.9400003912,1546.9599609888,0.0,3750.0300294144,114.585513863664,25.3999995936,0.0,161.000001554329,0.0
1213507435,17.9400003912,1546.9599609888,0.0,3750.0300294144,114.656893426969,25.3999995936,0.0,177.999997821414,0.0
1213507439,17.9400003912,1546.9599609888,0.0,3750.0300294144,114.5651149076,25.3999995936,0.0,171.00000584768,0.0
1213507444,17.9400003912,1546.9599609888,0.0,3750.0300294144,114.524325613728,25.3999995936,0.0,188.999997028294,0.0
1213507449,18.1299993,1546.7700193824,0.0,3750.0300294144,113.423037812388,25.3999995936,0.0,172.000000761209,0.0
1213507453,19.22999964,1545.6600340992,0.0,3750.0300294144,114.830243276604,25.3999995936,0.0,173.000002569495,0.0
1213507458,20.5699998048,1544.3299560888,0.0,3750.0300294144,113.963486317358,25.3999995936,0.0,183.000006862846,0.0
1213507462,22.2099990648,1542.680053572,0.0,3750.0300294144,114.809844774133,25.3999995936,0.0,184.000001776376,0.0
1213507467,23.5100003256,1541.3800047624,0.0,3750.0300294144,115.197341931938,25.3999995936,0.0,215.000009569958,0.0
1213507472,24.8400000024,1540.0600586088,0.0,3750.0300294144,115.146352706442,25.3999995936,0.0,169.000009125864,0.0
1213507477,26.8400000664,1538.0600585448,0.0,3750.0300294144,114.249005477763,25.3999995936,0.0,171.00000584768,0.0
1213507481,27.8400000984,1537.0600585128,0.0,3750.0300294144,114.5651149076,25.3999995936,0.0,164.99999499796,0.0
1213507484,28.8400001304,1536.0600584808,0.0,3750.0300294144,114.116444922,25.3999995936,0.0,178.9999996297,0.0
1213507488,30.5000000616,1534.400024412,0.0,3750.0300294144,114.279595747195,25.3999995936,0.0,162.999998276144,0.0
1213507493,32.2299994464,1532.6700439248,0.0,3750.0300294144,114.340776286061,25.3999995936,0.0,166.999998614533,0.0
1213507498,33.959999136,1530.9399415176,0.0,3750.0300294144,114.728273443866,25.3999995936,0.0,176.999996013127,0.0
1213507502,34.9999999008,1529.900024268,0.0,3750.0300294144,114.5651149076,25.3999995936,0.0,177.999997821414,0.0
1213507507,37.4199982104,1527.4699706064,0.0,3750.0300294144,114.942412587374,25.3999995936,0.0,159.999999746042,0.0
1213507512,38.8199997792,1526.0699461776,0.0,3750.0300294144,114.299986538596,25.3999995936,0.0,164.99999499796,0.0
1213507517,40.9900017384,1523.9100343176,0.0,3750.0300294144,114.126636688961,25.3999995936,0.0,182.00000505456,0.0
1213507521,41.7099990792,1523.1899412696,0.0,3750.0300294144,113.983877108759,25.3999995936,0.0,187.000000306478,0.0
1213507526,44.2299995256,1520.6700438456,0.0,3750.0300294144,113.423037812388,25.3999995936,0.0,196.000002791542,0.0
1213507535,45.6399994488,1519.2600097848,0.0,3750.0300294144,113.810527259123,25.3999995936,0.0,147.999998730875,0.0
1213507538,46.0800017184,1518.8199462504,0.0,3750.0300294144,113.321059814988,25.3999995936,0.0,147.999998730875,0.0
1213507543,46.0800017184,1518.8199462504,0.0,3750.0300294144,113.626977931456,25.3999995936,0.0,127.999997038931,0.0
1213507547,46.0699997064,1518.8199462504,0.0,3750.0300294144,113.922696569893,25.3999995936,0.0,142.9999965842,0.0
1213507552,46.0099983024,1518.8399658192,0.0,3750.0300294144,70.6255471829592,25.3999995936,0.0,164.000000084431,0.0
1213507556,45.9500008608,1518.8399658192,0.0,3750.0300294144,71.2679655206665,25.3999995936,0.0,145.00000709553,0.0
1213507561,45.7099992072,1518.8399658192,0.0,3750.0300294144,71.2067849818009,25.3999995936,0.0,169.000009125864,0.0
1213507566,45.549999324,1518.8399658192,0.0,3750.0300294144,70.4725881247249,25.3999995936,0.0,146.00000200906,0.0
1213507571,45.549999324,1518.8399658192,0.0,3750.0300294144,70.3604188139553,25.3999995936,0.0,164.000000084431,0.0
1213507575,45.549999324,1518.8399658192,0.0,3750.0300294144,70.7581072851299,25.3999995936,0.0,155.999992512896,0.0
1213507580,45.549999324,1518.8399658192,0.0,3750.0300294144,70.9824463602616,25.3999995936,0.0,157.000008110697,0.0
1213507584,45.549999324,1518.8399658192,0.0,3750.0300294144,71.0946156710312,25.3999995936,0.0,164.99999499796,0.0
1213507589,45.549999324,1518.8399658192,0.0,3750.0300294144,71.0232356541338,25.3999995936,0.0,159.999999746042,0.0
1213507592,45.549999324,1518.8399658192,0.0,3750.0300294144,71.0436268991272,25.3999995936,0.0,150.999997260978,0.0
1213507597,45.549999324,1518.8399658192,0.0,3750.0300294144,71.0742167149676,25.3999995936,0.0,147.999998730875,0.0
1213507601,45.549999324,1518.8399658192,0.0,3750.0300294144,71.1354054184959,25.3999995936,0.0,177.999997821414,0.0
1213507606,45.549999324,1518.8399658192,0.0,3750.0300294144,71.1150064624322,25.3999995936,0.0,153.99999579108,0.0
1213507610,45.549999324,1518.8399658192,0.0,3750.0300294144,71.0946156710312,25.3999995936,0.0,150.999997260978,0.0
1213507615,45.549999324,1518.8399658192,0.0,3750.0300294144,70.7785062411935,25.3999995936,0.0,169.000009125864,0.0
1213507620,45.549999324,1518.8399658192,0.0,3750.0300294144,70.6663364768315,25.3999995936,0.0,136.999999523995,0.0
1213507625,45.549999324,1518.8399658192,0.0,3750.0300294144,70.5847574354946,25.3999995936,0.0,176.999996013127,0.0
1213507629,45.549999324,1518.8399658192,0.0,3750.0300294144,70.8702765958995,25.3999995936,0.0,151.999999069264,0.0
1213507634,45.549999324,1518.8399658192,0.0,3750.0300294144,70.8498858044986,25.3999995936,0.0,162.999998276144,0.0
1213507638,45.549999324,1518.8399658192,0.0,3750.0300294144,70.8090965106263,25.3999995936,0.0,157.000008110697,0.0
1213507643,45.549999324,1518.8399658192,0.0,3750.0300294144,70.7988970325945,25.3999995936,0.0,162.999998276144,0.0
1213507646,45.549999324,1518.8399658192,0.0,3750.0300294144,70.8090965106263,25.3999995936,0.0,135.000002802179,0.0
1213507651,45.549999324,1518.8399658192,0.0,3750.0300294144,70.7785062411935,25.3999995936,0.0,130.999995569033,0.0
1213507655,45.549999324,1518.8399658192,0.0,3750.0300294144,70.8090965106263,25.3999995936,0.0,150.000002347448,0.0
1213507660,45.549999324,1518.8399658192,0.0,3750.0300294144,70.8294873020273,25.3999995936,0.0,133.000006080364,0.0
1213507664,45.549999324,1518.8399658192,0.0,3750.0300294144,70.6969267462643,25.3999995936,0.0,135.000002802179,0.0
1213507669,45.5200006032,1518.8399658192,0.0,3750.0300294144,71.3189542925706,25.3999995936,0.0,145.00000709553,0.0
1213507674,45.3199996824,1518.8399658192,0.0,3750.0300294144,69.6466204593505,25.3999995936,0.0,140.999999862384,0.0
1213507679,44.1500014128,1518.8399658192,0.0,3750.0300294144,71.85940279754,25.3999995936,0.0,154.999997599367,0.0
1213507683,42.9900018024,1518.8399658192,0.0,3750.0300294144,70.6969267462643,25.3999995936,0.0,145.00000709553,0.0
1213507688,40.7500000848,1518.8399658192,0.0,3750.0300294144,72.2163019748424,25.3999995936,0.0,145.00000709553,0.0
1213507692,39.220001316,1518.8399658192,0.0,3750.0300294144,72.3182718075802,25.3999995936,0.0,161.000001554329,0.0
1213507697,36.0699996912,1518.8399658192,0.0,3750.0300294144,71.879793588941,25.3999995936,0.0,151.999999069264,0.0
1213507700,33.1300009992,1518.8399658192,0.0,3750.0300294144,73.7050864803954,25.3999995936,0.0,149.000000539162,0.0
1213507705,30.4300003032,1518.8399658192,0.0,3750.0300294144,73.8478460605978,25.3999995936,0.0,129.999993760747,0.0
1213507714,24.5499992616,1518.8399658192,0.0,3750.0300294144,70.3604188139553,25.3999995936,0.0,136.000004610466,0.0
1213507718,21.43000032,1518.8399658192,0.0,3750.0300294144,74.7757917233727,25.3999995936,0.0,166.999998614533,0.0
1213507723,17.3099995176,1518.8399658192,0.0,3750.0300294144,74.7757917233727,25.3999995936,0.0,189.99999883658,0.0
1213507728,15.6599997696,1518.8399658192,0.0,3750.0300294144,75.2958412722786,25.3999995936,0.0,187.000000306478,0.0
1213507733,10.340000148,1518.8399658192,0.0,3750.0300294144,76.3257567677913,25.3999995936,0.0,128.999998847217,0.0
1213507742,5.619999936,1518.8399658192,0.0,3750.0300294144,66.7608218029507,25.3999995936,0.0,170.000004039393,0.0
1213507746,5.23999968,1518.8399658192,0.0,3750.0300294144,69.9831206805893,25.3999995936,0.0,159.000004832513,0.0
1213507751,5.23999968,1518.8399658192,0.0,3750.0300294144,70.2176592337528,25.3999995936,0.0,167.999993528063,0.0
1213507754,5.23999968,1518.8399658192,0.0,3750.0300294144,69.9525308647488,25.3999995936,0.0,173.000002569495,0.0
1213507759,5.23999968,1518.8399658192,0.0,3750.0300294144,69.8403611003868,25.3999995936,0.0,146.00000200906,0.0
1213507763,5.23999968,1518.8399658192,0.0,3750.0300294144,69.8403611003868,25.3999995936,0.0,176.000001099598,0.0
1213507768,5.23999968,1518.8399658192,0.0,3750.0300294144,69.9321396197555,25.3999995936,0.0,176.000001099598,0.0
1213507773,5.23999968,1518.8399658192,0.0,3750.0300294144,70.0035196366529,25.3999995936,0.0,153.99999579108,0.0
1213507777,5.23999968,1518.8399658192,0.0,3750.0300294144,69.9831206805893,25.3999995936,0.0,144.000005287244,0.0
1213507782,5.23999968,1518.8399658192,0.0,3750.0300294144,70.1972602776892,25.3999995936,0.0,157.000008110697,0.0
1213507787,5.2699999248,1518.8399658192,0.0,3750.0300294144,68.6370957552388,25.3999995936,0.0,162.999998276144,0.0
1213507791,5.3600000496,1518.8399658192,0.0,3750.0300294144,69.5344511485809,25.3999995936,0.0,150.000002347448,0.0
1213507796,5.4199999296,1518.8399658192,0.0,3750.0300294144,70.1360797388236,25.3999995936,0.0,150.000002347448,0.0
1213507800,5.4199999296,1518.8399658192,0.0,3750.0300294144,70.2890387970578,25.3999995936,0.0,128.999998847217,0.0
1213507805,5.4199999296,1518.8399658192,0.0,3750.0300294144,70.2482495031856,25.3999995936,0.0,128.999998847217,0.0
1213507808,5.4199999296,1518.8399658192,0.0,3750.0300294144,70.2686480056569,25.3999995936,0.0,141.999994775913,0.0
1213507813,5.4199999296,1518.8399658192,0.0,3750.0300294144,70.1972602776892,25.3999995936,0.0,139.999998054098,0.0
1213507817,5.4199999296,1518.8399658192,0.0,3750.0300294144,70.3400275689619,25.3999995936,0.0,139.999998054098,0.0
1213507822,5.4199999296,1518.8399658192,0.0,3750.0300294144,70.0443093841175,25.3999995936,0.0,133.000006080364,0.0
1213507827,5.4199999296,1518.8399658192,0.0,3750.0300294144,70.1564786948872,25.3999995936,0.0,157.000008110697,0.0
1213507831,5.4199999296,1518.8399658192,0.0,3750.0300294144,70.1972602776892,25.3999995936,0.0,150.000002347448,0.0
1213507836,5.4199999296,1518.8399658192,0.0,3750.0300294144,70.2890387970578,25.3999995936,0.0,152.999993982794,0.0
1213507841,5.4199999296,1518.8399658192,0.0,3750.0300294144,70.1054894693908,25.3999995936,0.0,149.000000539162,0.0
1213507845,5.4199999296,1518.8399658192,0.0,3750.0300294144,70.1054894693908,25.3999995936,0.0,138.999996245811,0.0
1213507850,5.4199999296,1518.8399658192,0.0,3750.0300294144,70.1564786948872,25.3999995936,0.0,138.999996245811,0.0
1213507854,5.4199999296,1518.8399658192,0.0,3750.0300294144,69.9525308647488,25.3999995936,0.0,142.9999965842,0.0
1213507859,5.4199999296,1518.8399658192,0.0,3750.0300294144,70.1564786948872,25.3999995936,0.0,159.999999746042,0.0
1213507862,5.4199999296,1518.8399658192,0.0,3750.0300294144,70.2482495031856,25.3999995936,0.0,171.00000584768,0.0
1213507867,5.4199999296,1518.8399658192,0.0,3750.0300294144,70.0035196366529,25.3999995936,0.0,119.000008343381,0.0
1213507871,5.4199999296,1518.8399658192,0.0,3750.0300294144,70.1564786948872,25.3999995936,0.0,159.000004832513,0.0
1213507876,5.4199999296,1518.8399658192,0.0,3750.0300294144,70.0647001755185,25.3999995936,0.0,144.000005287244,0.0
1213507881,5.4199999296,1518.8399658192,0.0,3750.0300294144,69.9831206805893,25.3999995936,0.0,124.000003595299,0.0
1213507885,5.4499998696,1518.8399658192,0.0,3750.0300294144,69.0857734519098,25.3999995936,0.0,117.99999274558,0.0
1213507890,5.489999688,1518.8399658192,0.0,3750.0300294144,68.8104533159443,25.3999995936,0.0,111.000000771846,0.0
1213507894,5.869999944,1518.4599609912,0.0,3750.0300294144,112.423712586308,25.3999995936,0.0,128.999998847217,0.0
1213507899,7.3200002952,1517.0100097128,0.0,3750.0300294144,110.853348585826,25.3999995936,0.0,124.000003595299,0.0
1213507902,11.8199998296,1512.5100098736,0.0,3750.0300294144,112.953961613246,25.3999995936,0.0,136.000004610466,0.0
1213507906,14.5699996128,1509.7600097856,0.0,3750.0300294144,112.352332569411,25.3999995936,0.0,149.000000539162,0.0
1213507913,18.3400000992,1505.9899900968,0.0,3750.0300294144,113.43322957935,25.3999995936,0.0,136.000004610466,0.0
1213507918,25.919999976,1498.4000244792,0.0,3750.0300294144,112.607261913975,25.3999995936,0.0,132.000004272077,0.0
1213507923,29.7600002208,1494.5699463888,0.0,3750.0300294144,116.10488863865,25.3999995936,0.0,133.000006080364,0.0
1213507927,33.7499998608,1490.5699462608,0.0,3750.0300294144,115.064773665105,25.3999995936,0.0,138.000001332282,0.0
1213507930,34.7599982472,1489.5600585168,0.0,3750.0300294144,113.647368722857,25.3999995936,0.0,170.000004039393,0.0
1213507935,40.849998564,1483.4799803544,0.0,3750.0300294144,117.654853683068,25.3999995936,0.0,141.999994775913,0.0
1213507939,45.7299995736,1478.5999756872,0.0,3750.0300294144,113.290469545555,25.3999995936,0.0,153.99999579108,0.0
1213507949,46.060001352,1478.2700196288,0.0,3750.0300294144,114.249005477763,25.3999995936,0.0,150.000002347448,0.0
1213507953,45.9700012272,1478.3499756792,0.0,3750.0300294144,113.453628081821,25.3999995936,0.0,145.00000709553,0.0
1213507958,45.9099998232,1478.4200440176,0.0,3750.0300294144,113.11711969592,25.3999995936,0.0,178.9999996297,0.0
1213507962,45.9900015936,1478.3399657424,0.0,3750.0300294144,113.290469545555,25.3999995936,0.0,174.000004377782,0.0
1213507967,45.9900015936,1478.3399657424,0.0,3750.0300294144,113.188499712817,25.3999995936,0.0,147.999998730875,0.0
1213507975,45.9900015936,1478.3399657424,0.0,3750.0300294144,113.178300234785,25.3999995936,0.0,162.000003362615,0.0
1213507979,45.9900015936,1478.3399657424,0.0,3750.0300294144,114.249005477763,25.3999995936,0.0,139.999998054098,0.0
1213507984,45.9199981776,1478.3599853112,0.0,3750.0300294144,71.4719056397346,25.3999995936,0.0,159.999999746042,0.0
1213507989,45.7299995736,1478.3599853112,0.0,3750.0300294144,71.6350641760007,25.3999995936,0.0,159.000004832513,0.0
1213507993,45.549999324,1478.3599853112,0.0,3750.0300294144,70.7173179912576,25.3999995936,0.0,150.999997260978,0.0
1213507998,45.5200006032,1478.3599853112,0.0,3750.0300294144,70.9110663433642,25.3999995936,0.0,138.000001332282,0.0
1213508003,45.5200006032,1478.3599853112,0.0,3750.0300294144,70.2890387970578,25.3999995936,0.0,157.000008110697,0.0
1213508007,45.5200006032,1478.3599853112,0.0,3750.0300294144,71.1659952343363,25.3999995936,0.0,157.000008110697,0.0
1213508012,45.5200006032,1478.3599853112,0.0,3750.0300294144,71.3189542925706,25.3999995936,0.0,155.999992512896,0.0
1213508016,45.5200006032,1478.3599853112,0.0,3750.0300294144,71.0946156710312,25.3999995936,0.0,155.999992512896,0.0
1213508021,45.5200006032,1478.3599853112,0.0,3750.0300294144,71.2067849818009,25.3999995936,0.0,147.000003817346,0.0
1213508024,45.2000008368,1478.3599853112,0.0,3750.0300294144,69.7281917896171,25.3999995936,0.0,136.000004610466,0.0
1213508029,45.1199990664,1478.3599853112,0.0,3750.0300294144,70.4929789161259,25.3999995936,0.0,138.999996245811,0.0
1213508033,44.9900015616,1478.3599853112,0.0,3750.0300294144,74.1741549684674,25.3999995936,0.0,150.999997260978,0.0
1213508038,43.9300004304,1478.3599853112,0.0,3750.0300294144,72.2366927662434,25.3999995936,0.0,126.000000317115,0.0
1213508043,42.060001224,1478.3599853112,0.0,3750.0300294144,71.3189542925706,25.3999995936,0.0,161.000001554329,0.0
1213508047,37.610000472,1478.3599853112,0.0,3750.0300294144,73.5011463613273,25.3999995936,0.0,144.000005287244,0.0
1213508052,34.7400015384,1478.3599853112,0.0,3750.0300294144,73.8682450166615,25.3999995936,0.0,153.99999579108,0.0
1213508057,29.819999796,1478.3599853112,0.0,3750.0300294144,75.1123001092741,25.3999995936,0.0,159.000004832513,0.0
1213508061,23.1700001928,1478.3599853112,0.0,3750.0300294144,73.9090347641261,25.3999995936,0.0,170.000004039393,0.0
1213508066,15.0100003584,1478.3599853112,0.0,3750.0300294144,73.6642971865231,25.3999995936,0.0,176.999996013127,0.0
1213508070,13.6800003768,1478.3599853112,0.0,3750.0300294144,72.522220091311,25.3999995936,0.0,174.000004377782,0.0
1213508075,6.7900000344,1478.3599853112,0.0,3750.0300294144,67.5663986769241,25.3999995936,0.0,183.000006862846,0.0
1213508078,5.4099997464,1478.3599853112,0.0,3750.0300294144,70.6459379743602,25.3999995936,0.0,166.999998614533,0.0
1213508083,5.23999968,1478.3599853112,0.0,3750.0300294144,70.3808096053562,25.3999995936,0.0,155.999992512896,0.0
1213508087,5.23999968,1478.3599853112,0.0,3750.0300294144,70.4215993528209,25.3999995936,0.0,182.00000505456,0.0
1213508092,5.23999968,1478.3599853112,0.0,3750.0300294144,70.1564786948872,25.3999995936,0.0,164.000000084431,0.0
1213508097,5.23999968,1478.3599853112,0.0,3750.0300294144,70.3094295884588,25.3999995936,0.0,166.999998614533,0.0
1213508101,5.2899999864,1478.3599853112,0.0,3750.0300294144,69.8607600564504,25.3999995936,0.0,138.000001332282,0.0
1213508106,5.3600000496,1478.3599853112,0.0,3750.0300294144,70.1156889474226,25.3999995936,0.0,136.999999523995,0.0
1213508110,5.560000056,1478.2199705544,0.0,3750.0300294144,110.945127105195,25.3999995936,0.0,147.999998730875,0.0
1213508115,6.3200002632,1477.4599608984,0.0,3750.0300294144,112.403321794907,25.3999995936,0.0,136.999999523995,0.0
1213508120,7.2699999888,1476.510009636,0.0,3750.0300294144,112.026023661541,25.3999995936,0.0,139.999998054098,0.0
1213508124,8.9099998584,1474.869995136,0.0,3750.0300294144,112.851991326916,25.3999995936,0.0,134.000000993893,0.0
1213508129,11.1899995656,1472.5899658632,0.0,3750.0300294144,114.544724116199,25.3999995936,0.0,149.000000539162,0.0
1213508132,15.0399999936,1468.739990124,0.0,3750.0300294144,113.871707797989,25.3999995936,0.0,133.000006080364,0.0
1213508136,16.5599994936,1467.219970812,0.0,3750.0300294144,112.423712586308,25.3999995936,0.0,119.000008343381,0.0
1213508141,21.4099999536,1462.3699950408,0.0,3750.0300294144,108.732337055935,25.3999995936,0.0,135.000002802179,0.0
1213508146,25.7700005808,1458.0100096536,0.0,3750.0300294144,111.087886685397,25.3999995936,0.0,136.000004610466,0.0
1213508150,26.6900006712,1457.089965672,0.0,3750.0300294144,111.281627326433,25.3999995936,0.0,100.999996478495,0.0
1213508155,34.1899987776,1449.5999756736,0.0,3750.0300294144,117.297954959358,25.3999995936,0.0,159.999999746042,0.0
1213508160,37.0400010024,1446.7499999664,0.0,3750.0300294144,113.626977931456,25.3999995936,0.0,177.999997821414,0.0
1213508164,40.7400017304,1443.040038984,0.0,3750.0300294144,111.822083542473,25.3999995936,0.0,149.000000539162,0.0
1213508169,42.8699989944,1440.9100341,0.0,3750.0300294144,113.341458771051,25.3999995936,0.0,144.000005287244,0.0
1213508172,46.0299986688,1437.7499999832,0.0,3750.0300294144,109.23200352451,25.3999995936,0.0,153.99999579108,0.0
1213508178,46.060001352,1437.7299804144,0.0,3750.0300294144,112.933570368252,25.3999995936,0.0,159.000004832513,0.0
1213508183,46.060001352,1437.7299804144,0.0,3750.0300294144,112.953961613246,25.3999995936,0.0,128.999998847217,0.0
1213508186,46.060001352,1437.7299804144,0.0,3750.0300294144,114.034865880663,25.3999995936,0.0,161.000001554329,0.0
1213508191,46.060001352,1437.7299804144,0.0,3750.0300294144,113.871707797989,25.3999995936,0.0,155.999992512896,0.0
1213508195,46.060001352,1437.7299804144,0.0,3750.0300294144,114.034865880663,25.3999995936,0.0,176.000001099598,0.0
1213508200,46.060001352,1437.7299804144,0.0,3750.0300294144,114.034865880663,25.3999995936,0.0,158.000003024226,0.0
1213508209,46.060001352,1437.7299804144,0.0,3750.0300294144,113.983877108759,25.3999995936,0.0,98.9999997566791,0.0
1213508214,46.060001352,1437.7299804144,0.0,3750.0300294144,114.055256672064,25.3999995936,0.0,126.000000317115,0.0
1213508219,46.060001352,1437.7299804144,0.0,3750.0300294144,114.00427561123,25.3999995936,0.0,117.99999274558,0.0
1213508223,45.9900015936,1437.770019552,0.0,3750.0300294144,71.8492033195082,25.3999995936,0.0,127.999997038931,0.0
1213508228,45.9199981776,1437.770019552,0.0,3750.0300294144,71.8288125281073,25.3999995936,0.0,150.000002347448,0.0
1213508232,45.7099992072,1437.770019552,0.0,3750.0300294144,71.9001925450047,25.3999995936,0.0,150.000002347448,0.0
1213508237,45.560001336,1437.770019552,0.0,3750.0300294144,70.6459379743602,25.3999995936,0.0,147.999998730875,0.0
1213508240,45.560001336,1437.770019552,0.0,3750.0300294144,70.7173179912576,25.3999995936,0.0,130.999995569033,0.0
1213508245,45.560001336,1437.770019552,0.0,3750.0300294144,70.6051482268956,25.3999995936,0.0,136.999999523995,0.0
1213508249,45.560001336,1437.770019552,0.0,3750.0300294144,70.8294873020273,25.3999995936,0.0,144.000005287244,0.0
1213508254,45.560001336,1437.770019552,0.0,3750.0300294144,71.0028371516626,25.3999995936,0.0,162.000003362615,0.0
1213508258,45.560001336,1437.770019552,0.0,3750.0300294144,71.0436268991272,25.3999995936,0.0,142.9999965842,0.0
1213508263,45.560001336,1437.770019552,0.0,3750.0300294144,71.2271757732019,25.3999995936,0.0,164.000000084431,0.0
1213508268,45.560001336,1437.770019552,0.0,3750.0300294144,71.1354054184959,25.3999995936,0.0,130.999995569033,0.0
1213508273,45.560001336,1437.770019552,0.0,3750.0300294144,71.1557962098969,25.3999995936,0.0,144.000005287244,0.0
1213508277,45.560001336,1437.770019552,0.0,3750.0300294144,71.3597440400352,25.3999995936,0.0,103.999995008597,0.0
1213508282,45.560001336,1437.770019552,0.0,3750.0300294144,71.0946156710312,25.3999995936,0.0,136.000004610466,0.0
1213508286,45.560001336,1437.770019552,0.0,3750.0300294144,71.1659952343363,25.3999995936,0.0,147.000003817346,0.0
1213508291,45.560001336,1437.770019552,0.0,3750.0300294144,71.0946156710312,25.3999995936,0.0,150.000002347448,0.0
1213508294,45.560001336,1437.770019552,0.0,3750.0300294144,71.1659952343363,25.3999995936,0.0,179.999994543229,0.0
1213508299,45.5299986528,1437.770019552,0.0,3750.0300294144,70.3808096053562,25.3999995936,0.0,162.000003362615,0.0
1213508303,45.36000072,1437.770019552,0.0,3750.0300294144,72.0531511496466,25.3999995936,0.0,136.000004610466,0.0
1213508308,44.4900015456,1437.770019552,0.0,3750.0300294144,72.2366927662434,25.3999995936,0.0,162.999998276144,0.0
1213508312,41.7299994456,1437.770019552,0.0,3750.0300294144,73.1748374534577,25.3999995936,0.0,150.999997260978,0.0
1213508317,37.9399985928,1437.770019552,0.0,3750.0300294144,70.8294873020273,25.3999995936,0.0,170.000004039393,0.0
1213508322,36.709999224,1437.770019552,0.0,3750.0300294144,72.9708896233194,25.3999995936,0.0,162.999998276144,0.0
1213508327,33.6300010152,1437.770019552,0.0,3750.0300294144,71.7472334867704,25.3999995936,0.0,141.999994775913,0.0
1213508331,29.5799999712,1437.770019552,0.0,3750.0300294144,76.2339864130853,25.3999995936,0.0,164.99999499796,0.0
1213508336,24.5100003576,1437.770019552,0.0,3750.0300294144,73.6846956889944,25.3999995936,0.0,150.000002347448,0.0
1213508340,22.4400005352,1437.770019552,0.0,3750.0300294144,73.5317366307601,25.3999995936,0.0,157.000008110697,0.0
1213508345,17.2499999424,1437.770019552,0.0,3750.0300294144,69.7587897701202,25.3999995936,0.0,139.999998054098,0.0
1213508348,11.0500000488,1437.770019552,0.0,3750.0300294144,73.3991765285895,25.3999995936,0.0,136.999999523995,0.0
1213508353,7.0799998608,1437.770019552,0.0,3750.0300294144,71.879793588941,25.3999995936,0.0,151.999999069264,0.0
1213508357,5.6999998776,1437.770019552,0.0,3750.0300294144,71.4515148483336,25.3999995936,0.0,152.999993982794,0.0
1213508362,5.23999968,1437.770019552,0.0,3750.0300294144,69.8403611003868,25.3999995936,0.0,146.00000200906,0.0
1213508366,5.23999968,1437.770019552,0.0,3750.0300294144,70.4725881247249,25.3999995936,0.0,174.000004377782,0.0
1213508371,5.23999968,1437.770019552,0.0,3750.0300294144,70.1360797388236,25.3999995936,0.0,185.000003584662,0.0
1213508376,5.23999968,1437.770019552,0.0,3750.0300294144,70.1972602776892,25.3999995936,0.0,184.000001776376,0.0
1213508381,5.23999968,1437.770019552,0.0,3750.0300294144,70.2890387970578,25.3999995936,0.0,176.000001099598,0.0
1213508390,5.2899999864,1437.770019552,0.0,3750.0300294144,69.4018828817476,25.3999995936,0.0,153.99999579108,0.0
1213508394,5.4199999296,1437.770019552,0.0,3750.0300294144,69.6466204593505,25.3999995936,0.0,152.999993982794,0.0
1213508397,5.5399999944,1437.6800535648,0.0,3750.0300294144,107.488289674393,25.3999995936,0.0,184.000001776376,0.0
1213508402,5.7300001224,1437.4899903432,0.0,3750.0300294144,112.046414906535,25.3999995936,0.0,177.999997821414,0.0
1213508406,7.5799998768,1435.6500243,0.0,3750.0300294144,111.618135712335,25.3999995936,0.0,197.000004599829,0.0
1213508411,9.3500002992,1433.8699950432,0.0,3750.0300294144,110.302701056417,25.3999995936,0.0,183.000006862846,0.0
1213508416,11.3299999968,1431.890014548,0.0,3750.0300294144,110.455659661059,25.3999995936,0.0,189.99999883658,0.0
1213508420,12.8300000448,1430.3900145,0.0,3750.0300294144,113.43322957935,25.3999995936,0.0,197.999999513358,0.0
1213508425,15.960000084,1427.2600098888,0.0,3750.0300294144,113.229289006689,25.3999995936,0.0,173.000002569495,0.0
1213508428,18.8899995072,1424.3299559064,0.0,3750.0300294144,109.568504199341,25.3999995936,0.0,176.999996013127,0.0
1213508435,21.3500003784,1421.8699952688,0.0,3750.0300294144,110.79216804696,25.3999995936,0.0,172.000000761209,0.0
1213508439,23.7600003336,1419.4599608712,0.0,3750.0300294144,111.302026282497,25.3999995936,0.0,185.000003584662,0.0
1213508442,27.469999416,1415.7600098256,0.0,3750.0300294144,109.028055694372,25.3999995936,0.0,174.000004377782,0.0
1213508448,29.9699991912,1413.2500001136,0.0,3750.0300294144,113.514808620687,25.3999995936,0.0,178.9999996297,0.0
1213508453,31.959999072,1411.2700196184,0.0,3750.0300294144,111.556955173469,25.3999995936,0.0,161.000001554329,0.0
1213508456,35.970001212,1407.2499999216,0.0,3750.0300294144,112.719431224745,25.3999995936,0.0,183.000006862846,0.0
1213508460,39.9799996944,1403.2500000984,0.0,3750.0300294144,115.656210941979,25.3999995936,0.0,166.999998614533,0.0
1213508465,41.9700010992,1401.2600096664,0.0,3750.0300294144,112.597062435943,25.3999995936,0.0,155.999992512896,0.0
1213508470,45.2299995576,1397.9899902984,0.0,3750.0300294144,111.862865578867,25.3999995936,0.0,176.999996013127,0.0
1213508475,46.060001352,1397.170043856,0.0,3750.0300294144,111.669124484239,25.3999995936,0.0,201.999999851747,0.0
1213508479,46.060001352,1397.170043856,0.0,3750.0300294144,111.505966401565,25.3999995936,0.0,177.999997821414,0.0
1213508484,46.060001352,1397.170043856,0.0,3750.0300294144,111.353007343331,25.3999995936,0.0,150.999997260978,0.0
1213508489,45.9300001896,1397.170043856,0.0,3750.0300294144,71.3801348314362,25.3999995936,0.0,166.999998614533,0.0
1213508493,45.7200012192,1397.170043856,0.0,3750.0300294144,71.0028371516626,25.3999995936,0.0,179.999994543229,0.0
1213508498,45.689998536,1397.170043856,0.0,3750.0300294144,70.921265821396,25.3999995936,0.0,174.000004377782,0.0
1213508502,45.689998536,1397.170043856,0.0,3750.0300294144,70.8498858044986,25.3999995936,0.0,161.000001554329,0.0
1213508507,45.689998536,1397.170043856,0.0,3750.0300294144,71.2985557900993,25.3999995936,0.0,161.000001554329,0.0
1213508510,45.689998536,1397.170043856,0.0,3750.0300294144,71.2271757732019,25.3999995936,0.0,142.9999965842,0.0
1213508515,45.689998536,1397.170043856,0.0,3750.0300294144,71.1863864793297,25.3999995936,0.0,158.000003024226,0.0
1213508519,45.5400009696,1397.170043856,0.0,3750.0300294144,71.2781649986983,25.3999995936,0.0,114.999994215477,0.0
1213508524,45.4099998072,1397.170043856,0.0,3750.0300294144,70.6459379743602,25.3999995936,0.0,124.999998508828,0.0
1213508529,45.4099998072,1397.170043856,0.0,3750.0300294144,70.6969267462643,25.3999995936,0.0,153.99999579108,0.0
1213508533,45.4099998072,1397.170043856,0.0,3750.0300294144,71.2679655206665,25.3999995936,0.0,164.99999499796,0.0
1213508538,44.7000008208,1397.170043856,0.0,3750.0300294144,70.941656612797,25.3999995936,0.0,128.999998847217,0.0
1213508543,43.8899993928,1397.170043856,0.0,3750.0300294144,71.0538259235666,25.3999995936,0.0,154.999997599367,0.0
1213508547,42.5200005072,1397.170043856,0.0,3750.0300294144,70.2482495031856,25.3999995936,0.0,158.000003024226,0.0
1213508552,42.5200005072,1397.170043856,0.0,3750.0300294144,70.4521896222537,25.3999995936,0.0,155.999992512896,0.0
1213508556,42.5200005072,1397.170043856,0.0,3750.0300294144,70.3604188139553,25.3999995936,0.0,138.000001332282,0.0
1213508561,42.099998604,1397.170043856,0.0,3750.0300294144,71.1659952343363,25.3999995936,0.0,139.999998054098,0.0
1213508564,41.8300018872,1397.170043856,0.0,3750.0300294144,73.083058934089,25.3999995936,0.0,109.999998963559,0.0
1213508569,40.6699983144,1397.170043856,0.0,3750.0300294144,71.2985557900993,25.3999995936,0.0,111.000000771846,0.0
1213508573,39.4799996784,1397.170043856,0.0,3750.0300294144,71.5840749505043,25.3999995936,0.0,126.999995230644,0.0
1213508578,38.9500006368,1397.170043856,0.0,3750.0300294144,70.4215993528209,25.3999995936,0.0,146.00000200906,0.0
1213508583,37.5400010184,1397.170043856,0.0,3750.0300294144,70.9824463602616,25.3999995936,0.0,164.99999499796,0.0
1213508587,37.4599989432,1397.170043856,0.0,3750.0300294144,70.4012081078275,25.3999995936,0.0,150.000002347448,0.0
1213508597,38.2799987256,1397.170043856,0.0,3750.0300294144,67.9946774175315,25.3999995936,0.0,151.999999069264,0.0
1213508601,39.9799996944,1397.170043856,0.0,3750.0300294144,68.5453249469404,25.3999995936,0.0,162.000003362615,0.0
1213508606,42.1599997032,1397.170043856,0.0,3750.0300294144,68.6982840051747,25.3999995936,0.0,171.00000584768,0.0
1213508610,43.4799995016,1397.170043856,0.0,3750.0300294144,67.6377782402291,25.3999995936,0.0,177.999997821414,0.0
1213508615,45.2299995576,1397.170043856,0.0,3750.0300294144,70.1972602776892,25.3999995936,0.0,157.000008110697,0.0
1213508623,45.610000728,1397.170043856,0.0,3750.0300294144,69.3101120734492,25.3999995936,0.0,157.000008110697,0.0
1213508627,45.610000728,1397.170043856,0.0,3750.0300294144,69.1469539907754,25.3999995936,0.0,180.999996351516,0.0
1213508632,45.610000728,1397.170043856,0.0,3750.0300294144,68.6574947113024,25.3999995936,0.0,157.000008110697,0.0
1213508637,45.7900009776,1397.170043856,0.0,3750.0300294144,69.1673524932467,25.3999995936,0.0,146.00000200906,0.0
1213508641,45.8400000648,1397.170043856,0.0,3750.0300294144,69.2591233015451,25.3999995936,0.0,149.000000539162,0.0
1213508651,46.0400009856,1397.170043856,0.0,3750.0300294144,69.5752404424531,25.3999995936,0.0,152.999993982794,0.0
1213508655,46.0400009856,1397.170043856,0.0,3750.0300294144,69.5752404424531,25.3999995936,0.0,140.999999862384,0.0
1213508660,46.0400009856,1397.170043856,0.0,3750.0300294144,69.5140521925172,25.3999995936,0.0,188.000002114765,0.0
1213508664,46.0400009856,1397.170043856,0.0,3750.0300294144,69.5956316874465,25.3999995936,0.0,164.99999499796,0.0
1213508669,46.0400009856,1397.170043856,0.0,3750.0300294144,69.6466204593505,25.3999995936,0.0,152.999993982794,0.0
1213508672,46.0400009856,1397.170043856,0.0,3750.0300294144,69.5752404424531,25.3999995936,0.0,159.000004832513,0.0
1213508677,46.0400009856,1397.170043856,0.0,3750.0300294144,69.6364209813187,25.3999995936,0.0,162.999998276144,0.0
1213508681,46.0400009856,1397.170043856,0.0,3750.0300294144,69.5956316874465,25.3999995936,0.0,171.00000584768,0.0
1213508686,46.0400009856,1397.170043856,0.0,3750.0300294144,69.5344511485809,25.3999995936,0.0,146.00000200906,0.0
1213508691,46.0400009856,1397.170043856,0.0,3750.0300294144,69.5548419399819,25.3999995936,0.0,165.999996806247,0.0
1213508695,46.0400009856,1397.170043856,0.0,3750.0300294144,69.5038608791481,25.3999995936,0.0,174.999999291311,0.0
1213508700,46.0699997064,1397.170043856,0.0,3750.0300294144,69.2591233015451,25.3999995936,0.0,170.000004039393,0.0
1213508705,46.1300011104,1397.170043856,0.0,3750.0300294144,70.7785062411935,25.3999995936,0.0,155.999992512896,0.0
1213508709,46.1300011104,1397.170043856,0.0,3750.0300294144,70.921265821396,25.3999995936,0.0,139.999998054098,0.0
1213508714,46.1300011104,1397.170043856,0.0,3750.0300294144,70.7988970325945,25.3999995936,0.0,144.000005287244,0.0
1213508718,46.1300011104,1397.170043856,0.0,3750.0300294144,70.8906678408929,25.3999995936,0.0,142.9999965842,0.0
1213508723,46.1300011104,1397.170043856,0.0,3750.0300294144,70.8498858044986,25.3999995936,0.0,140.999999862384,0.0
1213508726,46.1300011104,1397.170043856,0.0,3750.0300294144,70.7173179912576,25.3999995936,0.0,134.000000993893,0.0
1213508731,46.1300011104,1397.170043856,0.0,3750.0300294144,70.3094295884588,25.3999995936,0.0,142.9999965842,0.0
1213508735,45.9799995816,1397.170043856,0.0,3750.0300294144,70.2686480056569,25.3999995936,0.0,140.999999862384,0.0
1213508740,45.8300017104,1397.170043856,0.0,3750.0300294144,70.4215993528209,25.3999995936,0.0,138.999996245811,0.0
1213508745,45.74999994,1397.170043856,0.0,3750.0300294144,69.6874020421525,25.3999995936,0.0,127.999997038931,0.0
1213508749,45.74999994,1397.170043856,0.0,3750.0300294144,70.1768694862882,25.3999995936,0.0,150.000002347448,0.0
1213508754,45.74999994,1397.170043856,0.0,3750.0300294144,70.3094295884588,25.3999995936,0.0,158.000003024226,0.0
1213508759,45.74999994,1397.170043856,0.0,3750.0300294144,70.2890387970578,25.3999995936,0.0,154.999997599367,0.0
1213508763,45.74999994,1397.170043856,0.0,3750.0300294144,70.2482495031856,25.3999995936,0.0,141.999994775913,0.0
1213508768,45.74999994,1397.170043856,0.0,3750.0300294144,70.3604188139553,25.3999995936,0.0,165.999996806247,0.0
1213508772,45.74999994,1397.170043856,0.0,3750.0300294144,70.2278582581923,25.3999995936,0.0,164.000000084431,0.0
1213508777,45.7099992072,1397.170043856,0.0,3750.0300294144,72.3692610330767,25.3999995936,0.0,126.999995230644,0.0
1213508780,44.7099991752,1397.170043856,0.0,3750.0300294144,70.4419978552921,25.3999995936,0.0,152.999993982794,0.0
1213508785,42.9599991192,1397.170043856,0.0,3750.0300294144,73.3685785480863,25.3999995936,0.0,145.00000709553,0.0
1213508789,41.4000016296,1397.170043856,0.0,3750.0300294144,68.8206450829059,25.3999995936,0.0,162.000003362615,0.0
1213508794,38.659999896,1397.170043856,0.0,3750.0300294144,71.3393455375639,25.3999995936,0.0,147.999998730875,0.0
1213508799,37.7700003552,1397.170043856,0.0,3750.0300294144,71.4719056397346,25.3999995936,0.0,159.999999746042,0.0
1213508803,34.9999999008,1397.170043856,0.0,3750.0300294144,75.6527481606512,25.3999995936,0.0,164.99999499796,0.0
1213508808,30.020000412,1397.170043856,0.0,3750.0300294144,73.480747858856,25.3999995936,0.0,159.999999746042,0.0
1213508813,26.1000005304,1397.170043856,0.0,3750.0300294144,72.2978810161793,25.3999995936,0.0,134.000000993893,0.0
1213508817,22.8500004264,1397.170043856,0.0,3750.0300294144,68.9532128961468,25.3999995936,0.0,127.999997038931,0.0
1213508822,14.8500004752,1397.170043856,0.0,3750.0300294144,72.165312749346,25.3999995936,0.0,154.999997599367,0.0
1213508831,7.7199996984,1397.170043856,0.0,3750.0300294144,69.4222818378112,25.3999995936,0.0,121.000005065197,0.0
1213508834,5.4099997464,1397.170043856,0.0,3750.0300294144,69.7791805615212,25.3999995936,0.0,164.000000084431,0.0
1213508839,5.23999968,1397.170043856,0.0,3750.0300294144,69.3916915683784,25.3999995936,0.0,197.000004599829,0.0
1213508843,5.23999968,1397.170043856,0.0,3750.0300294144,69.3916915683784,25.3999995936,0.0,180.999996351516,0.0
1213508848,5.23999968,1397.170043856,0.0,3750.0300294144,69.6364209813187,25.3999995936,0.0,199.000001321645,0.0
1213508857,5.3400002928,1397.170043856,0.0,3750.0300294144,68.9226149156437,25.3999995936,0.0,182.00000505456,0.0
1213508862,5.4199999296,1397.170043856,0.0,3750.0300294144,75.3876197916472,25.3999995936,0.0,182.00000505456,0.0
1213508866,5.7499998792,1396.8399658776,0.0,3750.0300294144,109.384954871674,25.3999995936,0.0,167.999993528063,0.0
1213508869,7.3200002952,1395.2700194112,0.0,3750.0300294144,110.996108166028,25.3999995936,0.0,197.000004599829,0.0
1213508876,9.8800002552,1392.7099609296,0.0,3750.0300294144,107.620850230156,25.3999995936,0.0,196.000002791542,0.0
1213508881,12.70999998,1389.8800047912,0.0,3750.0300294144,115.299311764676,25.3999995936,0.0,201.999999851747,0.0
1213508885,15.0399999936,1387.5500489736,0.0,3750.0300294144,111.975034889637,25.3999995936,0.0,202.999994765276,0.0
1213508888,18.079999908,1384.51000974,0.0,3750.0300294144,111.393797090795,25.3999995936,0.0,200.999998043461,0.0
1213508893,19.3099995816,1383.2700196368,0.0,3750.0300294144,108.151099257093,25.3999995936,0.0,188.000002114765,0.0
1213508897,23.9500007664,1378.6400146728,0.0,3750.0300294144,111.526364904036,25.3999995936,0.0,182.00000505456,0.0
1213508902,27.420000024,1375.1700440664,0.0,3750.0300294144,108.864904869176,25.3999995936,0.0,191.999995558396,0.0
1213508906,30.9099999528,1371.6700439544,0.0,3750.0300294144,113.545398890119,25.3999995936,0.0,211.999990355583,0.0
1213508911,33.0900002664,1369.4999999328,0.0,3750.0300294144,108.936284886073,25.3999995936,0.0,188.000002114765,0.0
1213508916,36.709999224,1365.8800049376,0.0,3750.0300294144,111.638534214806,25.3999995936,0.0,221.000006630162,0.0
1213508920,40.4300003184,1362.1600343232,0.0,3750.0300294144,113.810527259123,25.3999995936,0.0,190.99999375011,0.0
1213508925,43.4700011472,1359.1199950896,0.0,3750.0300294144,112.178982719776,25.3999995936,0.0,207.999990017195,0.0
1213508928,45.8899994568,1356.69995106,0.0,3750.0300294144,106.050486229673,25.3999995936,0.0,197.000004599829,0.0
1213508934,46.060001352,1356.5300293272,0.0,3750.0300294144,110.506648886555,25.3999995936,0.0,226.99999679561,0.0
1213508939,46.060001352,1356.5300293272,0.0,3750.0300294144,111.128676432862,25.3999995936,0.0,203.999996573563,0.0
1213508942,46.060001352,1356.5300293272,0.0,3750.0300294144,94.1300011817781,25.3999995936,0.0,189.99999883658,0.0
1213508947,45.7799986608,1356.5400389592,0.0,3750.0300294144,71.6248646979689,25.3999995936,0.0,200.000003129931,0.0
1213508951,45.6500014608,1356.5400389592,0.0,3750.0300294144,70.4725881247249,25.3999995936,0.0,213.000012848142,0.0
1213508956,45.6500014608,1356.5400389592,0.0,3750.0300294144,70.6969267462643,25.3999995936,0.0,188.000002114765,0.0
1213508960,45.6500014608,1356.5400389592,0.0,3750.0300294144,71.0946156710312,25.3999995936,0.0,196.000002791542,0.0
1213508965,45.6199990824,1356.5400389592,0.0,3750.0300294144,71.6044739065679,25.3999995936,0.0,215.000009569958,0.0
1213508970,45.4099998072,1356.5400389592,0.0,3750.0300294144,71.9613726302779,25.3999995936,0.0,202.999994765276,0.0
1213508975,44.9500008288,1356.5400389592,0.0,3750.0300294144,70.921265821396,25.3999995936,0.0,172.000000761209,0.0
1213508979,44.3800010544,1356.5400389592,0.0,3750.0300294144,72.4100503269489,25.3999995936,0.0,199.000001321645,0.0
1213508984,43.2700005312,1356.5400389592,0.0,3750.0300294144,71.7370340087385,25.3999995936,0.0,240.00000651382,0.0
1213508988,41.9399987208,1356.5400389592,0.0,3750.0300294144,71.9715721083097,25.3999995936,0.0,220.000004821876,0.0
